account_id,loan_amount,outstanding_amount,days_past_due,customer_location,income_band,payment_history,contact_attempts,last_channel,last_outcome,assigned_channel,recovery_amount
SFL100000,88113,70212,206,Tier 1,Low,Average,4,Call,Promised,Legal,0
SFL100001,37696,19902,133,Tier 2,Low,Average,1,Legal,Paid,Field,16316
SFL100002,22601,17449,446,Tier 3,Low,Average,2,Call,Refused,Call,0
SFL100003,34867,16766,697,Tier 3,Low,Good,2,Legal,Refused,Legal,0
SFL100004,69935,51102,243,Tier 2,Medium,Average,10,Field,Promised,Field,0
SFL100005,276729,153774,321,Tier 1,High,Poor,5,Call,Refused,Call,0
SFL100006,69809,25920,49,Tier 3,Medium,Poor,3,Legal,Refused,Field,0
SFL100007,67541,45937,35,Tier 2,Medium,Average,8,Field,No Response,Field,0
SFL100008,68957,44600,4,Tier 2,Medium,Good,3,Call,Promised,Field,33125
SFL100009,322816,149402,81,Tier 2,Medium,Average,4,Call,Refused,Field,48452
SFL100010,28254,17234,28,Tier 3,High,Poor,4,Field,Refused,Call,5088
SFL100011,1173268,709658,74,Tier 2,High,Average,3,Call,Refused,Field,251158
SFL100012,421850,294735,487,Tier 2,Medium,Good,1,Field,Paid,Legal,0
SFL100013,30720,28337,3,Tier 1,Low,Poor,1,Field,Refused,Field,0
SFL100014,79102,59126,174,Tier 3,Medium,Good,2,Field,Paid,Field,54576
SFL100015,37759,32309,30,Tier 2,Medium,Average,1,Call,No Response,Field,14709
SFL100016,391833,353543,121,Tier 2,High,Poor,13,Field,Refused,Call,0
SFL100017,71001,40886,248,Tier 1,High,Poor,4,Field,Promised,Call,10799
SFL100018,1160892,565370,704,Tier 1,High,Good,4,Field,Promised,Call,445678
SFL100019,56450,33427,158,Tier 1,Medium,Average,6,Field,Promised,Field,0
SFL100020,53576,49828,112,Tier 3,Low,Average,6,Field,No Response,Legal,0
SFL100021,223786,144421,203,Tier 1,Low,Good,5,Field,Paid,Field,89829
SFL100022,77908,69968,79,Tier 3,Medium,Good,10,Field,Refused,Legal,0
SFL100023,339650,199006,58,Tier 1,Medium,Poor,5,Field,No Response,Call,0
SFL100024,19884,9046,117,Tier 2,Low,Average,5,Call,Promised,Legal,0
SFL100025,58989,46731,118,Tier 2,Low,Poor,18,Legal,No Response,Legal,0
SFL100026,119013,86956,149,Tier 2,Medium,Average,15,Call,No Response,Field,0
SFL100027,14496,11936,243,Tier 2,Low,Average,8,Field,Promised,Field,9233
SFL100028,463350,318654,771,Tier 1,Medium,Poor,9,Field,No Response,Legal,0
SFL100029,111154,71027,143,Tier 2,High,Average,19,Call,Refused,Field,0
SFL100030,57908,40359,650,Tier 1,Medium,Average,18,Call,Promised,Call,0
SFL100031,219845,147819,100,Tier 3,Medium,Poor,5,Call,No Response,Field,0
SFL100032,255228,149331,132,Tier 1,Low,Average,1,Call,No Response,Legal,0
SFL100033,16588,14230,10,Tier 2,Low,Poor,3,Call,No Response,Call,0
SFL100034,614743,572026,16,Tier 2,Low,Good,3,Field,Promised,Call,414866
SFL100035,66371,46082,338,Tier 3,High,Average,5,Call,Promised,Field,0
SFL100036,92113,41920,296,Tier 3,Medium,Poor,4,Field,Refused,Field,7670
SFL100037,59083,50353,299,Tier 3,Medium,Average,7,Field,Paid,Field,0
SFL100038,965644,904834,327,Tier 1,Medium,Average,18,Call,Promised,Call,282831
SFL100039,42471,20943,82,Tier 1,Low,Poor,3,Call,No Response,Call,0
SFL100040,27501,18370,10,Tier 2,Medium,Poor,6,Call,Refused,Call,0
SFL100041,155726,98717,155,Tier 2,Medium,Average,5,Field,Refused,Field,0
SFL100042,71226,58959,252,Tier 2,Medium,Poor,6,Field,No Response,Legal,0
SFL100043,600406,410140,191,Tier 3,High,Average,18,Call,Refused,Field,214306
SFL100044,69666,42227,24,Tier 3,Low,Poor,16,Field,No Response,Call,0
SFL100045,93822,66961,253,Tier 2,Low,Poor,15,Call,Refused,Call,0
SFL100046,44810,25814,22,Tier 3,Medium,Average,8,Call,No Response,Call,15040
SFL100047,71946,38241,171,Tier 2,High,Poor,4,Call,No Response,Call,0
SFL100048,10530,7152,335,Tier 3,Medium,Average,4,Field,No Response,Call,4572
SFL100049,61682,36722,106,Tier 2,Low,Poor,6,Field,No Response,Field,0
SFL100050,17547,10770,771,Tier 3,Low,Poor,5,Field,No Response,Legal,0
SFL100051,54226,24763,263,Tier 2,Medium,Poor,3,Call,Refused,Call,0
SFL100052,278763,168356,318,Tier 3,High,Poor,2,Call,No Response,Legal,0
SFL100053,54936,30001,135,Tier 3,High,Poor,20,Call,No Response,Legal,0
SFL100054,64382,52320,239,Tier 3,Medium,Average,1,Field,Promised,Field,0
SFL100055,83274,34704,314,Tier 2,Medium,Average,1,Field,Refused,Field,0
SFL100056,413781,400976,144,Tier 3,Low,Good,4,Field,Promised,Field,0
SFL100057,312878,199841,179,Tier 3,Low,Poor,5,Field,No Response,Call,0
SFL100058,64511,23043,213,Tier 2,Low,Good,11,Field,Promised,Call,0
SFL100059,17092,9137,251,Tier 3,High,Poor,20,Field,No Response,Call,0
SFL100060,32270,17270,6,Tier 3,High,Good,4,Call,Promised,Field,0
SFL100061,102583,41468,96,Tier 2,Medium,Average,4,Call,No Response,Field,0
SFL100062,35903,34452,257,Tier 3,Low,Good,2,Call,Paid,Field,24066
SFL100063,303705,94925,327,Tier 3,Low,Good,5,Field,Promised,Field,68141
SFL100064,15154,8564,236,Tier 1,Medium,Average,5,Call,Promised,Field,0
SFL100065,167876,157361,324,Tier 3,Medium,Poor,6,Call,No Response,Field,0
SFL100066,14862,7549,15,Tier 3,High,Average,10,Field,Refused,Field,0
SFL100067,243573,171805,295,Tier 3,High,Good,7,Legal,Promised,Call,0
SFL100068,60755,32000,20,Tier 1,Medium,Average,3,Field,Refused,Call,0
SFL100069,142608,99637,276,Tier 2,High,Poor,6,Call,No Response,Legal,0
SFL100070,175667,79364,99,Tier 2,Medium,Average,5,Call,Refused,Field,25304
SFL100071,54326,42490,126,Tier 2,High,Average,10,Field,No Response,Field,14438
SFL100072,206074,69027,321,Tier 2,Low,Good,1,Call,Refused,Field,0
SFL100073,11747,6790,760,Tier 2,Low,Poor,3,Call,Refused,Call,0
SFL100074,10344,9381,46,Tier 2,Low,Good,2,Legal,Promised,Field,5825
SFL100075,38130,11479,286,Tier 1,High,Good,17,Call,Promised,Call,0
SFL100076,14427,7661,72,Tier 2,Low,Poor,10,Call,Refused,Call,0
SFL100077,23072,20614,772,Tier 2,Low,Poor,11,Call,Promised,Legal,0
SFL100078,277714,146398,741,Tier 2,High,Poor,5,Call,No Response,Legal,0
SFL100079,162370,123749,95,Tier 3,High,Good,9,Field,Refused,Field,0
SFL100080,93245,35860,172,Tier 2,Medium,Poor,10,Call,No Response,Field,0
SFL100081,58213,24720,210,Tier 3,Low,Average,3,Call,Promised,Legal,0
SFL100082,685113,512090,662,Tier 3,Medium,Poor,4,Legal,Refused,Legal,0
SFL100083,47504,25993,26,Tier 2,Medium,Average,13,Field,No Response,Call,0
SFL100084,170402,138778,154,Tier 2,Low,Poor,5,Field,No Response,Call,0
SFL100085,338494,246918,710,Tier 2,High,Good,9,Call,No Response,Call,0
SFL100086,287910,143748,97,Tier 2,Low,Good,3,Call,Promised,Field,91098
SFL100087,16344,5457,619,Tier 3,High,Poor,5,Call,No Response,Legal,3125
SFL100088,201212,89368,252,Tier 3,Medium,Average,13,Field,No Response,Field,0
SFL100089,177056,96122,309,Tier 1,High,Poor,4,Legal,No Response,Call,38567
SFL100090,12638,4175,132,Tier 2,Medium,Average,17,Field,Promised,Field,0
SFL100091,232177,143527,477,Tier 2,Medium,Poor,6,Legal,Refused,Field,0
SFL100092,164398,107062,24,Tier 3,Low,Good,8,Call,No Response,Legal,0
SFL100093,19049,12335,174,Tier 1,High,Average,6,Legal,Promised,Call,0
SFL100094,1158635,571940,152,Tier 3,Medium,Average,10,Legal,Refused,Field,0
SFL100095,256595,235833,234,Tier 1,Medium,Average,1,Legal,Promised,Call,101692
SFL100096,147073,44632,110,Tier 1,High,Average,4,Field,Refused,Call,0
SFL100097,64893,27111,555,Tier 3,High,Poor,5,Legal,No Response,Legal,0
SFL100098,176089,148250,345,Tier 1,Low,Average,20,Legal,Refused,Call,64434
SFL100099,19215,11911,123,Tier 1,Low,Average,9,Call,Paid,Call,6572
SFL100100,1087734,887366,255,Tier 1,Low,Good,9,Legal,No Response,Field,0
SFL100101,117924,76897,17,Tier 2,Medium,Average,4,Field,No Response,Field,0
SFL100102,13646,8239,148,Tier 2,Low,Good,2,Call,No Response,Field,6805
SFL100103,845003,271468,107,Tier 3,Medium,Poor,2,Field,Promised,Legal,0
SFL100104,74141,33304,256,Tier 2,Medium,Poor,5,Legal,Refused,Call,0
SFL100105,60204,55826,31,Tier 1,Medium,Poor,4,Call,Refused,Field,33314
SFL100106,70056,55352,66,Tier 3,High,Average,9,Field,No Response,Field,0
SFL100107,99581,94745,314,Tier 2,Low,Average,5,Field,Refused,Field,0
SFL100108,145304,81405,445,Tier 3,Low,Poor,9,Field,Refused,Legal,0
SFL100109,188780,117269,88,Tier 1,Medium,Poor,17,Call,Refused,Call,0
SFL100110,27141,14682,205,Tier 2,Low,Average,1,Call,No Response,Call,5300
SFL100111,203834,129339,865,Tier 2,Medium,Good,4,Legal,Promised,Field,119425
SFL100112,1050675,349354,1,Tier 1,Low,Average,1,Call,Promised,Call,0
SFL100113,225308,70180,74,Tier 1,Low,Average,9,Call,Refused,Call,31484
SFL100114,64267,55788,173,Tier 2,Medium,Poor,18,Field,No Response,Legal,0
SFL100115,394619,179135,178,Tier 3,Medium,Average,13,Call,Refused,Field,0
SFL100116,15042,7529,162,Tier 3,Medium,Poor,1,Call,Promised,Field,0
SFL100117,246116,78720,147,Tier 3,Medium,Poor,5,Call,Promised,Call,0
SFL100118,155886,124018,370,Tier 2,Medium,Good,10,Call,Paid,Legal,0
SFL100119,245095,215363,279,Tier 2,High,Average,3,Call,No Response,Field,106556
SFL100120,115329,62503,170,Tier 1,Low,Average,5,Field,Refused,Legal,0
SFL100121,72080,55202,112,Tier 2,Medium,Average,10,Call,Paid,Field,37383
SFL100122,317023,295400,357,Tier 3,Low,Average,8,Field,No Response,Field,0
SFL100123,285138,187628,319,Tier 2,High,Average,7,Call,No Response,Field,0
SFL100124,284515,269653,80,Tier 1,Medium,Average,6,Call,No Response,Field,242254
SFL100125,229892,133039,108,Tier 3,Medium,Average,1,Call,No Response,Field,36792
SFL100126,1126460,522026,801,Tier 1,Low,Average,3,Field,Promised,Call,0
SFL100127,59304,45754,163,Tier 1,Low,Poor,6,Call,Promised,Call,0
SFL100128,54144,41854,331,Tier 2,Low,Good,6,Field,Promised,Field,32173
SFL100129,531650,357158,687,Tier 2,High,Poor,17,Call,No Response,Call,0
SFL100130,118344,80334,118,Tier 2,Low,Average,3,Field,Refused,Field,0
SFL100131,57119,34027,103,Tier 3,Medium,Average,1,Field,No Response,Field,21481
SFL100132,183498,154073,158,Tier 3,Low,Average,13,Field,Refused,Legal,0
SFL100133,611806,243488,121,Tier 2,Low,Average,4,Call,Refused,Field,0
SFL100134,10162,8965,731,Tier 3,Low,Poor,16,Call,No Response,Call,0
SFL100135,100381,33204,492,Tier 1,Medium,Poor,2,Legal,No Response,Call,0
SFL100136,523566,175236,239,Tier 3,Low,Average,8,Call,No Response,Legal,0
SFL100137,14641,6638,103,Tier 2,Low,Poor,6,Call,No Response,Call,0
SFL100138,154364,141448,453,Tier 1,Low,Poor,5,Field,No Response,Field,0
SFL100139,378128,328248,232,Tier 1,Low,Poor,5,Field,Promised,Legal,92090
SFL100140,35351,30994,319,Tier 3,Medium,Good,1,Call,No Response,Field,0
SFL100141,292807,170939,171,Tier 2,Medium,Average,9,Field,No Response,Call,0
SFL100142,600230,203356,209,Tier 1,Medium,Poor,7,Call,Refused,Call,0
SFL100143,162537,89258,124,Tier 2,Medium,Average,6,Call,No Response,Call,24281
SFL100144,135469,61372,17,Tier 2,High,Good,6,Call,No Response,Field,28290
SFL100145,102616,43115,435,Tier 3,Medium,Average,6,Call,No Response,Field,0
SFL100146,1160144,951137,24,Tier 2,Low,Average,9,Call,No Response,Field,844782
SFL100147,72992,24827,409,Tier 3,Medium,Poor,2,Call,Refused,Legal,0
SFL100148,73191,28367,130,Tier 1,Low,Average,3,Call,Promised,Call,0
SFL100149,30205,18438,220,Tier 2,Low,Poor,14,Call,Paid,Call,0
SFL100150,72396,41334,160,Tier 3,Low,Good,4,Field,No Response,Call,0
SFL100151,14225,6152,58,Tier 3,Low,Poor,2,Field,Promised,Call,1476
SFL100152,386333,274857,172,Tier 2,Low,Average,5,Legal,No Response,Field,0
SFL100153,326493,217061,162,Tier 1,Low,Average,4,Field,Promised,Call,80054
SFL100154,104313,84693,66,Tier 2,High,Poor,9,Call,Promised,Legal,0
SFL100155,237033,98990,2,Tier 2,Low,Average,1,Call,No Response,Field,56267
SFL100156,14753,8119,165,Tier 1,Low,Poor,9,Call,Refused,Field,0
SFL100157,166935,92401,212,Tier 3,High,Average,4,Field,No Response,Call,0
SFL100158,15099,6937,171,Tier 1,Low,Good,4,Field,Refused,Legal,0
SFL100159,45784,25249,60,Tier 1,High,Average,5,Legal,Promised,Call,0
SFL100160,704367,491648,151,Tier 2,Medium,Average,14,Call,No Response,Call,0
SFL100161,16285,5427,152,Tier 2,Low,Poor,3,Call,No Response,Call,0
SFL100162,36048,22189,72,Tier 3,Low,Average,5,Call,Paid,Field,9778
SFL100163,194283,130347,287,Tier 1,Low,Average,12,Call,Refused,Call,0
SFL100164,12796,7469,340,Tier 1,High,Poor,4,Call,No Response,Call,0
SFL100165,348973,287459,467,Tier 2,Low,Average,5,Call,No Response,Legal,0
SFL100166,49888,37723,13,Tier 2,Low,Average,15,Field,No Response,Call,0
SFL100167,243228,116874,172,Tier 3,Low,Average,7,Call,No Response,Field,0
SFL100168,90178,37550,29,Tier 1,Low,Average,10,Call,No Response,Call,0
SFL100169,258375,137106,123,Tier 2,Low,Average,4,Call,Paid,Field,114903
SFL100170,79438,35741,129,Tier 2,Low,Average,2,Call,No Response,Call,0
SFL100171,231488,175597,697,Tier 1,Medium,Poor,8,Legal,Refused,Field,0
SFL100172,88346,65298,283,Tier 2,High,Poor,8,Call,Refused,Call,0
SFL100173,53097,47110,300,Tier 3,Medium,Poor,5,Field,No Response,Field,0
SFL100174,29270,17876,96,Tier 1,Low,Poor,11,Call,Refused,Call,0
SFL100175,829799,328567,113,Tier 3,Low,Good,8,Call,No Response,Call,0
SFL100176,38116,36087,316,Tier 3,High,Poor,7,Call,No Response,Call,10529
SFL100177,162567,55881,296,Tier 2,High,Poor,2,Legal,Refused,Call,0
SFL100178,571450,452492,211,Tier 3,Low,Poor,20,Field,No Response,Call,0
SFL100179,34920,13368,219,Tier 2,Low,Poor,9,Call,Refused,Call,0
SFL100180,17471,14427,231,Tier 3,Low,Average,10,Call,Promised,Field,4001
SFL100181,334053,133597,468,Tier 2,Medium,Poor,7,Field,Refused,Legal,0
SFL100182,17595,6398,182,Tier 1,Low,Average,7,Call,Promised,Legal,0
SFL100183,65749,40792,208,Tier 1,High,Good,10,Call,Promised,Call,34356
SFL100184,487003,303726,16,Tier 2,Low,Poor,6,Field,No Response,Call,0
SFL100185,276787,110604,193,Tier 1,High,Poor,4,Legal,Promised,Call,0
SFL100186,25400,8962,455,Tier 2,Low,Average,4,Call,Paid,Legal,0
SFL100187,234698,210377,832,Tier 2,Low,Average,10,Call,No Response,Legal,0
SFL100188,1188770,589189,411,Tier 2,High,Poor,2,Call,Refused,Legal,0
SFL100189,32146,11965,352,Tier 2,Medium,Poor,7,Call,No Response,Field,0
SFL100190,167906,128199,206,Tier 2,Low,Poor,6,Call,No Response,Field,51441
SFL100191,887180,443831,65,Tier 2,Low,Average,4,Field,No Response,Field,0
SFL100192,1094619,634562,253,Tier 2,Low,Good,8,Call,Promised,Field,0
SFL100193,229739,100323,295,Tier 2,Medium,Average,6,Field,No Response,Call,0
SFL100194,61649,58801,65,Tier 3,High,Average,6,Field,No Response,Call,39859
SFL100195,21389,16951,95,Tier 1,Medium,Average,2,Call,Paid,Legal,0
SFL100196,332190,275465,99,Tier 3,Medium,Poor,5,Legal,No Response,Call,0
SFL100197,998315,654330,182,Tier 2,High,Average,4,Field,Paid,Field,142182
SFL100198,271587,175061,668,Tier 1,Medium,Poor,1,Field,Promised,Field,0
SFL100199,1127389,923770,21,Tier 3,Low,Good,20,Legal,Promised,Field,608027
SFL100200,17753,11687,196,Tier 1,High,Good,7,Call,Promised,Call,6640
SFL100201,62263,54115,747,Tier 1,High,Good,4,Call,Paid,Call,0
SFL100202,499376,203665,69,Tier 3,High,Poor,7,Call,Promised,Field,0
SFL100203,53994,39911,169,Tier 2,Medium,Average,16,Call,Promised,Field,0
SFL100204,33559,13088,151,Tier 2,Medium,Good,13,Call,No Response,Field,0
SFL100205,1012309,324850,582,Tier 2,Medium,Poor,6,Legal,No Response,Call,0
SFL100206,33846,21541,355,Tier 1,Low,Average,18,Call,No Response,Call,0
SFL100207,53816,23600,830,Tier 1,Medium,Good,9,Call,Promised,Legal,0
SFL100208,431619,278897,118,Tier 3,Medium,Average,3,Call,No Response,Field,126495
SFL100209,137040,101813,132,Tier 2,Low,Good,2,Field,Paid,Field,58383
SFL100210,70453,29634,384,Tier 3,High,Poor,1,Field,No Response,Field,0
SFL100211,213686,88118,51,Tier 2,Low,Average,10,Call,Refused,Legal,0
SFL100212,123859,77177,366,Tier 3,Medium,Average,14,Call,No Response,Legal,0
SFL100213,1080551,741259,603,Tier 1,Medium,Average,7,Call,Paid,Field,0
SFL100214,20143,11793,317,Tier 2,High,Average,5,Call,Promised,Field,8183
SFL100215,137436,110091,80,Tier 2,Low,Average,6,Field,Refused,Call,0
SFL100216,27241,12220,278,Tier 2,Medium,Average,1,Field,Refused,Field,6012
SFL100217,196463,139916,365,Tier 1,Low,Average,3,Call,No Response,Legal,0
SFL100218,257503,137200,118,Tier 2,Low,Good,4,Legal,No Response,Legal,0
SFL100219,307139,290940,266,Tier 3,High,Average,10,Call,Promised,Call,227668
SFL100220,16095,9130,133,Tier 2,High,Average,8,Call,Promised,Field,7162
SFL100221,723322,292596,353,Tier 3,Medium,Good,18,Legal,Promised,Field,258108
SFL100222,283604,127282,96,Tier 2,Medium,Average,10,Call,No Response,Field,77223
SFL100223,50159,44011,123,Tier 2,Low,Average,16,Call,Promised,Field,0
SFL100224,16545,12954,45,Tier 3,Medium,Average,1,Legal,No Response,Field,7003
SFL100225,66262,45088,36,Tier 1,High,Good,5,Call,No Response,Call,20099
SFL100226,179312,123096,158,Tier 2,Medium,Poor,9,Call,Promised,Field,0
SFL100227,287218,249525,110,Tier 2,Medium,Average,10,Call,No Response,Field,0
SFL100228,25376,18868,100,Tier 1,High,Average,10,Call,Promised,Call,15469
SFL100229,26213,20818,15,Tier 2,High,Average,5,Legal,No Response,Field,13360
SFL100230,303054,197203,129,Tier 3,Medium,Average,2,Field,Refused,Field,0
SFL100231,70429,44342,182,Tier 2,Medium,Average,5,Field,No Response,Call,28278
SFL100232,217536,106752,557,Tier 1,Low,Poor,5,Call,Promised,Call,0
SFL100233,18194,14176,24,Tier 1,Medium,Poor,5,Field,Refused,Call,0
SFL100234,40811,17209,83,Tier 3,Low,Poor,4,Field,No Response,Legal,0
SFL100235,238636,221279,70,Tier 2,Low,Average,6,Call,Paid,Field,81909
SFL100236,959304,791357,219,Tier 1,Medium,Poor,6,Call,No Response,Call,0
SFL100237,46592,38594,229,Tier 2,Low,Poor,6,Field,Promised,Call,0
SFL100238,219350,193320,160,Tier 2,High,Average,13,Field,Promised,Call,169544
SFL100239,549093,357529,160,Tier 2,Low,Average,13,Call,No Response,Field,0
SFL100240,1039881,653294,165,Tier 2,Low,Poor,6,Field,No Response,Field,0
SFL100241,1182832,916282,315,Tier 3,Low,Average,4,Call,No Response,Field,0
SFL100242,59099,39830,327,Tier 3,Medium,Good,6,Call,Refused,Field,10259
SFL100243,690425,597944,290,Tier 2,Low,Poor,5,Call,Refused,Legal,0
SFL100244,233252,71002,647,Tier 2,Medium,Average,1,Call,Refused,Legal,0
SFL100245,47387,26909,76,Tier 3,Medium,Average,9,Call,Paid,Field,11936
SFL100246,786755,726383,347,Tier 2,Low,Average,6,Call,Paid,Call,0
SFL100247,339624,122385,140,Tier 2,Medium,Average,4,Field,No Response,Field,58344
SFL100248,349857,162678,47,Tier 2,Low,Average,2,Call,Refused,Field,0
SFL100249,594832,258032,39,Tier 2,Low,Poor,4,Call,No Response,Field,96301
SFL100250,328245,235495,179,Tier 3,Medium,Average,5,Call,Refused,Field,0
SFL100251,263859,231950,601,Tier 2,Medium,Poor,2,Legal,No Response,Call,0
SFL100252,42108,23731,134,Tier 2,High,Poor,17,Field,Paid,Field,4173
SFL100253,1038843,407190,156,Tier 2,Medium,Average,3,Field,No Response,Call,277692
SFL100254,491823,289262,173,Tier 2,High,Good,16,Call,Promised,Field,0
SFL100255,1124206,543490,25,Tier 3,Medium,Average,8,Call,No Response,Field,338756
SFL100256,271063,114731,61,Tier 1,Medium,Good,8,Call,Refused,Legal,0
SFL100257,245339,216080,283,Tier 3,Medium,Average,3,Call,Refused,Call,0
SFL100258,391159,263508,170,Tier 2,Low,Poor,10,Call,No Response,Call,0
SFL100259,337489,126837,179,Tier 2,Low,Average,4,Field,Refused,Field,19924
SFL100260,33785,12066,155,Tier 2,Medium,Poor,13,Call,Refused,Call,0
SFL100261,308968,152470,231,Tier 1,Medium,Poor,3,Field,No Response,Call,0
SFL100262,67813,45212,70,Tier 1,Low,Good,16,Call,Promised,Call,0
SFL100263,168019,159184,189,Tier 2,High,Poor,6,Call,Refused,Call,0
SFL100264,23700,16829,170,Tier 2,High,Poor,5,Legal,No Response,Call,0
SFL100265,335960,211647,662,Tier 1,Low,Poor,20,Call,No Response,Field,42455
SFL100266,61786,21344,62,Tier 2,Low,Average,16,Legal,No Response,Field,6297
SFL100267,40187,36075,788,Tier 1,Medium,Average,7,Call,Refused,Call,0
SFL100268,705628,676715,64,Tier 1,Medium,Average,6,Call,Promised,Call,0
SFL100269,29812,12439,94,Tier 1,Medium,Average,5,Call,No Response,Call,0
SFL100270,144583,63252,59,Tier 2,Low,Poor,1,Field,Refused,Call,0
SFL100271,185020,95283,316,Tier 2,Low,Good,4,Call,Paid,Field,55801
SFL100272,68474,36083,847,Tier 1,Low,Good,4,Call,Paid,Field,34690
SFL100273,144099,52200,179,Tier 2,Medium,Average,4,Call,Promised,Call,0
SFL100274,41949,13435,837,Tier 2,Low,Average,4,Field,No Response,Field,0
SFL100275,158373,150851,233,Tier 2,Medium,Average,20,Call,No Response,Field,77183
SFL100276,36594,12685,166,Tier 2,Low,Poor,7,Call,No Response,Field,0
SFL100277,67502,34569,257,Tier 3,High,Average,13,Call,Refused,Call,0
SFL100278,465028,407846,290,Tier 3,Low,Average,1,Call,Refused,Field,0
SFL100279,67195,50325,30,Tier 3,Medium,Poor,17,Legal,No Response,Legal,0
SFL100280,297364,199196,135,Tier 1,Medium,Poor,17,Call,Paid,Call,0
SFL100281,48028,29904,108,Tier 1,High,Good,7,Call,Paid,Call,21963
SFL100282,321013,219752,56,Tier 2,Medium,Average,7,Call,No Response,Field,0
SFL100283,41769,14840,244,Tier 1,Low,Poor,4,Call,Refused,Call,0
SFL100284,92349,48918,219,Tier 2,Low,Poor,8,Field,Promised,Call,0
SFL100285,40409,22918,239,Tier 2,Low,Average,4,Call,No Response,Call,0
SFL100286,65328,38498,124,Tier 1,Medium,Average,8,Call,No Response,Legal,0
SFL100287,10555,9048,314,Tier 2,Medium,Average,11,Field,Refused,Field,0
SFL100288,66127,46629,554,Tier 2,Low,Average,10,Field,No Response,Field,0
SFL100289,14088,7840,123,Tier 2,High,Average,1,Field,Promised,Legal,0
SFL100290,14778,5131,46,Tier 2,High,Poor,9,Call,Refused,Call,0
SFL100291,1168872,986791,758,Tier 3,Medium,Average,2,Legal,No Response,Legal,0
SFL100292,65127,39595,172,Tier 3,Medium,Average,2,Field,No Response,Field,27868
SFL100293,331499,185797,172,Tier 3,Medium,Poor,7,Call,Promised,Field,0
SFL100294,153095,121941,99,Tier 1,High,Average,1,Call,Promised,Call,74839
SFL100295,461497,173754,236,Tier 2,High,Poor,12,Call,Promised,Field,0
SFL100296,165937,87082,286,Tier 2,Medium,Poor,4,Call,Refused,Call,49033
SFL100297,223758,129527,80,Tier 2,Medium,Average,1,Call,Refused,Field,13249
SFL100298,17700,17010,69,Tier 3,Medium,Average,4,Call,Refused,Field,3484
SFL100299,50423,42328,418,Tier 1,Medium,Average,8,Call,Promised,Call,0
SFL100300,16426,7537,14,Tier 2,Low,Average,6,Call,No Response,Legal,0
SFL100301,55364,37703,104,Tier 3,Low,Average,20,Field,Paid,Call,0
SFL100302,317622,154696,121,Tier 1,High,Poor,3,Call,Refused,Call,0
SFL100303,126380,76224,781,Tier 1,Low,Poor,1,Call,No Response,Legal,0
SFL100304,56080,32055,340,Tier 1,Medium,Average,5,Call,Refused,Call,0
SFL100305,117446,84057,737,Tier 1,Low,Average,8,Call,No Response,Legal,0
SFL100306,325869,258755,179,Tier 3,Medium,Average,4,Call,Refused,Field,0
SFL100307,656462,395732,81,Tier 3,Low,Average,1,Call,Promised,Field,342891
SFL100308,37298,35419,106,Tier 3,Low,Average,9,Field,No Response,Field,0
SFL100309,308443,187183,38,Tier 2,Low,Poor,18,Field,Promised,Call,0
SFL100310,56406,43106,80,Tier 3,Medium,Average,8,Field,Refused,Field,0
SFL100311,909566,456643,834,Tier 1,High,Average,18,Legal,No Response,Field,0
SFL100312,705137,537123,95,Tier 2,High,Average,7,Field,Promised,Call,309860
SFL100313,54011,50857,305,Tier 2,Low,Poor,4,Call,No Response,Call,0
SFL100314,188087,148149,77,Tier 3,High,Poor,2,Call,Refused,Legal,85933
SFL100315,121373,36950,124,Tier 3,Medium,Good,5,Field,Promised,Call,0
SFL100316,61853,18657,49,Tier 2,Low,Good,3,Call,Refused,Field,0
SFL100317,303626,267735,150,Tier 3,Low,Average,4,Field,Promised,Field,172789
SFL100318,401082,198216,311,Tier 1,Low,Poor,5,Field,No Response,Call,0
SFL100319,18975,12280,713,Tier 1,Low,Average,6,Call,Refused,Call,0
SFL100320,63545,37879,20,Tier 3,Low,Poor,1,Call,Promised,Field,0
SFL100321,60770,37948,207,Tier 2,Low,Good,7,Field,No Response,Call,0
SFL100322,33038,10559,125,Tier 3,Medium,Average,7,Field,No Response,Legal,0
SFL100323,77270,73584,117,Tier 2,Medium,Poor,1,Call,Promised,Legal,11417
SFL100324,59956,32498,95,Tier 2,Medium,Poor,5,Legal,No Response,Legal,0
SFL100325,1062121,580115,152,Tier 2,Medium,Good,2,Legal,Promised,Legal,533157
SFL100326,221024,179566,165,Tier 2,High,Poor,3,Call,No Response,Field,26899
SFL100327,14471,9171,41,Tier 2,Low,Good,5,Call,Promised,Field,7064
SFL100328,60067,19292,105,Tier 2,Medium,Good,6,Call,No Response,Field,12974
SFL100329,321321,198853,154,Tier 2,Low,Poor,7,Call,No Response,Field,0
SFL100330,253917,140920,14,Tier 1,Low,Average,1,Call,No Response,Call,0
SFL100331,43735,39534,387,Tier 2,Low,Average,4,Field,No Response,Legal,0
SFL100332,561560,355444,99,Tier 1,High,Average,1,Call,Paid,Call,269056
SFL100333,233255,148842,57,Tier 2,Medium,Average,19,Call,Promised,Field,127411
SFL100334,302397,280082,97,Tier 1,Low,Poor,16,Legal,No Response,Field,0
SFL100335,20524,9684,45,Tier 1,Medium,Average,10,Call,Promised,Call,7384
SFL100336,167267,122385,421,Tier 1,Medium,Poor,17,Field,Promised,Legal,0
SFL100337,897313,668521,873,Tier 1,Low,Poor,14,Call,Promised,Legal,0
SFL100338,66551,46250,137,Tier 2,Medium,Poor,16,Call,Refused,Field,0
SFL100339,103665,79071,120,Tier 3,Low,Poor,6,Legal,No Response,Legal,0
SFL100340,63916,51578,689,Tier 3,Low,Good,17,Call,Promised,Field,32519
SFL100341,37582,26436,296,Tier 2,Low,Average,3,Call,No Response,Field,18492
SFL100342,143207,124227,854,Tier 1,Low,Average,5,Call,Refused,Legal,0
SFL100343,935662,686366,101,Tier 3,Low,Average,12,Call,No Response,Field,0
SFL100344,312874,267277,37,Tier 3,Medium,Average,17,Field,Refused,Field,0
SFL100345,36773,30557,826,Tier 2,Medium,Average,16,Call,Promised,Legal,0
SFL100346,113303,41224,847,Tier 3,High,Poor,6,Field,No Response,Legal,0
SFL100347,936742,306833,869,Tier 3,Low,Average,3,Call,Promised,Field,0
SFL100348,67470,32140,123,Tier 1,Medium,Average,1,Call,Promised,Call,16938
SFL100349,68666,63257,135,Tier 1,Medium,Good,2,Call,Promised,Call,50153
SFL100350,77164,50344,199,Tier 2,High,Good,6,Legal,Paid,Field,36757
SFL100351,326583,197327,702,Tier 2,High,Average,14,Field,Promised,Call,0
SFL100352,26722,11204,386,Tier 1,Medium,Average,4,Call,Refused,Legal,0
SFL100353,53615,19537,821,Tier 2,Medium,Average,8,Call,No Response,Field,0
SFL100354,902892,651712,17,Tier 3,Low,Poor,5,Call,No Response,Legal,0
SFL100355,291542,105919,76,Tier 1,Medium,Good,13,Call,Promised,Field,91307
SFL100356,310903,223214,9,Tier 3,Low,Poor,6,Call,No Response,Call,0
SFL100357,330183,166041,356,Tier 1,Low,Average,1,Field,No Response,Call,0
SFL100358,175095,62628,25,Tier 1,Low,Poor,7,Call,No Response,Field,6509
SFL100359,301382,288198,28,Tier 2,Medium,Poor,5,Call,No Response,Call,0
SFL100360,41020,15520,20,Tier 2,Low,Average,20,Call,No Response,Field,6291
SFL100361,293556,251919,300,Tier 2,Medium,Poor,8,Call,No Response,Legal,0
SFL100362,13083,12684,86,Tier 3,Medium,Poor,5,Call,No Response,Legal,0
SFL100363,215243,193833,334,Tier 3,Medium,Average,1,Call,No Response,Legal,0
SFL100364,38935,31557,102,Tier 1,High,Average,4,Call,Paid,Call,14278
SFL100365,154488,124308,119,Tier 2,Medium,Poor,3,Call,Refused,Legal,0
SFL100366,74352,60782,519,Tier 1,Medium,Poor,6,Field,No Response,Legal,0
SFL100367,358287,306010,168,Tier 1,Medium,Poor,9,Legal,Promised,Call,0
SFL100368,141064,91510,117,Tier 2,Medium,Good,14,Call,Promised,Field,0
SFL100369,622375,448162,96,Tier 2,Low,Average,6,Field,Refused,Call,0
SFL100370,130170,67644,42,Tier 2,Low,Good,4,Call,Promised,Call,42741
SFL100371,296996,287392,89,Tier 1,Medium,Good,6,Call,Paid,Field,160762
SFL100372,465696,177421,48,Tier 2,Low,Average,4,Legal,Promised,Field,127346
SFL100373,45883,24483,303,Tier 3,Medium,Average,6,Call,No Response,Field,0
SFL100374,62416,44852,139,Tier 1,Medium,Average,7,Call,No Response,Field,0
SFL100375,46657,16659,64,Tier 2,High,Good,7,Call,No Response,Call,0
SFL100376,285658,198406,85,Tier 1,Medium,Average,1,Call,Promised,Call,96245
SFL100377,50270,47452,31,Tier 1,High,Average,8,Field,No Response,Call,11504
SFL100378,288426,99177,171,Tier 3,Medium,Average,8,Call,Refused,Field,0
SFL100379,45418,43608,26,Tier 3,High,Poor,11,Call,No Response,Field,0
SFL100380,51432,22761,191,Tier 2,Low,Average,1,Call,Refused,Legal,0
SFL100381,1092134,658908,131,Tier 2,Low,Poor,11,Field,No Response,Legal,0
SFL100382,117546,97269,396,Tier 3,Medium,Good,2,Field,No Response,Legal,0
SFL100383,816174,249972,31,Tier 3,Medium,Poor,1,Call,Refused,Field,148016
SFL100384,133168,117567,223,Tier 2,Medium,Average,1,Legal,Refused,Field,61586
SFL100385,73557,56220,18,Tier 2,Medium,Poor,2,Call,No Response,Call,25896
SFL100386,70187,40810,90,Tier 3,High,Poor,12,Call,No Response,Call,0
SFL100387,38308,32232,81,Tier 2,High,Poor,8,Field,Refused,Field,0
SFL100388,13977,12778,13,Tier 3,Low,Average,7,Call,Promised,Field,0
SFL100389,49293,40795,278,Tier 3,Medium,Average,4,Call,Paid,Call,0
SFL100390,47566,18285,287,Tier 2,Low,Poor,4,Legal,Refused,Call,0
SFL100391,152285,93591,127,Tier 2,Low,Average,3,Call,Refused,Call,0
SFL100392,320054,224627,324,Tier 2,Low,Average,8,Field,No Response,Field,0
SFL100393,248810,209217,141,Tier 1,Low,Good,20,Call,Refused,Call,0
SFL100394,27170,21237,84,Tier 1,Low,Good,4,Call,Promised,Call,12438
SFL100395,302394,268683,37,Tier 2,Low,Average,7,Field,Promised,Field,172124
SFL100396,18287,15919,233,Tier 3,Medium,Good,6,Call,No Response,Field,13834
SFL100397,285212,207501,67,Tier 1,High,Average,2,Field,Promised,Call,84356
SFL100398,195680,135265,169,Tier 2,Low,Average,5,Call,Paid,Call,0
SFL100399,115978,95860,8,Tier 1,Low,Average,9,Legal,Refused,Field,0
SFL100400,358949,292885,283,Tier 3,Low,Poor,8,Call,No Response,Field,0
SFL100401,316908,167404,50,Tier 2,Medium,Average,4,Field,Promised,Field,121676
SFL100402,232097,120336,522,Tier 3,Medium,Poor,3,Call,No Response,Legal,0
SFL100403,311735,226984,10,Tier 2,Medium,Average,5,Field,Paid,Field,72698
SFL100404,780820,438852,287,Tier 2,High,Average,1,Call,Promised,Field,0
SFL100405,180751,55127,98,Tier 3,High,Average,7,Legal,Promised,Field,42801
SFL100406,785215,366633,758,Tier 1,Medium,Average,15,Call,No Response,Legal,0
SFL100407,867460,499272,274,Tier 2,Medium,Average,1,Call,No Response,Call,0
SFL100408,22740,12866,104,Tier 3,Medium,Good,3,Field,No Response,Field,3478
SFL100409,45039,35886,34,Tier 2,Low,Good,8,Field,No Response,Field,0
SFL100410,30206,18047,571,Tier 2,Low,Good,16,Field,Paid,Field,0
SFL100411,162581,53569,262,Tier 3,Low,Average,4,Call,No Response,Field,18967
SFL100412,220992,162531,98,Tier 2,High,Good,15,Field,Refused,Field,0
SFL100413,249089,103988,25,Tier 1,High,Average,8,Legal,Promised,Call,43279
SFL100414,202689,144972,38,Tier 2,Medium,Average,3,Call,No Response,Field,0
SFL100415,63261,31204,44,Tier 1,High,Poor,20,Call,Promised,Call,10791
SFL100416,404639,293374,203,Tier 3,High,Average,1,Call,No Response,Call,0
SFL100417,561185,270574,100,Tier 2,Medium,Average,10,Call,Paid,Call,0
SFL100418,167118,78944,252,Tier 2,Low,Poor,1,Call,Refused,Call,0
SFL100419,1128247,620544,172,Tier 1,High,Average,17,Field,No Response,Call,0
SFL100420,268033,205481,144,Tier 3,Low,Poor,8,Legal,Promised,Call,0
SFL100421,159635,49210,172,Tier 2,High,Average,5,Call,Refused,Call,15049
SFL100422,1112999,982233,163,Tier 1,Medium,Poor,1,Field,No Response,Call,0
SFL100423,21560,11880,115,Tier 1,Medium,Average,4,Legal,Promised,Field,0
SFL100424,524196,185289,105,Tier 2,Medium,Poor,7,Call,No Response,Legal,0
SFL100425,78808,43478,304,Tier 2,Low,Poor,8,Call,Promised,Call,0
SFL100426,39944,35281,490,Tier 1,Medium,Poor,5,Call,Refused,Field,9882
SFL100427,62924,49898,119,Tier 2,Low,Average,6,Call,Promised,Field,0
SFL100428,879150,282444,80,Tier 2,Low,Poor,8,Field,Promised,Call,0
SFL100429,70880,36769,236,Tier 3,Medium,Poor,10,Call,Promised,Field,0
SFL100430,32493,17956,347,Tier 1,Low,Good,8,Call,Promised,Call,0
SFL100431,48670,32066,261,Tier 3,Low,Poor,3,Field,No Response,Field,0
SFL100432,54563,33031,350,Tier 2,High,Good,6,Field,Promised,Call,0
SFL100433,58015,53726,225,Tier 2,High,Poor,4,Call,No Response,Call,24895
SFL100434,70493,30362,140,Tier 3,High,Good,10,Call,Promised,Call,18151
SFL100435,264911,208324,750,Tier 2,High,Poor,13,Call,No Response,Legal,0
SFL100436,57353,32730,120,Tier 2,Low,Poor,18,Field,No Response,Field,0
SFL100437,15415,5885,237,Tier 3,Medium,Poor,6,Field,No Response,Field,775
SFL100438,1183854,781500,179,Tier 2,High,Average,14,Legal,Promised,Call,0
SFL100439,479023,156270,221,Tier 3,Low,Poor,3,Legal,No Response,Call,89527
SFL100440,657649,487736,163,Tier 3,Low,Average,6,Call,Promised,Legal,0
SFL100441,33531,16291,144,Tier 2,Low,Average,6,Call,No Response,Field,7502
SFL100442,343136,242018,109,Tier 3,Low,Average,4,Call,Refused,Call,0
SFL100443,16419,9075,103,Tier 3,Medium,Poor,20,Call,No Response,Legal,0
SFL100444,758487,319361,176,Tier 1,Low,Average,6,Field,Paid,Field,0
SFL100445,205607,155111,814,Tier 3,Medium,Average,8,Call,Promised,Field,57085
SFL100446,47703,16146,375,Tier 2,Medium,Poor,2,Call,Refused,Legal,0
SFL100447,255912,118649,355,Tier 3,Medium,Poor,4,Call,No Response,Call,0
SFL100448,73552,27646,159,Tier 2,Low,Poor,15,Legal,No Response,Legal,0
SFL100449,861985,291802,148,Tier 1,High,Average,4,Call,No Response,Call,157920
SFL100450,53033,24798,137,Tier 1,High,Good,2,Field,Paid,Field,15931
SFL100451,37594,30016,568,Tier 3,High,Good,6,Field,Refused,Field,0
SFL100452,17069,14186,308,Tier 1,Medium,Average,6,Call,Paid,Call,0
SFL100453,172969,80801,359,Tier 2,Medium,Poor,14,Field,No Response,Call,0
SFL100454,74906,32117,57,Tier 1,Low,Average,4,Call,No Response,Call,14597
SFL100455,1096152,635888,11,Tier 2,Low,Average,2,Legal,Promised,Field,133259
SFL100456,143319,74800,81,Tier 1,Medium,Good,7,Legal,No Response,Call,0
SFL100457,428517,398957,128,Tier 1,Low,Average,5,Field,Refused,Call,0
SFL100458,878346,728933,125,Tier 3,Low,Poor,10,Field,Refused,Call,0
SFL100459,61076,34292,47,Tier 1,Medium,Poor,15,Call,No Response,Call,0
SFL100460,228010,74375,641,Tier 1,High,Poor,7,Field,Refused,Legal,0
SFL100461,626865,491333,697,Tier 2,Low,Average,15,Call,Refused,Call,0
SFL100462,52849,24967,321,Tier 1,Low,Average,10,Call,Promised,Call,0
SFL100463,167333,71374,16,Tier 1,Low,Average,3,Call,Refused,Legal,25937
SFL100464,81181,57168,208,Tier 2,Low,Average,1,Legal,Refused,Field,0
SFL100465,56363,20117,162,Tier 2,Low,Average,11,Call,Promised,Field,0
SFL100466,69779,31421,217,Tier 1,High,Average,13,Call,Refused,Call,8385
SFL100467,70601,64693,167,Tier 2,Low,Average,9,Call,Paid,Field,0
SFL100468,1095860,915172,109,Tier 2,Medium,Poor,4,Field,Promised,Call,442731
SFL100469,42388,24753,56,Tier 3,High,Average,5,Call,Paid,Call,19008
SFL100470,15718,7192,850,Tier 3,Low,Average,13,Call,Refused,Field,0
SFL100471,136466,128902,138,Tier 3,Medium,Good,4,Call,Paid,Field,76208
SFL100472,232029,142703,146,Tier 1,High,Good,6,Call,Refused,Call,0
SFL100473,47490,30216,643,Tier 2,High,Good,5,Field,Refused,Field,0
SFL100474,287390,245506,33,Tier 1,Low,Average,2,Call,Promised,Call,0
SFL100475,23220,16898,201,Tier 3,Low,Average,15,Call,Promised,Field,0
SFL100476,54216,19802,205,Tier 1,Medium,Average,3,Call,Refused,Call,0
SFL100477,1196700,905397,893,Tier 2,Medium,Poor,4,Field,No Response,Field,0
SFL100478,50002,35332,307,Tier 1,High,Average,5,Legal,Promised,Call,9273
SFL100479,60589,36880,508,Tier 3,Medium,Average,20,Call,Promised,Call,0
SFL100480,212798,188936,344,Tier 1,High,Good,10,Field,Paid,Field,138725
SFL100481,318717,118916,76,Tier 2,Low,Poor,4,Call,Promised,Call,0
SFL100482,12052,11592,805,Tier 1,Low,Good,9,Call,Paid,Legal,0
SFL100483,295056,192259,87,Tier 3,Low,Poor,4,Call,Refused,Legal,0
SFL100484,948021,531577,230,Tier 2,Low,Poor,3,Call,Promised,Legal,0
SFL100485,776128,369497,212,Tier 2,Low,Poor,5,Call,Refused,Legal,0
SFL100486,63331,34436,308,Tier 2,Medium,Average,19,Call,Refused,Field,0
SFL100487,160280,106370,356,Tier 3,High,Poor,7,Field,No Response,Call,0
SFL100488,454546,329301,661,Tier 1,Medium,Average,4,Field,No Response,Field,0
SFL100489,71578,39440,126,Tier 3,High,Poor,1,Field,Refused,Call,0
SFL100490,21168,19954,280,Tier 2,Low,Poor,4,Call,Promised,Call,0
SFL100491,17757,12839,527,Tier 1,Low,Average,8,Call,Refused,Call,0
SFL100492,1015283,734157,120,Tier 2,Low,Poor,2,Call,Paid,Legal,0
SFL100493,70764,49482,39,Tier 2,Low,Poor,4,Call,No Response,Call,0
SFL100494,1014328,921580,375,Tier 2,Medium,Poor,18,Field,Paid,Call,0
SFL100495,87079,56345,482,Tier 1,Low,Good,4,Legal,Promised,Call,0
SFL100496,343780,321108,652,Tier 1,Medium,Average,17,Call,No Response,Field,0
SFL100497,47168,25303,536,Tier 3,Low,Average,3,Call,Promised,Field,16697
SFL100498,61086,31196,50,Tier 2,Low,Average,1,Call,No Response,Legal,0
SFL100499,296119,224170,14,Tier 2,Low,Average,10,Field,Promised,Field,167750
SFL100500,77437,70530,141,Tier 1,Medium,Poor,6,Call,Promised,Field,0
SFL100501,29558,22660,747,Tier 1,Low,Poor,4,Call,Refused,Field,0
SFL100502,55104,48578,414,Tier 1,Low,Average,8,Call,Promised,Legal,0
SFL100503,783371,569296,315,Tier 2,High,Average,5,Call,Paid,Legal,0
SFL100504,182947,140069,234,Tier 2,Low,Average,9,Field,Refused,Field,78207
SFL100505,39650,34950,141,Tier 1,Low,Poor,18,Field,No Response,Legal,0
SFL100506,53377,34999,105,Tier 1,Low,Average,4,Call,Promised,Legal,11641
SFL100507,28083,18389,207,Tier 3,Low,Good,1,Call,Paid,Field,10126
SFL100508,215650,136240,268,Tier 2,Low,Average,15,Field,Promised,Call,0
SFL100509,81677,60951,635,Tier 1,Medium,Good,18,Call,Paid,Legal,0
SFL100510,24961,16273,108,Tier 3,Medium,Poor,5,Call,No Response,Field,0
SFL100511,328942,123534,516,Tier 3,Medium,Good,8,Legal,Promised,Field,0
SFL100512,218616,194062,147,Tier 2,High,Average,2,Call,Promised,Call,170330
SFL100513,226210,84564,217,Tier 2,Low,Average,1,Call,No Response,Field,0
SFL100514,42005,21208,52,Tier 2,Low,Poor,8,Call,Refused,Call,0
SFL100515,12106,7470,176,Tier 3,Low,Average,9,Field,Promised,Field,2204
SFL100516,232844,117434,170,Tier 3,Medium,Good,19,Field,Promised,Field,82806
SFL100517,46628,14814,215,Tier 2,Low,Poor,3,Field,No Response,Field,0
SFL100518,438772,147710,265,Tier 2,Medium,Poor,6,Call,Refused,Call,0
SFL100519,156147,78323,76,Tier 1,Medium,Good,4,Field,Promised,Call,55005
SFL100520,596340,515210,814,Tier 2,Medium,Poor,4,Field,Promised,Call,203189
SFL100521,28034,15758,298,Tier 1,Low,Good,9,Legal,Promised,Call,0
SFL100522,840637,749196,91,Tier 3,Low,Poor,7,Call,Refused,Call,0
SFL100523,220931,182472,140,Tier 2,Medium,Average,9,Field,No Response,Field,40265
SFL100524,196480,71653,301,Tier 3,High,Poor,8,Call,Promised,Field,37503
SFL100525,60027,33063,83,Tier 2,Low,Poor,4,Field,Promised,Field,0
SFL100526,175819,62879,1,Tier 1,Low,Poor,3,Field,Refused,Field,0
SFL100527,948077,810109,338,Tier 2,Medium,Poor,4,Call,No Response,Field,0
SFL100528,71644,35409,27,Tier 3,High,Good,9,Call,Refused,Legal,0
SFL100529,91922,48396,42,Tier 3,Low,Poor,10,Call,No Response,Field,0
SFL100530,14637,13707,855,Tier 1,Low,Good,4,Field,Refused,Legal,0
SFL100531,61237,51660,138,Tier 1,Medium,Poor,2,Call,Refused,Legal,0
SFL100532,38608,35330,44,Tier 3,High,Poor,7,Call,Promised,Call,9710
SFL100533,203055,196703,302,Tier 1,High,Average,6,Call,Promised,Call,0
SFL100534,68522,32839,154,Tier 2,High,Average,4,Field,Promised,Field,0
SFL100535,74088,33897,148,Tier 1,Low,Average,4,Call,Promised,Call,15780
SFL100536,102400,76029,709,Tier 3,High,Average,10,Legal,No Response,Legal,0
SFL100537,74939,69577,163,Tier 3,Medium,Poor,7,Legal,Promised,Call,0
SFL100538,35860,11686,348,Tier 3,Medium,Good,15,Call,Paid,Field,7939
SFL100539,189213,108565,686,Tier 2,Low,Poor,8,Call,No Response,Legal,0
SFL100540,54855,35080,15,Tier 3,Low,Average,5,Call,No Response,Field,12026
SFL100541,293088,101946,126,Tier 3,Low,Average,10,Call,Paid,Legal,63852
SFL100542,885609,690389,717,Tier 2,Medium,Poor,12,Legal,No Response,Field,0
SFL100543,138566,120260,335,Tier 2,Low,Average,5,Field,Promised,Field,0
SFL100544,25797,15431,200,Tier 1,Low,Average,10,Field,Promised,Call,0
SFL100545,48322,36056,46,Tier 2,Medium,Good,13,Call,Paid,Field,34796
SFL100546,141269,124675,535,Tier 1,High,Poor,8,Call,No Response,Legal,0
SFL100547,49895,35582,824,Tier 2,Medium,Average,8,Field,Refused,Field,14109
SFL100548,312779,173336,651,Tier 1,Low,Average,6,Call,Promised,Legal,0
SFL100549,185458,109135,168,Tier 1,Low,Average,15,Field,Refused,Field,0
SFL100550,64970,41635,6,Tier 3,Low,Average,3,Call,Refused,Legal,22668
SFL100551,120542,105983,209,Tier 3,Low,Good,6,Field,No Response,Field,0
SFL100552,390221,230372,559,Tier 2,High,Good,3,Call,Refused,Field,116783
SFL100553,223164,86655,21,Tier 1,Medium,Average,10,Field,Promised,Call,75220
SFL100554,593158,525702,341,Tier 2,Low,Average,5,Call,Promised,Field,251634
SFL100555,67813,42322,333,Tier 1,Low,Average,9,Call,Refused,Call,0
SFL100556,41818,32948,95,Tier 2,Low,Average,9,Call,No Response,Call,0
SFL100557,1154093,938542,96,Tier 1,Low,Average,13,Call,Promised,Field,0
SFL100558,11312,9117,17,Tier 2,Low,Poor,7,Field,No Response,Call,0
SFL100559,439042,154224,185,Tier 2,High,Good,20,Field,Promised,Call,84798
SFL100560,954191,587627,236,Tier 2,High,Average,7,Legal,No Response,Call,0
SFL100561,60541,27577,162,Tier 3,High,Good,4,Call,Promised,Field,21602
SFL100562,60292,38020,133,Tier 2,Low,Good,4,Legal,Paid,Field,29557
SFL100563,117696,107954,276,Tier 1,Medium,Good,4,Field,Promised,Call,0
SFL100564,10606,5291,176,Tier 3,Medium,Good,20,Call,Promised,Field,3519
SFL100565,145957,59848,150,Tier 1,Low,Poor,8,Call,No Response,Call,0
SFL100566,32967,23946,379,Tier 1,High,Poor,9,Call,No Response,Call,0
SFL100567,221794,93038,106,Tier 3,Medium,Average,3,Field,Refused,Field,0
SFL100568,20801,12867,99,Tier 2,Medium,Average,4,Field,No Response,Field,0
SFL100569,15124,13488,342,Tier 3,Medium,Average,19,Field,Promised,Legal,0
SFL100570,37792,16751,86,Tier 3,Low,Average,4,Call,Promised,Field,0
SFL100571,92579,67919,140,Tier 1,Medium,Good,3,Field,No Response,Call,31153
SFL100572,155317,120026,201,Tier 1,Medium,Poor,9,Field,No Response,Field,0
SFL100573,527434,478296,379,Tier 2,High,Poor,1,Call,No Response,Legal,0
SFL100574,58944,50941,49,Tier 2,High,Good,2,Call,Promised,Call,25736
SFL100575,316356,112134,354,Tier 3,Low,Average,9,Call,Refused,Field,0
SFL100576,621953,477264,152,Tier 2,Medium,Poor,4,Call,Refused,Call,0
SFL100577,183762,97258,203,Tier 1,Medium,Good,1,Field,Promised,Call,50275
SFL100578,263159,232225,143,Tier 3,Low,Average,5,Field,No Response,Field,0
SFL100579,57406,31576,11,Tier 3,Low,Poor,10,Legal,No Response,Call,0
SFL100580,975844,923839,215,Tier 3,Low,Good,1,Call,Paid,Call,571017
SFL100581,15909,12491,161,Tier 2,Medium,Poor,17,Field,Refused,Call,0
SFL100582,145007,82353,352,Tier 2,Low,Poor,3,Call,No Response,Call,32907
SFL100583,15063,11034,114,Tier 1,Low,Good,9,Call,Paid,Legal,7714
SFL100584,130801,79985,205,Tier 1,Low,Average,6,Legal,Promised,Field,30479
SFL100585,311072,197960,60,Tier 1,Medium,Poor,4,Legal,No Response,Call,0
SFL100586,313546,185423,95,Tier 1,Medium,Average,5,Call,Promised,Call,119633
SFL100587,262299,207315,77,Tier 1,Medium,Poor,9,Call,Refused,Field,0
SFL100588,315344,103190,94,Tier 3,Low,Poor,3,Legal,No Response,Field,0
SFL100589,804490,761576,246,Tier 2,Medium,Poor,10,Call,Refused,Field,0
SFL100590,284019,258324,48,Tier 3,Medium,Average,6,Call,Promised,Field,180420
SFL100591,966473,562403,852,Tier 1,Low,Average,2,Field,No Response,Legal,448013
SFL100592,1012055,633527,116,Tier 3,Medium,Average,6,Call,Refused,Field,0
SFL100593,332298,320031,213,Tier 3,Low,Average,13,Field,Refused,Field,0
SFL100594,69012,48412,341,Tier 2,Medium,Poor,14,Call,No Response,Field,0
SFL100595,536256,304613,298,Tier 1,Medium,Average,8,Call,No Response,Legal,0
SFL100596,86972,45031,340,Tier 3,Low,Average,5,Field,Promised,Field,0
SFL100597,18693,9277,116,Tier 2,Medium,Average,20,Field,Refused,Field,0
SFL100598,59060,18997,22,Tier 2,Low,Poor,6,Field,No Response,Call,0
SFL100599,265513,150710,292,Tier 1,High,Poor,4,Call,Refused,Call,63452
SFL100600,68929,53426,267,Tier 2,Medium,Average,2,Call,Promised,Field,21576
SFL100601,515993,351040,60,Tier 3,Low,Average,11,Field,Promised,Field,195183
SFL100602,891923,510105,268,Tier 2,Medium,Average,6,Call,Promised,Call,175731
SFL100603,49887,40971,173,Tier 2,Medium,Good,6,Call,No Response,Call,35774
SFL100604,913850,808440,33,Tier 1,Medium,Poor,3,Legal,No Response,Call,0
SFL100605,108381,98314,63,Tier 2,Medium,Average,3,Call,Paid,Field,34459
SFL100606,80035,55204,364,Tier 1,High,Average,9,Call,Promised,Call,47807
SFL100607,66836,43882,176,Tier 2,High,Poor,4,Call,Promised,Call,0
SFL100608,814728,431341,229,Tier 1,Medium,Average,15,Call,No Response,Call,205908
SFL100609,20350,14424,301,Tier 1,High,Average,5,Call,No Response,Call,6858
SFL100610,59953,55744,508,Tier 3,Low,Poor,15,Call,No Response,Legal,0
SFL100611,187712,133982,84,Tier 2,Medium,Poor,4,Legal,No Response,Call,36355
SFL100612,304704,279967,697,Tier 3,High,Poor,3,Call,No Response,Call,0
SFL100613,11432,4506,686,Tier 2,Medium,Poor,4,Call,Promised,Call,0
SFL100614,497084,188821,304,Tier 1,High,Average,19,Call,No Response,Call,0
SFL100615,14951,10148,316,Tier 3,Low,Poor,8,Call,No Response,Call,0
SFL100616,248241,86618,807,Tier 2,Low,Poor,4,Call,Refused,Field,0
SFL100617,180032,146879,89,Tier 1,Low,Good,6,Legal,Promised,Call,88774
SFL100618,37805,36443,89,Tier 3,Medium,Poor,4,Call,No Response,Call,0
SFL100619,447363,424723,88,Tier 1,High,Poor,2,Legal,Refused,Call,0
SFL100620,39946,12416,143,Tier 3,High,Average,8,Field,Refused,Field,0
SFL100621,244488,80778,45,Tier 1,Medium,Poor,6,Call,Promised,Call,0
SFL100622,1128009,950133,22,Tier 1,Low,Average,9,Call,Refused,Call,0
SFL100623,398759,263758,68,Tier 2,Low,Average,18,Field,No Response,Field,0
SFL100624,238280,147515,212,Tier 2,Medium,Poor,2,Call,Refused,Call,21743
SFL100625,68125,48509,122,Tier 3,Medium,Average,5,Field,No Response,Call,0
SFL100626,13146,10939,342,Tier 1,Low,Good,9,Field,Promised,Call,8868
SFL100627,136772,109298,710,Tier 1,Low,Poor,7,Call,Refused,Call,0
SFL100628,73903,44821,37,Tier 2,Medium,Average,17,Legal,No Response,Field,0
SFL100629,179165,141789,218,Tier 2,Low,Poor,3,Call,No Response,Field,0
SFL100630,154719,102478,415,Tier 3,Low,Poor,2,Legal,Paid,Legal,0
SFL100631,70493,55789,34,Tier 3,Medium,Poor,5,Call,Refused,Call,0
SFL100632,68499,38974,77,Tier 1,Low,Average,3,Field,No Response,Field,11201
SFL100633,313220,126216,133,Tier 3,Low,Average,4,Call,Refused,Field,0
SFL100634,1047210,661142,472,Tier 2,Medium,Average,9,Call,Promised,Legal,0
SFL100635,334511,149971,206,Tier 3,Low,Average,3,Field,No Response,Field,131481
SFL100636,48018,36045,143,Tier 3,High,Average,10,Call,No Response,Field,0
SFL100637,70337,40524,244,Tier 2,High,Average,9,Field,No Response,Field,0
SFL100638,1029779,531016,876,Tier 2,Medium,Poor,12,Call,No Response,Field,0
SFL100639,66097,51156,528,Tier 2,Low,Average,6,Call,No Response,Legal,31644
SFL100640,774293,674394,133,Tier 3,Low,Poor,16,Call,Paid,Call,0
SFL100641,42407,19100,237,Tier 1,Low,Average,6,Call,No Response,Call,0
SFL100642,277954,222461,136,Tier 3,High,Average,16,Legal,Promised,Field,197258
SFL100643,341052,264178,334,Tier 3,Medium,Average,20,Call,No Response,Call,0
SFL100644,39390,26570,2,Tier 2,High,Average,6,Field,Refused,Call,0
SFL100645,234731,122402,284,Tier 3,Medium,Poor,3,Legal,No Response,Call,0
SFL100646,205443,196497,226,Tier 2,Low,Good,6,Call,No Response,Field,63702
SFL100647,26515,16831,141,Tier 2,Low,Average,11,Call,No Response,Call,14973
SFL100648,31421,17526,748,Tier 3,Low,Poor,1,Field,Promised,Legal,0
SFL100649,65441,58202,293,Tier 3,High,Poor,5,Call,No Response,Legal,0
SFL100650,251894,233843,294,Tier 1,Low,Good,4,Legal,Refused,Field,0
SFL100651,126790,110055,173,Tier 2,Low,Average,4,Call,No Response,Field,59306
SFL100652,42611,41112,177,Tier 1,High,Average,8,Call,Paid,Call,35970
SFL100653,64093,48608,155,Tier 2,Low,Average,2,Call,Promised,Call,0
SFL100654,55179,20854,703,Tier 3,High,Average,8,Field,Promised,Field,0
SFL100655,71621,63651,124,Tier 2,Low,Poor,2,Field,Promised,Field,10005
SFL100656,61851,38800,627,Tier 3,Medium,Average,9,Call,Refused,Legal,20301
SFL100657,43962,42512,16,Tier 2,Low,Poor,4,Field,No Response,Field,0
SFL100658,174075,141859,379,Tier 2,High,Poor,5,Call,No Response,Legal,0
SFL100659,53123,41605,197,Tier 2,Low,Average,4,Call,No Response,Field,0
SFL100660,19403,17541,277,Tier 3,Medium,Good,6,Call,No Response,Field,0
SFL100661,54932,39153,354,Tier 2,High,Average,1,Field,Promised,Legal,0
SFL100662,11372,6701,297,Tier 2,Low,Average,5,Call,No Response,Field,0
SFL100663,31365,23392,76,Tier 1,Low,Poor,6,Field,No Response,Field,0
SFL100664,17120,11362,49,Tier 2,High,Poor,3,Call,No Response,Call,0
SFL100665,156714,114343,115,Tier 1,Medium,Poor,7,Call,Paid,Legal,60179
SFL100666,69100,37244,117,Tier 3,Medium,Poor,5,Field,Promised,Legal,0
SFL100667,69652,49749,340,Tier 2,High,Average,1,Call,Refused,Field,0
SFL100668,264994,244783,385,Tier 3,Medium,Poor,1,Call,No Response,Legal,0
SFL100669,178354,168412,11,Tier 3,Low,Good,19,Call,Promised,Field,143194
SFL100670,38373,20189,174,Tier 1,High,Poor,6,Legal,No Response,Call,0
SFL100671,250970,136967,84,Tier 2,Low,Average,18,Call,No Response,Field,0
SFL100672,63133,24376,121,Tier 1,High,Poor,16,Field,Promised,Call,0
SFL100673,248488,205427,69,Tier 3,Low,Good,1,Field,Promised,Call,0
SFL100674,334681,236170,126,Tier 2,Low,Poor,8,Call,Promised,Call,0
SFL100675,51634,44413,68,Tier 1,Low,Average,9,Call,Paid,Call,0
SFL100676,300494,106245,147,Tier 3,High,Poor,6,Field,No Response,Field,0
SFL100677,331423,169035,24,Tier 2,Medium,Average,2,Field,Promised,Legal,0
SFL100678,67032,48502,53,Tier 3,Low,Good,2,Call,Paid,Legal,28857
SFL100679,336692,198653,152,Tier 1,High,Poor,5,Call,Promised,Call,0
SFL100680,252514,182418,336,Tier 2,Low,Average,20,Call,No Response,Field,0
SFL100681,25298,23016,171,Tier 2,Low,Average,8,Field,Promised,Legal,0
SFL100682,752804,604222,100,Tier 3,High,Poor,10,Call,Promised,Field,134918
SFL100683,246555,132803,644,Tier 2,Low,Poor,8,Call,Promised,Call,0
SFL100684,34642,20210,84,Tier 2,Low,Poor,9,Legal,No Response,Call,0
SFL100685,30584,11383,125,Tier 2,Low,Good,1,Field,Promised,Field,7535
SFL100686,50178,43162,405,Tier 1,Medium,Good,1,Call,No Response,Legal,0
SFL100687,15318,8830,153,Tier 2,Low,Good,1,Legal,Paid,Field,6877
SFL100688,65239,50050,603,Tier 3,Low,Average,6,Call,Paid,Field,17021
SFL100689,25040,17288,179,Tier 3,Low,Good,9,Call,Paid,Field,11535
SFL100690,27061,15237,187,Tier 2,Medium,Average,7,Field,Refused,Field,0
SFL100691,187378,167527,298,Tier 1,High,Poor,1,Field,Refused,Call,0
SFL100692,31453,19085,305,Tier 2,High,Poor,11,Field,Refused,Legal,0
SFL100693,34996,27586,274,Tier 3,Medium,Average,7,Legal,Promised,Field,0
SFL100694,1189445,1085677,396,Tier 3,Low,Good,10,Call,Paid,Field,0
SFL100695,36053,27194,153,Tier 3,Medium,Good,1,Call,No Response,Call,0
SFL100696,1031766,340031,323,Tier 3,Medium,Average,18,Call,Promised,Field,0
SFL100697,51898,27628,843,Tier 3,Low,Poor,16,Call,No Response,Legal,0
SFL100698,311333,250617,111,Tier 3,Medium,Average,3,Field,Promised,Call,69751
SFL100699,97009,62873,320,Tier 2,Medium,Average,19,Call,Refused,Field,0
SFL100700,59254,56998,296,Tier 3,Low,Good,13,Field,Promised,Call,46688
SFL100701,550285,173752,233,Tier 2,Low,Average,1,Field,Promised,Field,110068
SFL100702,1016077,723364,152,Tier 1,Medium,Poor,7,Field,No Response,Legal,0
SFL100703,12534,11845,101,Tier 1,Medium,Poor,5,Legal,Paid,Call,0
SFL100704,577075,410410,393,Tier 2,Medium,Average,10,Call,No Response,Field,0
SFL100705,20665,6751,523,Tier 1,Medium,Average,2,Call,Promised,Field,3452
SFL100706,135865,50002,167,Tier 2,Medium,Good,3,Call,Paid,Call,31571
SFL100707,725016,448059,17,Tier 1,Low,Average,6,Call,No Response,Call,265146
SFL100708,19659,9854,24,Tier 3,Low,Poor,15,Call,Refused,Legal,0
SFL100709,41113,25508,36,Tier 1,Medium,Poor,1,Field,No Response,Field,0
SFL100710,776133,263870,32,Tier 3,Low,Average,8,Field,Refused,Field,105413
SFL100711,60665,21250,196,Tier 3,Medium,Good,9,Legal,Promised,Field,0
SFL100712,842739,541599,178,Tier 1,Medium,Average,7,Legal,Refused,Field,0
SFL100713,689911,626326,258,Tier 2,Low,Average,20,Call,No Response,Field,0
SFL100714,45571,30553,81,Tier 3,High,Poor,13,Field,No Response,Call,0
SFL100715,831380,548764,46,Tier 2,Medium,Average,4,Legal,No Response,Field,0
SFL100716,13341,12776,166,Tier 2,Low,Good,1,Call,Paid,Field,9092
SFL100717,53273,36204,133,Tier 1,Low,Average,2,Call,Promised,Call,0
SFL100718,563009,373245,326,Tier 1,Low,Average,13,Call,Paid,Field,0
SFL100719,755488,452485,100,Tier 3,Low,Average,14,Call,No Response,Field,0
SFL100720,278372,239847,216,Tier 2,Low,Poor,4,Call,No Response,Call,0
SFL100721,87728,66669,172,Tier 3,Low,Average,10,Legal,Paid,Field,30442
SFL100722,851776,345758,345,Tier 3,High,Poor,8,Call,No Response,Field,0
SFL100723,208770,126009,39,Tier 2,Medium,Average,7,Field,Refused,Call,0
SFL100724,526084,241096,26,Tier 1,High,Good,1,Legal,Paid,Call,212930
SFL100725,85863,54576,29,Tier 1,Low,Poor,6,Call,Promised,Call,0
SFL100726,110167,105597,297,Tier 2,Medium,Average,9,Field,Promised,Field,0
SFL100727,66225,42041,741,Tier 1,High,Average,5,Field,Promised,Call,0
SFL100728,148320,108997,381,Tier 3,Low,Average,5,Call,Paid,Legal,0
SFL100729,40480,36808,145,Tier 2,Medium,Poor,2,Legal,Promised,Legal,16768
SFL100730,11617,7451,137,Tier 3,Medium,Poor,7,Legal,Refused,Call,0
SFL100731,340263,117419,264,Tier 2,Low,Poor,4,Call,No Response,Legal,0
SFL100732,293937,245627,626,Tier 1,High,Good,1,Legal,Paid,Call,222500
SFL100733,57705,55180,327,Tier 2,Low,Poor,9,Call,Refused,Call,0
SFL100734,665170,421881,331,Tier 1,High,Average,13,Field,No Response,Call,0
SFL100735,231807,82142,349,Tier 3,Low,Average,18,Call,Promised,Field,0
SFL100736,765598,531511,253,Tier 1,Low,Average,2,Field,Promised,Call,0
SFL100737,1182139,994682,39,Tier 1,High,Average,3,Call,Promised,Call,0
SFL100738,12589,8959,223,Tier 2,Low,Average,3,Field,Promised,Field,5595
SFL100739,91795,51733,357,Tier 2,Medium,Average,10,Field,No Response,Field,0
SFL100740,94293,33307,475,Tier 1,Medium,Average,6,Call,Promised,Field,0
SFL100741,233622,216820,150,Tier 2,Low,Good,5,Legal,No Response,Call,0
SFL100742,296433,219696,372,Tier 1,Low,Good,4,Field,Refused,Field,0
SFL100743,264126,205124,69,Tier 3,High,Average,5,Call,No Response,Call,0
SFL100744,95671,57864,24,Tier 2,Low,Poor,18,Field,No Response,Call,0
SFL100745,29679,26631,119,Tier 1,Low,Average,4,Legal,Refused,Call,0
SFL100746,293500,91264,171,Tier 2,Medium,Average,10,Call,No Response,Field,0
SFL100747,26095,24378,246,Tier 2,Low,Poor,1,Legal,No Response,Call,0
SFL100748,74409,30078,241,Tier 3,High,Poor,5,Field,No Response,Call,0
SFL100749,118657,63920,112,Tier 1,Low,Poor,4,Call,No Response,Call,0
SFL100750,259226,82942,206,Tier 2,Low,Poor,14,Legal,Refused,Field,0
SFL100751,34174,14811,228,Tier 1,Medium,Average,16,Call,Refused,Field,0
SFL100752,18897,11663,210,Tier 2,Low,Average,2,Call,Refused,Field,0
SFL100753,20029,9775,28,Tier 2,Low,Good,12,Legal,Promised,Call,6179
SFL100754,68222,26122,19,Tier 2,Medium,Poor,9,Call,No Response,Legal,0
SFL100755,447484,331492,77,Tier 3,Low,Poor,5,Call,No Response,Field,0
SFL100756,21034,8919,103,Tier 3,Low,Poor,3,Call,No Response,Field,0
SFL100757,45885,21080,43,Tier 2,Low,Average,5,Field,Promised,Field,0
SFL100758,135090,77233,356,Tier 3,Medium,Poor,14,Field,Refused,Field,0
SFL100759,72875,27361,363,Tier 1,Low,Average,4,Call,No Response,Field,0
SFL100760,51618,20532,114,Tier 3,Medium,Average,8,Field,No Response,Field,5693
SFL100761,28575,13920,301,Tier 2,Medium,Average,5,Call,No Response,Field,0
SFL100762,276632,123556,172,Tier 2,Low,Good,3,Call,Refused,Field,62378
SFL100763,170918,123136,185,Tier 3,Low,Average,8,Field,No Response,Call,0
SFL100764,65175,61502,135,Tier 1,Low,Good,5,Call,Promised,Field,0
SFL100765,68715,26922,95,Tier 3,Low,Poor,8,Call,Promised,Call,0
SFL100766,74966,36574,147,Tier 1,Low,Poor,6,Call,Promised,Field,0
SFL100767,863330,731615,80,Tier 2,High,Average,9,Call,Promised,Legal,0
SFL100768,175949,73069,225,Tier 1,Low,Good,2,Legal,Paid,Field,0
SFL100769,55007,32417,23,Tier 2,Medium,Poor,2,Call,Promised,Call,0
SFL100770,44095,34314,702,Tier 1,High,Average,3,Field,No Response,Legal,0
SFL100771,1187081,969979,255,Tier 2,Low,Average,7,Call,Refused,Call,0
SFL100772,145894,48932,611,Tier 2,Medium,Poor,6,Call,No Response,Field,16894
SFL100773,496500,416029,74,Tier 2,Medium,Poor,1,Call,Refused,Call,0
SFL100774,87692,77005,262,Tier 3,Medium,Good,7,Call,Promised,Field,66194
SFL100775,678041,375608,345,Tier 1,Low,Poor,6,Legal,Promised,Call,0
SFL100776,97262,49648,16,Tier 2,Low,Average,1,Field,Promised,Field,14202
SFL100777,62278,29925,137,Tier 3,Medium,Average,1,Call,Promised,Field,22461
SFL100778,50920,41839,28,Tier 1,Low,Good,19,Field,Paid,Field,0
SFL100779,323325,204975,114,Tier 1,Low,Good,10,Field,Promised,Field,0
SFL100780,29502,11985,143,Tier 3,Medium,Average,18,Field,Promised,Call,0
SFL100781,227365,200173,141,Tier 2,Low,Poor,4,Call,No Response,Call,0
SFL100782,879758,804014,79,Tier 2,Medium,Poor,8,Field,No Response,Call,0
SFL100783,227766,104774,229,Tier 3,Low,Poor,7,Call,No Response,Legal,0
SFL100784,73936,32020,170,Tier 1,Medium,Poor,12,Legal,No Response,Call,0
SFL100785,35515,12922,17,Tier 1,High,Poor,7,Call,Promised,Call,0
SFL100786,34726,18185,247,Tier 2,High,Poor,6,Field,Promised,Call,0
SFL100787,18072,15966,163,Tier 1,Low,Average,1,Field,Promised,Call,0
SFL100788,25737,15503,51,Tier 1,Medium,Poor,11,Field,Refused,Call,0
SFL100789,38532,36506,32,Tier 1,Medium,Good,19,Call,Promised,Field,0
SFL100790,277525,111891,467,Tier 3,Low,Average,8,Call,Refused,Legal,0
SFL100791,626597,309895,257,Tier 3,Medium,Average,1,Call,Promised,Call,0
SFL100792,84466,59617,324,Tier 2,Low,Good,8,Field,No Response,Field,0
SFL100793,61152,45255,65,Tier 2,Low,Poor,5,Call,Paid,Call,0
SFL100794,176949,166103,103,Tier 1,High,Average,10,Legal,No Response,Call,122028
SFL100795,382003,278899,117,Tier 1,Medium,Average,2,Legal,No Response,Field,0
SFL100796,711427,671028,105,Tier 2,High,Good,8,Call,Promised,Call,645348
SFL100797,46817,29162,355,Tier 3,Low,Average,5,Call,No Response,Field,24184
SFL100798,522224,324061,90,Tier 2,High,Good,1,Call,Paid,Field,166160
SFL100799,743417,485923,200,Tier 1,Medium,Good,20,Field,No Response,Call,0
SFL100800,216622,67427,146,Tier 1,High,Poor,10,Call,No Response,Call,0
SFL100801,323586,297148,359,Tier 1,Low,Average,3,Call,Paid,Call,0
SFL100802,70988,29441,141,Tier 1,Low,Poor,7,Call,Promised,Field,0
SFL100803,241596,93903,64,Tier 1,Low,Poor,2,Legal,Refused,Call,0
SFL100804,43440,14284,656,Tier 1,Low,Average,1,Call,No Response,Field,0
SFL100805,10918,9376,35,Tier 1,Medium,Poor,9,Field,No Response,Field,0
SFL100806,63906,42266,155,Tier 2,Medium,Average,4,Field,Promised,Call,10261
SFL100807,870581,398801,183,Tier 2,Low,Poor,4,Call,Refused,Field,0
SFL100808,31957,21129,103,Tier 1,Low,Poor,8,Legal,Refused,Legal,0
SFL100809,215781,98741,381,Tier 1,High,Poor,6,Field,Refused,Legal,0
SFL100810,231310,206159,311,Tier 2,Medium,Average,4,Call,Refused,Field,0
SFL100811,60404,57463,168,Tier 1,Medium,Poor,5,Call,Promised,Field,0
SFL100812,155696,134026,156,Tier 3,Medium,Average,7,Field,No Response,Field,0
SFL100813,1045804,940659,277,Tier 2,Low,Good,16,Call,Paid,Field,655671
SFL100814,64163,54295,243,Tier 3,High,Poor,4,Call,No Response,Legal,0
SFL100815,328390,137658,111,Tier 2,High,Average,6,Legal,No Response,Call,119231
SFL100816,212809,200188,184,Tier 3,Low,Average,1,Field,No Response,Legal,107471
SFL100817,99584,43163,132,Tier 1,High,Average,4,Call,Promised,Call,19694
SFL100818,789861,488784,102,Tier 2,Low,Poor,15,Field,Paid,Call,0
SFL100819,138971,106504,195,Tier 1,Low,Average,3,Call,Promised,Field,0
SFL100820,13825,12998,309,Tier 2,Medium,Average,4,Legal,Refused,Field,0
SFL100821,296231,280305,85,Tier 1,High,Poor,1,Legal,Paid,Call,71035
SFL100822,196682,68591,698,Tier 1,Low,Average,8,Call,Paid,Legal,0
SFL100823,275838,154056,876,Tier 2,High,Average,3,Call,Promised,Call,53366
SFL100824,901371,402330,41,Tier 1,Low,Good,3,Call,Paid,Call,253949
SFL100825,57025,38226,158,Tier 3,Medium,Good,5,Field,Promised,Call,35603
SFL100826,691243,273344,756,Tier 2,Medium,Average,10,Call,No Response,Legal,0
SFL100827,188913,173853,67,Tier 1,High,Poor,13,Field,Refused,Field,0
SFL100828,46087,18269,347,Tier 1,Medium,Poor,5,Call,No Response,Field,0
SFL100829,62968,35474,632,Tier 2,High,Average,13,Field,Refused,Field,0
SFL100830,20622,6953,299,Tier 1,Medium,Poor,1,Field,Refused,Call,0
SFL100831,61811,48614,403,Tier 1,Medium,Average,10,Field,No Response,Field,0
SFL100832,45061,25424,95,Tier 2,High,Poor,6,Call,Refused,Legal,0
SFL100833,124058,39116,222,Tier 1,Low,Average,8,Call,Paid,Call,0
SFL100834,48894,31043,281,Tier 3,Low,Good,6,Field,Paid,Field,17271
SFL100835,18487,16858,169,Tier 3,Medium,Poor,8,Call,No Response,Call,0
SFL100836,10878,8076,71,Tier 3,Low,Good,2,Call,Paid,Legal,5196
SFL100837,65049,55394,269,Tier 1,Medium,Poor,9,Field,Refused,Field,0
SFL100838,149386,72386,135,Tier 2,Medium,Good,1,Legal,Refused,Field,13100
SFL100839,42430,20630,195,Tier 3,Medium,Poor,1,Call,No Response,Legal,0
SFL100840,66626,27068,73,Tier 3,Low,Average,17,Call,No Response,Field,0
SFL100841,109018,59796,134,Tier 1,Low,Average,4,Call,No Response,Field,0
SFL100842,95306,41824,88,Tier 2,Medium,Good,1,Call,No Response,Field,25719
SFL100843,463437,441523,149,Tier 2,Low,Good,12,Field,Promised,Legal,0
SFL100844,36254,15127,42,Tier 2,Medium,Average,6,Call,Promised,Field,10131
SFL100845,560099,395802,812,Tier 2,Low,Average,8,Call,Paid,Field,0
SFL100846,31648,22786,98,Tier 2,Medium,Poor,4,Field,No Response,Field,0
SFL100847,216326,148117,175,Tier 1,Low,Average,20,Legal,Promised,Field,0
SFL100848,109141,47269,177,Tier 2,Low,Average,4,Legal,No Response,Call,0
SFL100849,304059,128501,351,Tier 3,High,Average,13,Field,Refused,Field,0
SFL100850,40195,34137,111,Tier 3,Medium,Poor,12,Legal,No Response,Legal,0
SFL100851,55994,44970,824,Tier 3,Low,Average,1,Field,Paid,Field,25839
SFL100852,17880,10770,313,Tier 1,High,Poor,2,Field,No Response,Call,0
SFL100853,124125,106165,114,Tier 2,Medium,Poor,6,Call,No Response,Field,0
SFL100854,280576,192941,151,Tier 2,Low,Good,6,Call,Refused,Call,105516
SFL100855,192510,100743,52,Tier 2,High,Poor,6,Call,Refused,Legal,0
SFL100856,43534,22172,58,Tier 1,High,Average,6,Call,No Response,Call,0
SFL100857,45036,25584,407,Tier 1,Low,Average,3,Field,Paid,Legal,0
SFL100858,68724,55459,532,Tier 3,Medium,Good,5,Legal,Paid,Legal,0
SFL100859,31787,26143,272,Tier 2,Low,Average,7,Call,No Response,Field,0
SFL100860,328882,296226,212,Tier 2,Medium,Good,6,Call,Paid,Field,224683
SFL100861,1175520,531027,750,Tier 2,Medium,Average,6,Call,No Response,Legal,0
SFL100862,239394,200707,337,Tier 2,Low,Poor,17,Call,Promised,Call,0
SFL100863,194050,166454,161,Tier 1,High,Poor,6,Call,No Response,Call,0
SFL100864,232881,195780,10,Tier 3,High,Poor,6,Call,Refused,Call,96960
SFL100865,37760,33216,267,Tier 3,Low,Average,1,Field,Promised,Legal,0
SFL100866,543280,443417,127,Tier 2,Medium,Average,13,Call,Promised,Field,0
SFL100867,325801,249220,214,Tier 2,Low,Good,16,Field,No Response,Field,0
SFL100868,106441,32369,207,Tier 3,Medium,Average,3,Field,Refused,Field,0
SFL100869,62554,30216,247,Tier 2,Low,Good,4,Field,Refused,Field,0
SFL100870,277307,244165,723,Tier 2,Low,Average,3,Call,No Response,Call,0
SFL100871,399440,128245,129,Tier 2,Medium,Poor,1,Field,No Response,Field,0
SFL100872,332559,251766,813,Tier 2,Low,Poor,3,Call,Refused,Field,0
SFL100873,720809,561168,761,Tier 3,Low,Poor,20,Legal,No Response,Field,0
SFL100874,697104,605091,91,Tier 3,Low,Average,6,Call,Promised,Legal,0
SFL100875,64123,42082,136,Tier 2,Medium,Poor,9,Call,No Response,Legal,0
SFL100876,45315,35920,800,Tier 2,Medium,Poor,15,Call,No Response,Legal,0
SFL100877,39452,29837,456,Tier 3,Medium,Poor,3,Call,No Response,Legal,0
SFL100878,199921,136060,4,Tier 3,Low,Poor,7,Call,Promised,Call,26199
SFL100879,10138,3152,139,Tier 1,Low,Poor,3,Call,Refused,Call,0
SFL100880,14044,12844,254,Tier 2,Low,Average,9,Field,No Response,Field,0
SFL100881,74385,51655,73,Tier 3,Low,Poor,7,Call,No Response,Field,0
SFL100882,697506,218386,145,Tier 1,Low,Poor,7,Legal,Refused,Legal,70650
SFL100883,36137,25710,169,Tier 1,Medium,Poor,8,Call,Refused,Field,0
SFL100884,40088,33108,897,Tier 2,Medium,Poor,3,Call,Refused,Call,0
SFL100885,272686,86076,45,Tier 3,Medium,Average,3,Legal,No Response,Field,0
SFL100886,736447,682047,149,Tier 3,Low,Average,6,Call,Promised,Field,0
SFL100887,150841,73584,165,Tier 1,Low,Poor,2,Field,Refused,Legal,0
SFL100888,70047,27204,134,Tier 3,Low,Average,3,Field,Promised,Field,19424
SFL100889,36168,16171,646,Tier 2,Low,Good,8,Legal,Refused,Legal,5542
SFL100890,345905,146129,46,Tier 2,Low,Poor,2,Call,No Response,Field,0
SFL100891,47641,26160,476,Tier 2,Low,Average,14,Field,No Response,Field,13699
SFL100892,972486,496279,453,Tier 2,Low,Poor,8,Call,No Response,Call,0
SFL100893,49005,23143,455,Tier 3,Medium,Good,2,Legal,No Response,Legal,0
SFL100894,33055,27073,22,Tier 3,Low,Poor,5,Legal,No Response,Legal,0
SFL100895,287668,252449,57,Tier 2,High,Poor,6,Call,Refused,Call,0
SFL100896,662387,378851,5,Tier 3,High,Poor,5,Call,Refused,Call,0
SFL100897,80103,55914,18,Tier 2,Low,Good,12,Legal,Promised,Field,44760
SFL100898,149619,77819,10,Tier 3,Low,Good,6,Legal,Paid,Field,0
SFL100899,1049255,409846,730,Tier 1,Low,Average,3,Call,No Response,Legal,0
SFL100900,1036478,787597,19,Tier 2,High,Average,6,Call,Refused,Field,89806
SFL100901,59217,50665,586,Tier 3,Low,Poor,4,Legal,Refused,Call,0
SFL100902,108770,37879,591,Tier 2,Medium,Poor,14,Field,No Response,Legal,0
SFL100903,36709,34716,91,Tier 2,High,Poor,4,Call,No Response,Call,0
SFL100904,54578,20956,174,Tier 2,High,Poor,4,Field,Refused,Call,3779
SFL100905,10724,3741,498,Tier 1,Low,Average,7,Call,No Response,Legal,0
SFL100906,16242,5632,326,Tier 3,High,Good,4,Call,Refused,Field,1814
SFL100907,78406,38314,148,Tier 2,Low,Good,3,Call,Refused,Field,0
SFL100908,1186072,362554,148,Tier 1,Medium,Average,11,Call,Refused,Field,0
SFL100909,78209,32944,14,Tier 3,Medium,Good,7,Call,No Response,Field,15154
SFL100910,117758,92949,50,Tier 2,Low,Average,4,Field,No Response,Call,0
SFL100911,156041,99977,112,Tier 3,High,Poor,3,Call,No Response,Field,0
SFL100912,194873,76123,122,Tier 3,Medium,Poor,6,Legal,No Response,Field,8001
SFL100913,51110,40495,171,Tier 3,Low,Poor,6,Legal,No Response,Call,0
SFL100914,68884,56518,708,Tier 2,Low,Good,5,Call,Refused,Legal,0
SFL100915,14655,11111,202,Tier 3,High,Good,7,Legal,Paid,Call,10919
SFL100916,219655,75739,218,Tier 1,Low,Average,9,Call,Refused,Field,0
SFL100917,96276,53599,201,Tier 2,Low,Average,18,Call,Promised,Field,0
SFL100918,293541,155676,167,Tier 1,Low,Good,4,Field,No Response,Legal,0
SFL100919,931756,713665,892,Tier 2,High,Average,20,Call,Promised,Legal,0
SFL100920,49373,33697,231,Tier 3,Medium,Poor,8,Call,No Response,Call,0
SFL100921,386422,325357,739,Tier 2,Low,Average,9,Call,No Response,Field,0
SFL100922,56668,50978,171,Tier 1,Low,Average,10,Call,Refused,Call,0
SFL100923,21605,11450,358,Tier 3,High,Poor,2,Call,Promised,Field,0
SFL100924,29797,25793,829,Tier 1,Low,Poor,4,Legal,No Response,Legal,0
SFL100925,204926,170307,689,Tier 1,High,Average,2,Legal,Refused,Legal,0
SFL100926,334881,311405,27,Tier 3,Medium,Poor,3,Field,No Response,Field,169588
SFL100927,316516,150041,28,Tier 2,Medium,Good,6,Call,No Response,Field,0
SFL100928,144236,99060,73,Tier 1,Low,Good,9,Legal,Paid,Legal,81679
SFL100929,98924,32088,5,Tier 1,Medium,Poor,10,Call,No Response,Field,0
SFL100930,36083,23616,533,Tier 1,Low,Poor,8,Call,Refused,Call,0
SFL100931,1172182,544957,337,Tier 3,Medium,Poor,4,Field,Refused,Field,0
SFL100932,65893,40680,83,Tier 2,Low,Average,12,Call,No Response,Field,0
SFL100933,138331,112354,40,Tier 2,Low,Good,8,Field,Paid,Field,93603
SFL100934,805860,740133,158,Tier 2,Medium,Good,13,Legal,Promised,Field,739074
SFL100935,74906,56115,66,Tier 3,Low,Average,8,Legal,Promised,Field,42598
SFL100936,52451,19768,140,Tier 3,Low,Poor,9,Call,Paid,Field,5786
SFL100937,13757,8816,238,Tier 2,Low,Average,4,Call,Promised,Call,7795
SFL100938,15078,10244,22,Tier 3,Low,Poor,4,Call,Promised,Call,1727
SFL100939,38481,36718,30,Tier 3,Low,Average,17,Field,No Response,Call,31887
SFL100940,113899,46759,239,Tier 3,Low,Average,18,Field,Refused,Field,0
SFL100941,259768,119219,89,Tier 2,Medium,Average,7,Field,No Response,Field,27656
SFL100942,14538,7790,134,Tier 2,Medium,Poor,2,Call,No Response,Call,0
SFL100943,303201,191804,825,Tier 3,Low,Poor,5,Call,Paid,Legal,0
SFL100944,23053,7497,324,Tier 3,Medium,Good,9,Call,Promised,Field,5495
SFL100945,34117,18230,298,Tier 2,Low,Good,9,Call,Promised,Field,17525
SFL100946,38483,17940,123,Tier 1,Low,Poor,20,Field,Refused,Call,0
SFL100947,639185,439423,163,Tier 2,Medium,Poor,3,Call,No Response,Field,0
SFL100948,953581,713503,71,Tier 1,High,Poor,8,Call,No Response,Call,0
SFL100949,893763,476368,142,Tier 2,High,Good,4,Call,Promised,Call,373133
SFL100950,498306,449048,52,Tier 3,Low,Average,6,Call,No Response,Field,385258
SFL100951,432714,397321,98,Tier 1,Medium,Average,14,Call,Paid,Call,0
SFL100952,36699,14884,77,Tier 2,Low,Average,4,Call,No Response,Field,0
SFL100953,765494,630429,188,Tier 3,Medium,Average,8,Legal,No Response,Field,0
SFL100954,12460,6260,97,Tier 3,Low,Good,6,Call,No Response,Field,0
SFL100955,18747,12159,5,Tier 2,Medium,Good,1,Call,Promised,Field,10155
SFL100956,39903,21735,289,Tier 2,Low,Poor,6,Call,Promised,Legal,0
SFL100957,48123,32368,9,Tier 1,High,Poor,1,Legal,No Response,Legal,0
SFL100958,57035,23341,418,Tier 1,High,Poor,12,Call,No Response,Call,0
SFL100959,541761,498524,136,Tier 3,Low,Poor,19,Call,Promised,Field,0
SFL100960,254958,142301,625,Tier 3,Low,Average,8,Legal,No Response,Legal,126012
SFL100961,40008,37897,268,Tier 3,Low,Poor,5,Call,No Response,Call,0
SFL100962,73676,52679,225,Tier 3,Low,Good,10,Call,Promised,Field,48917
SFL100963,17404,9602,355,Tier 2,High,Average,7,Call,Promised,Field,0
SFL100964,669536,426144,17,Tier 2,High,Good,10,Call,No Response,Field,218926
SFL100965,56005,50714,57,Tier 3,Medium,Average,4,Field,Promised,Field,24995
SFL100966,716257,475332,214,Tier 2,High,Good,16,Legal,No Response,Field,200791
SFL100967,285881,130315,364,Tier 1,Medium,Average,1,Field,No Response,Call,0
SFL100968,22748,9945,4,Tier 2,High,Average,13,Call,Refused,Call,4290
SFL100969,1095778,602204,145,Tier 3,Low,Good,9,Call,Promised,Field,553070
SFL100970,62075,34771,307,Tier 2,High,Average,15,Call,Promised,Field,0
SFL100971,53155,22367,20,Tier 1,Low,Good,2,Legal,Promised,Call,21025
SFL100972,133677,48168,219,Tier 2,Medium,Average,8,Call,No Response,Field,0
SFL100973,11372,9031,90,Tier 1,Low,Average,3,Field,Promised,Call,5153
SFL100974,56516,17027,792,Tier 2,Medium,Average,4,Field,Promised,Field,6113
SFL100975,566856,505040,69,Tier 2,High,Good,19,Field,No Response,Field,188624
SFL100976,131970,39664,349,Tier 1,Low,Average,16,Call,No Response,Legal,0
SFL100977,71465,58033,141,Tier 2,Medium,Poor,8,Legal,No Response,Legal,0
SFL100978,14919,10685,146,Tier 2,Low,Poor,8,Call,No Response,Field,4895
SFL100979,279887,154638,316,Tier 2,Low,Poor,5,Call,No Response,Legal,0
SFL100980,27880,20901,670,Tier 2,Medium,Average,5,Field,Refused,Legal,0
SFL100981,328982,103454,297,Tier 2,Medium,Poor,3,Call,Refused,Field,0
SFL100982,40280,18629,59,Tier 3,Medium,Average,5,Call,No Response,Call,3855
SFL100983,474013,407611,2,Tier 2,Medium,Poor,6,Call,No Response,Field,219551
SFL100984,174591,154724,303,Tier 2,Low,Average,5,Legal,Promised,Field,0
SFL100985,81672,27087,268,Tier 2,Medium,Poor,11,Legal,No Response,Call,0
SFL100986,304783,291300,290,Tier 2,Medium,Poor,6,Call,No Response,Call,138385
SFL100987,68232,51919,675,Tier 1,Medium,Poor,16,Call,Refused,Call,0
SFL100988,19290,15964,811,Tier 1,High,Poor,1,Call,Refused,Call,0
SFL100989,30139,18742,159,Tier 1,Medium,Good,1,Field,Refused,Call,0
SFL100990,20893,16088,194,Tier 2,Medium,Poor,14,Field,No Response,Call,0
SFL100991,204175,145723,50,Tier 2,Low,Poor,4,Legal,No Response,Call,19422
SFL100992,13422,8785,33,Tier 2,Low,Average,8,Call,Refused,Legal,0
SFL100993,833650,316608,49,Tier 2,High,Average,4,Call,Promised,Field,237855
SFL100994,200644,171166,802,Tier 2,Medium,Poor,4,Call,Paid,Call,0
SFL100995,21897,8362,582,Tier 3,Medium,Poor,7,Call,No Response,Call,0
SFL100996,326234,194633,331,Tier 1,Low,Average,9,Call,Refused,Call,0
SFL100997,90201,68730,158,Tier 2,Medium,Average,3,Call,No Response,Call,45045
SFL100998,58242,54071,338,Tier 2,Medium,Poor,2,Call,Promised,Field,7339
SFL100999,317620,250874,341,Tier 2,Medium,Poor,11,Field,No Response,Legal,0
SFL101000,16480,13666,288,Tier 1,High,Poor,8,Call,No Response,Field,1926
SFL101001,74623,71676,250,Tier 3,Low,Poor,6,Call,No Response,Call,0
SFL101002,963628,423203,202,Tier 2,Low,Poor,3,Call,Refused,Call,0
SFL101003,116849,35872,106,Tier 2,Low,Good,3,Call,No Response,Legal,0
SFL101004,31478,10730,49,Tier 1,Low,Poor,8,Call,No Response,Call,0
SFL101005,285210,194169,338,Tier 2,Medium,Poor,4,Call,No Response,Legal,0
SFL101006,41938,28544,104,Tier 2,Medium,Good,6,Call,No Response,Field,21008
SFL101007,10307,5462,112,Tier 1,Low,Poor,7,Field,Refused,Call,0
SFL101008,67160,56962,747,Tier 1,Medium,Average,5,Call,Promised,Legal,0
SFL101009,626088,453675,209,Tier 3,High,Average,4,Field,Refused,Field,0
SFL101010,947340,394453,125,Tier 1,Low,Poor,6,Legal,Promised,Call,0
SFL101011,372307,271787,323,Tier 3,High,Poor,15,Field,Refused,Legal,0
SFL101012,40794,24351,52,Tier 2,Medium,Good,8,Field,Paid,Call,22809
SFL101013,545339,362714,535,Tier 3,Low,Poor,4,Call,No Response,Legal,164541
SFL101014,217665,79840,610,Tier 2,Low,Average,3,Call,Refused,Legal,0
SFL101015,154180,123152,85,Tier 2,High,Poor,4,Legal,No Response,Call,0
SFL101016,64292,46074,42,Tier 2,Low,Good,3,Legal,No Response,Field,34772
SFL101017,62598,36147,163,Tier 2,Low,Average,2,Call,Promised,Field,27435
SFL101018,40243,14485,79,Tier 1,Low,Poor,10,Call,Promised,Call,0
SFL101019,70427,54628,77,Tier 1,High,Poor,4,Call,Refused,Call,0
SFL101020,66153,54706,38,Tier 2,Low,Average,13,Legal,No Response,Field,39352
SFL101021,65218,40297,185,Tier 2,Medium,Average,1,Call,Refused,Call,0
SFL101022,72129,38309,52,Tier 1,Low,Average,7,Call,Promised,Field,23930
SFL101023,291859,137480,57,Tier 2,High,Poor,6,Call,Refused,Call,0
SFL101024,941979,351724,61,Tier 2,Low,Average,8,Field,Promised,Field,127086
SFL101025,342315,202932,32,Tier 3,Low,Average,1,Call,No Response,Field,0
SFL101026,10953,5922,11,Tier 1,Medium,Average,6,Call,Paid,Call,4410
SFL101027,477212,223775,90,Tier 3,Medium,Poor,14,Field,No Response,Call,0
SFL101028,98452,55143,449,Tier 3,Medium,Average,2,Legal,Refused,Field,0
SFL101029,17781,15941,449,Tier 2,Low,Good,6,Call,Promised,Field,13039
SFL101030,1047021,322551,131,Tier 1,Low,Poor,9,Field,Refused,Call,0
SFL101031,13837,9255,364,Tier 3,Medium,Good,4,Field,No Response,Call,0
SFL101032,44791,23840,697,Tier 2,Medium,Average,13,Call,Refused,Legal,0
SFL101033,16206,15638,38,Tier 1,Low,Good,9,Call,Refused,Call,0
SFL101034,49427,20554,2,Tier 1,Low,Good,1,Legal,Promised,Legal,0
SFL101035,15870,6091,21,Tier 3,Medium,Average,9,Legal,Promised,Field,3093
SFL101036,1014811,508315,103,Tier 1,Medium,Poor,18,Call,No Response,Legal,0
SFL101037,910735,376390,353,Tier 2,Low,Average,10,Call,Promised,Call,109535
SFL101038,1001587,890556,887,Tier 1,Medium,Average,1,Call,Paid,Legal,0
SFL101039,668042,424475,108,Tier 1,Low,Good,3,Call,Paid,Field,265886
SFL101040,261794,107239,184,Tier 1,Low,Poor,4,Call,Promised,Call,0
SFL101041,30101,13575,308,Tier 3,Medium,Average,6,Field,Paid,Field,0
SFL101042,20551,17390,49,Tier 3,Low,Good,7,Legal,Promised,Call,14899
SFL101043,339890,189653,42,Tier 2,High,Poor,1,Call,No Response,Legal,0
SFL101044,59165,45096,24,Tier 3,High,Poor,5,Field,No Response,Legal,0
SFL101045,266187,244159,99,Tier 2,Low,Good,10,Call,No Response,Call,67966
SFL101046,37967,12089,846,Tier 1,High,Poor,6,Field,No Response,Call,0
SFL101047,130597,117900,320,Tier 3,Low,Average,7,Field,Promised,Call,0
SFL101048,520152,494189,189,Tier 3,Medium,Poor,5,Call,No Response,Call,0
SFL101049,47884,41626,12,Tier 1,Low,Average,5,Call,Promised,Call,0
SFL101050,898072,730838,252,Tier 2,Medium,Poor,19,Call,Promised,Call,0
SFL101051,114109,96469,84,Tier 3,Low,Poor,6,Field,No Response,Legal,0
SFL101052,30306,20259,486,Tier 1,Medium,Average,5,Call,Promised,Legal,11795
SFL101053,39428,35804,214,Tier 3,Medium,Good,17,Field,No Response,Call,16769
SFL101054,61561,30542,251,Tier 2,Low,Good,1,Call,Paid,Field,25233
SFL101055,195524,121689,117,Tier 3,Medium,Poor,5,Call,No Response,Call,46401
SFL101056,60500,48622,63,Tier 2,Low,Good,2,Field,Promised,Field,25954
SFL101057,566560,527956,160,Tier 1,Medium,Average,3,Legal,No Response,Field,0
SFL101058,762494,530837,357,Tier 3,Low,Average,1,Call,Paid,Field,459748
SFL101059,239769,102751,21,Tier 2,Medium,Average,3,Field,No Response,Call,0
SFL101060,65383,27541,213,Tier 1,Medium,Good,3,Call,Promised,Call,0
SFL101061,17909,16996,57,Tier 3,Low,Average,5,Legal,Refused,Call,0
SFL101062,546273,174711,77,Tier 3,Low,Poor,5,Call,Promised,Call,0
SFL101063,24158,20297,405,Tier 2,High,Average,17,Call,Refused,Legal,0
SFL101064,62975,37482,612,Tier 1,Low,Average,3,Legal,No Response,Legal,0
SFL101065,189811,150818,526,Tier 2,Medium,Good,4,Call,Refused,Field,47541
SFL101066,35895,26302,148,Tier 1,Medium,Poor,6,Call,Refused,Call,0
SFL101067,42450,40998,92,Tier 2,High,Average,1,Call,Promised,Call,0
SFL101068,221535,104911,88,Tier 1,High,Average,4,Call,Refused,Field,61553
SFL101069,67982,53617,48,Tier 2,Medium,Average,3,Field,Promised,Field,0
SFL101070,20696,14419,186,Tier 3,High,Average,1,Call,No Response,Field,0
SFL101071,67315,47784,38,Tier 2,Low,Average,2,Legal,Promised,Legal,0
SFL101072,309953,163987,165,Tier 1,Low,Average,13,Field,Promised,Call,0
SFL101073,284004,133129,391,Tier 2,Medium,Poor,19,Call,Promised,Legal,0
SFL101074,33188,25323,51,Tier 1,Medium,Good,9,Call,No Response,Call,16369
SFL101075,49679,47317,522,Tier 2,Low,Poor,9,Field,Refused,Call,0
SFL101076,301190,189784,578,Tier 3,Medium,Poor,16,Legal,Promised,Call,0
SFL101077,13757,12270,271,Tier 2,High,Average,6,Call,No Response,Field,0
SFL101078,163229,88603,85,Tier 2,Low,Good,5,Call,No Response,Call,0
SFL101079,818947,340116,244,Tier 1,High,Poor,7,Call,Paid,Call,0
SFL101080,21156,18133,15,Tier 3,High,Poor,1,Call,Refused,Field,3913
SFL101081,58321,47203,121,Tier 1,Low,Poor,17,Field,No Response,Call,0
SFL101082,94542,48656,355,Tier 1,High,Poor,8,Call,Paid,Call,0
SFL101083,37764,13610,217,Tier 1,High,Average,4,Field,Refused,Call,0
SFL101084,278995,148930,126,Tier 2,Medium,Average,5,Field,No Response,Call,0
SFL101085,799385,673027,133,Tier 1,Low,Poor,6,Call,Refused,Call,0
SFL101086,60560,29015,111,Tier 3,Medium,Average,9,Legal,Promised,Field,10381
SFL101087,493462,286245,32,Tier 2,Medium,Average,4,Call,Promised,Call,0
SFL101088,35612,28009,334,Tier 1,Medium,Average,5,Field,No Response,Field,0
SFL101089,348967,165930,59,Tier 3,High,Poor,17,Call,Refused,Field,0
SFL101090,1170143,403683,178,Tier 2,Medium,Good,18,Call,No Response,Field,0
SFL101091,55711,33675,161,Tier 1,Low,Poor,7,Call,Refused,Field,0
SFL101092,41656,30488,283,Tier 3,Low,Poor,6,Field,Refused,Field,0
SFL101093,343384,207034,145,Tier 2,Medium,Poor,5,Call,Refused,Field,0
SFL101094,878184,708237,695,Tier 3,Medium,Average,4,Field,No Response,Field,0
SFL101095,307146,98264,113,Tier 1,High,Poor,8,Field,No Response,Call,0
SFL101096,158749,99799,695,Tier 3,Medium,Average,5,Field,No Response,Legal,0
SFL101097,23516,18367,605,Tier 1,Medium,Poor,6,Field,No Response,Legal,5330
SFL101098,50431,26617,58,Tier 2,Low,Poor,9,Field,Refused,Field,0
SFL101099,57492,38001,181,Tier 3,Low,Average,5,Field,Refused,Field,19949
SFL101100,247265,74423,15,Tier 2,Low,Poor,1,Field,Paid,Field,0
SFL101101,826328,336112,111,Tier 2,Medium,Poor,5,Call,No Response,Legal,0
SFL101102,52391,32107,99,Tier 2,Low,Average,4,Call,No Response,Field,0
SFL101103,17867,10822,287,Tier 3,Low,Average,5,Call,Refused,Field,2049
SFL101104,229789,193721,39,Tier 2,Medium,Poor,4,Call,Refused,Field,0
SFL101105,1088424,369406,54,Tier 3,Low,Average,5,Field,No Response,Field,211652
SFL101106,34065,27996,242,Tier 1,High,Average,4,Call,No Response,Call,0
SFL101107,22948,21656,277,Tier 2,Medium,Average,6,Call,Refused,Legal,0
SFL101108,59053,19714,41,Tier 3,Medium,Good,12,Legal,Promised,Field,13255
SFL101109,155909,108193,160,Tier 2,Medium,Poor,6,Call,Refused,Call,0
SFL101110,44418,18464,85,Tier 1,Medium,Average,4,Call,Refused,Call,10884
SFL101111,284137,113187,597,Tier 3,Medium,Average,1,Field,No Response,Legal,0
SFL101112,144414,46534,344,Tier 2,Low,Poor,4,Legal,No Response,Call,0
SFL101113,25212,8087,335,Tier 1,High,Average,6,Call,Paid,Call,5172
SFL101114,50349,28885,706,Tier 1,Medium,Poor,5,Legal,No Response,Legal,0
SFL101115,14754,10917,72,Tier 1,Medium,Average,1,Call,No Response,Field,2527
SFL101116,112216,78083,17,Tier 2,Low,Average,5,Call,Promised,Field,68021
SFL101117,18432,15094,90,Tier 1,Medium,Good,19,Legal,Paid,Field,0
SFL101118,45272,31571,562,Tier 1,High,Average,6,Field,No Response,Call,0
SFL101119,57075,47744,484,Tier 1,Medium,Average,5,Field,Paid,Legal,0
SFL101120,28107,26976,45,Tier 3,Low,Average,5,Call,Refused,Field,15809
SFL101121,308212,202772,262,Tier 2,High,Average,8,Call,Promised,Field,0
SFL101122,320589,160611,309,Tier 3,Medium,Average,10,Call,No Response,Field,0
SFL101123,64990,50974,70,Tier 2,High,Poor,4,Call,No Response,Call,0
SFL101124,53131,20186,667,Tier 3,Medium,Good,20,Field,Promised,Field,14940
SFL101125,104730,92013,22,Tier 3,Low,Poor,9,Call,Refused,Field,0
SFL101126,36702,15432,163,Tier 3,Low,Average,3,Call,No Response,Field,7281
SFL101127,31669,29194,120,Tier 2,Low,Good,6,Call,Promised,Field,0
SFL101128,137006,131834,81,Tier 1,Medium,Average,10,Field,Promised,Legal,0
SFL101129,761486,249701,75,Tier 3,Low,Poor,9,Legal,No Response,Call,0
SFL101130,222596,170205,155,Tier 2,Low,Average,2,Legal,Refused,Call,0
SFL101131,976124,812248,12,Tier 2,Low,Average,4,Call,No Response,Field,0
SFL101132,37629,34024,230,Tier 1,Medium,Good,4,Field,No Response,Call,0
SFL101133,37737,12686,58,Tier 1,Low,Average,5,Field,Refused,Field,0
SFL101134,63192,32501,67,Tier 3,Low,Poor,17,Legal,Refused,Call,0
SFL101135,68010,26010,131,Tier 2,Medium,Average,10,Legal,Refused,Field,0
SFL101136,27390,12701,81,Tier 2,Medium,Average,10,Call,No Response,Call,10262
SFL101137,687810,316977,297,Tier 2,Low,Good,8,Field,No Response,Field,103858
SFL101138,206787,157459,34,Tier 3,Medium,Average,10,Call,Refused,Field,0
SFL101139,31042,27241,83,Tier 2,High,Average,7,Call,Paid,Call,10136
SFL101140,171629,140430,109,Tier 2,Low,Good,6,Call,Promised,Call,95598
SFL101141,62269,20122,339,Tier 1,Low,Poor,10,Call,No Response,Call,0
SFL101142,61216,49479,40,Tier 2,Low,Poor,7,Call,No Response,Legal,0
SFL101143,286572,255518,198,Tier 1,Medium,Poor,8,Call,No Response,Field,0
SFL101144,49200,40788,289,Tier 2,Low,Average,13,Field,No Response,Field,14508
SFL101145,274757,101099,329,Tier 3,Low,Average,2,Call,No Response,Field,0
SFL101146,521284,204398,676,Tier 2,High,Poor,10,Field,Promised,Call,0
SFL101147,564990,339937,173,Tier 2,High,Good,12,Call,No Response,Call,245882
SFL101148,217092,122060,311,Tier 2,Medium,Poor,11,Field,No Response,Call,0
SFL101149,45586,15489,143,Tier 1,Low,Average,6,Call,No Response,Legal,0
SFL101150,59257,47897,61,Tier 2,Low,Good,9,Call,Promised,Field,32508
SFL101151,33127,15606,112,Tier 3,Medium,Average,2,Call,No Response,Field,0
SFL101152,30858,26223,385,Tier 2,Low,Poor,8,Call,Paid,Field,0
SFL101153,192094,61540,125,Tier 2,Medium,Average,6,Field,Refused,Call,0
SFL101154,20017,13452,136,Tier 2,High,Average,15,Legal,Paid,Field,0
SFL101155,950874,445308,86,Tier 3,Low,Poor,8,Legal,No Response,Call,0
SFL101156,44117,21522,560,Tier 1,Low,Average,6,Call,Promised,Legal,0
SFL101157,109967,70823,355,Tier 1,Medium,Poor,19,Field,Refused,Call,0
SFL101158,52382,42614,187,Tier 2,Medium,Average,15,Call,Refused,Field,0
SFL101159,21914,18958,172,Tier 3,Medium,Poor,8,Legal,Refused,Field,0
SFL101160,45963,32073,89,Tier 3,Low,Average,13,Call,No Response,Call,0
SFL101161,299612,153389,9,Tier 3,Low,Average,2,Field,No Response,Field,87030
SFL101162,921103,610072,147,Tier 2,Low,Average,6,Field,No Response,Field,0
SFL101163,340043,162063,388,Tier 3,Medium,Average,1,Legal,No Response,Call,132073
SFL101164,156101,143929,761,Tier 3,Low,Poor,11,Call,Refused,Call,0
SFL101165,144183,64454,165,Tier 2,Low,Average,10,Call,Paid,Call,0
SFL101166,291933,256232,118,Tier 2,High,Average,3,Call,No Response,Field,213582
SFL101167,52186,18929,167,Tier 3,Low,Good,12,Call,Promised,Field,18169
SFL101168,19986,18532,131,Tier 3,Low,Poor,7,Call,Refused,Field,0
SFL101169,499028,227318,170,Tier 2,Low,Average,8,Call,Promised,Field,194662
SFL101170,326536,145792,174,Tier 3,Low,Poor,6,Call,Refused,Field,0
SFL101171,47023,40252,360,Tier 3,Low,Good,5,Field,Paid,Field,27956
SFL101172,567374,284213,150,Tier 3,Low,Poor,12,Call,Refused,Legal,0
SFL101173,38963,11766,199,Tier 2,Medium,Poor,15,Field,No Response,Legal,0
SFL101174,46860,20444,253,Tier 1,High,Poor,14,Field,Paid,Call,0
SFL101175,90504,62026,67,Tier 3,Low,Average,6,Legal,Paid,Field,0
SFL101176,63169,59163,106,Tier 2,Low,Poor,10,Legal,No Response,Field,19948
SFL101177,112837,58603,125,Tier 1,Low,Average,15,Legal,No Response,Call,0
SFL101178,13443,5024,45,Tier 2,Medium,Average,9,Call,Promised,Call,0
SFL101179,663137,469013,367,Tier 3,Low,Good,15,Call,Promised,Field,0
SFL101180,10052,5041,623,Tier 1,Medium,Poor,10,Call,No Response,Legal,0
SFL101181,346088,212011,502,Tier 1,Low,Average,5,Call,Paid,Call,57229
SFL101182,326881,309416,116,Tier 3,Low,Average,12,Call,No Response,Field,0
SFL101183,54000,30867,144,Tier 2,Low,Poor,17,Field,No Response,Field,17626
SFL101184,58696,25324,13,Tier 3,Medium,Average,9,Legal,Promised,Field,10193
SFL101185,36457,20924,130,Tier 2,Low,Good,14,Call,Paid,Call,13805
SFL101186,965626,374112,41,Tier 1,High,Poor,4,Call,Promised,Call,70017
SFL101187,34827,32740,220,Tier 1,High,Average,5,Call,Promised,Field,6662
SFL101188,43554,25616,47,Tier 3,Medium,Average,9,Field,Promised,Call,0
SFL101189,773923,424513,248,Tier 2,Low,Poor,20,Call,Promised,Call,0
SFL101190,36497,31710,253,Tier 3,High,Average,3,Field,No Response,Call,0
SFL101191,252778,202505,115,Tier 2,Low,Average,17,Field,No Response,Field,0
SFL101192,650543,374226,144,Tier 1,Medium,Good,8,Legal,Promised,Field,253442
SFL101193,72019,45737,347,Tier 1,Low,Average,1,Field,No Response,Field,0
SFL101194,50209,29313,92,Tier 1,Low,Good,10,Call,No Response,Call,11566
SFL101195,47889,46179,139,Tier 2,High,Average,20,Field,Refused,Field,0
SFL101196,340095,294911,226,Tier 2,Low,Average,5,Legal,Promised,Field,0
SFL101197,72647,40759,163,Tier 3,Medium,Average,4,Call,Promised,Field,0
SFL101198,1038696,868425,22,Tier 2,Medium,Average,4,Call,Paid,Field,236742
SFL101199,28541,19622,348,Tier 1,Low,Poor,8,Legal,Refused,Legal,0
SFL101200,92292,73940,86,Tier 1,High,Poor,9,Legal,Refused,Call,0
SFL101201,55571,34471,36,Tier 2,Low,Average,2,Field,No Response,Field,0
SFL101202,367012,355106,87,Tier 3,Medium,Poor,13,Call,No Response,Call,0
SFL101203,428731,350550,145,Tier 2,High,Average,11,Call,No Response,Field,0
SFL101204,47853,46378,172,Tier 3,Low,Average,4,Field,Refused,Field,17342
SFL101205,703512,289874,684,Tier 1,Medium,Average,4,Field,Promised,Legal,0
SFL101206,340649,232337,44,Tier 3,Medium,Average,5,Field,Promised,Field,0
SFL101207,57474,20570,141,Tier 1,Low,Good,6,Legal,Refused,Call,12207
SFL101208,52485,49353,246,Tier 2,Medium,Good,4,Call,Paid,Field,37910
SFL101209,36715,15159,724,Tier 2,Low,Good,1,Call,Paid,Legal,9039
SFL101210,969767,677850,203,Tier 2,Medium,Poor,12,Call,Paid,Legal,0
SFL101211,73385,60355,499,Tier 1,High,Average,9,Call,No Response,Call,0
SFL101212,14770,4666,36,Tier 1,Low,Poor,4,Call,No Response,Field,0
SFL101213,166901,59576,17,Tier 1,Low,Poor,6,Field,Promised,Call,25637
SFL101214,308116,144164,141,Tier 2,Low,Average,5,Call,No Response,Field,0
SFL101215,51787,17231,10,Tier 1,Low,Average,8,Call,Refused,Call,0
SFL101216,16110,14833,197,Tier 2,Low,Average,6,Call,No Response,Field,0
SFL101217,60716,52279,113,Tier 2,Low,Good,4,Field,Paid,Field,29031
SFL101218,26161,24365,103,Tier 2,High,Poor,10,Call,No Response,Call,14579
SFL101219,53067,21054,176,Tier 3,High,Average,3,Call,Refused,Call,0
SFL101220,122525,73093,220,Tier 1,Low,Average,9,Legal,Promised,Call,0
SFL101221,765462,343130,82,Tier 1,Low,Good,3,Call,No Response,Call,223066
SFL101222,50566,22816,20,Tier 2,Low,Average,2,Field,Promised,Call,12774
SFL101223,73558,51623,76,Tier 2,Medium,Poor,12,Field,No Response,Legal,0
SFL101224,31725,17528,15,Tier 3,Medium,Poor,7,Legal,No Response,Call,0
SFL101225,21586,16004,21,Tier 2,Medium,Poor,3,Field,Refused,Field,3568
SFL101226,279888,173690,186,Tier 2,Medium,Average,1,Call,Promised,Call,0
SFL101227,343766,187805,153,Tier 1,Low,Good,18,Field,Paid,Field,0
SFL101228,202554,156176,108,Tier 2,Medium,Average,8,Call,Promised,Field,118852
SFL101229,254568,173611,29,Tier 1,Low,Poor,5,Call,No Response,Field,0
SFL101230,416704,349895,41,Tier 3,Low,Poor,16,Call,No Response,Call,0
SFL101231,298274,121406,253,Tier 1,Low,Good,5,Call,Refused,Legal,0
SFL101232,296093,240772,58,Tier 3,Medium,Poor,8,Call,Promised,Call,76696
SFL101233,269641,243673,115,Tier 3,Medium,Poor,15,Legal,Refused,Call,0
SFL101234,66624,43188,71,Tier 2,Medium,Good,2,Field,Refused,Legal,0
SFL101235,14196,11086,141,Tier 2,Low,Good,3,Legal,Refused,Call,0
SFL101236,68203,53364,154,Tier 1,High,Average,10,Call,Refused,Call,0
SFL101237,287584,182378,100,Tier 3,Medium,Average,8,Call,Promised,Field,60451
SFL101238,34221,27774,3,Tier 2,High,Good,1,Call,Refused,Legal,0
SFL101239,100579,44779,155,Tier 2,Low,Good,4,Call,Paid,Field,34087
SFL101240,218886,141200,129,Tier 1,Low,Poor,5,Call,Refused,Call,0
SFL101241,70761,50063,149,Tier 2,Medium,Poor,1,Call,Refused,Call,0
SFL101242,468304,167220,292,Tier 3,Low,Average,10,Field,Promised,Call,75178
SFL101243,257336,149957,75,Tier 3,High,Average,3,Call,Promised,Field,80585
SFL101244,109884,83125,124,Tier 2,Low,Poor,4,Call,Refused,Call,0
SFL101245,46711,39398,197,Tier 3,Low,Good,3,Call,No Response,Field,33121
SFL101246,322413,123739,343,Tier 1,High,Poor,18,Legal,Promised,Call,20310
SFL101247,339218,311210,167,Tier 1,Low,Poor,5,Call,Promised,Field,146091
SFL101248,309376,297080,802,Tier 2,Medium,Average,10,Call,No Response,Legal,0
SFL101249,272986,177739,8,Tier 3,Low,Poor,2,Call,Promised,Field,25616
SFL101250,26932,12480,91,Tier 2,Medium,Average,1,Legal,Promised,Call,8688
SFL101251,789416,241539,282,Tier 3,Medium,Poor,19,Call,No Response,Call,0
SFL101252,68617,24689,126,Tier 1,Low,Average,17,Field,Promised,Call,0
SFL101253,72240,45623,174,Tier 3,Low,Average,8,Call,Paid,Field,0
SFL101254,149056,46793,202,Tier 2,Low,Good,1,Call,Refused,Field,0
SFL101255,178887,172124,143,Tier 3,High,Average,7,Field,No Response,Call,0
SFL101256,76863,64749,158,Tier 3,Low,Poor,19,Field,Promised,Field,0
SFL101257,70520,33559,70,Tier 3,Low,Average,13,Field,No Response,Field,0
SFL101258,949868,477857,833,Tier 3,High,Average,19,Field,No Response,Legal,0
SFL101259,181328,127858,127,Tier 3,Medium,Good,18,Field,Promised,Field,0
SFL101260,41838,24525,102,Tier 3,Low,Average,5,Legal,No Response,Field,0
SFL101261,60851,50150,59,Tier 2,Medium,Poor,8,Call,No Response,Field,18814
SFL101262,75355,46023,67,Tier 2,Medium,Average,5,Call,Promised,Legal,0
SFL101263,70573,24597,89,Tier 3,Low,Average,7,Legal,Promised,Field,0
SFL101264,306422,108408,4,Tier 3,Low,Good,6,Field,Paid,Field,73153
SFL101265,101105,72768,21,Tier 1,High,Average,4,Call,No Response,Call,45153
SFL101266,21872,8936,334,Tier 2,Low,Good,1,Call,Paid,Field,7643
SFL101267,55989,46992,660,Tier 2,Low,Poor,4,Field,No Response,Field,0
SFL101268,57209,31745,61,Tier 2,Low,Poor,19,Field,No Response,Legal,0
SFL101269,215336,137702,238,Tier 3,Medium,Poor,17,Call,No Response,Call,0
SFL101270,266323,173491,89,Tier 3,Medium,Poor,6,Field,Refused,Legal,0
SFL101271,383213,206376,129,Tier 3,Medium,Average,2,Call,Promised,Field,47874
SFL101272,194159,177235,108,Tier 3,Low,Poor,19,Call,Promised,Field,0
SFL101273,54340,21132,23,Tier 1,Medium,Average,13,Field,No Response,Field,0
SFL101274,1137058,715534,228,Tier 3,Low,Good,15,Call,Promised,Field,513085
SFL101275,171039,143690,178,Tier 2,Medium,Poor,5,Field,Refused,Field,0
SFL101276,196714,101740,257,Tier 2,Medium,Poor,4,Call,Promised,Call,0
SFL101277,16256,15743,350,Tier 2,Medium,Poor,15,Call,No Response,Call,0
SFL101278,306775,172656,195,Tier 1,High,Average,6,Call,Paid,Call,121683
SFL101279,916077,362493,176,Tier 2,Low,Good,19,Call,Paid,Field,0
SFL101280,29120,21422,137,Tier 2,High,Good,6,Call,Promised,Field,12690
SFL101281,132777,103737,67,Tier 1,High,Average,4,Legal,Paid,Call,32132
SFL101282,857311,534998,103,Tier 2,Low,Poor,17,Legal,Refused,Legal,0
SFL101283,17310,14957,201,Tier 2,High,Good,8,Call,Promised,Field,13297
SFL101284,11763,6358,19,Tier 2,Low,Average,16,Call,Promised,Field,0
SFL101285,18580,15236,156,Tier 1,Low,Poor,7,Call,No Response,Call,0
SFL101286,217712,66555,249,Tier 2,Low,Poor,8,Call,Promised,Call,0
SFL101287,144292,86444,33,Tier 2,Low,Average,4,Call,Promised,Field,50580
SFL101288,57920,20356,313,Tier 2,Low,Poor,18,Field,No Response,Call,0
SFL101289,329853,193635,32,Tier 1,Medium,Poor,4,Call,No Response,Field,0
SFL101290,243109,89905,59,Tier 1,Medium,Poor,5,Call,No Response,Call,0
SFL101291,63916,24095,59,Tier 2,Medium,Good,13,Call,Promised,Field,21263
SFL101292,60879,36236,31,Tier 1,Medium,Poor,2,Call,No Response,Legal,0
SFL101293,34954,33002,140,Tier 1,Low,Average,4,Call,Promised,Field,10887
SFL101294,134085,94214,143,Tier 1,Low,Average,6,Call,Paid,Call,82240
SFL101295,28238,18712,167,Tier 1,High,Poor,3,Field,No Response,Call,0
SFL101296,14221,4682,355,Tier 1,Medium,Good,5,Call,Promised,Call,4656
SFL101297,13501,11721,294,Tier 3,Medium,Average,3,Field,Paid,Field,9348
SFL101298,293895,158258,469,Tier 3,Low,Good,17,Call,Promised,Field,0
SFL101299,719518,432130,206,Tier 2,Low,Poor,20,Call,Refused,Field,0
SFL101300,406154,228509,209,Tier 1,Low,Poor,4,Field,No Response,Call,0
SFL101301,430617,264846,248,Tier 1,Medium,Poor,5,Call,No Response,Call,0
SFL101302,197904,149547,858,Tier 3,Low,Poor,5,Call,Refused,Call,0
SFL101303,1009922,803056,796,Tier 3,Low,Poor,8,Call,No Response,Legal,0
SFL101304,16400,13983,79,Tier 2,Low,Good,4,Field,Promised,Call,11856
SFL101305,67798,56146,649,Tier 1,High,Average,6,Field,Promised,Call,13759
SFL101306,576275,544697,144,Tier 1,Medium,Average,2,Call,Promised,Legal,371397
SFL101307,195342,164714,242,Tier 2,Low,Good,4,Call,Refused,Call,0
SFL101308,157493,120387,137,Tier 2,High,Good,12,Call,Paid,Field,89989
SFL101309,45333,32432,114,Tier 3,Low,Poor,19,Call,Refused,Field,0
SFL101310,52139,22616,248,Tier 2,Low,Poor,10,Call,No Response,Legal,0
SFL101311,256915,117307,54,Tier 1,High,Poor,7,Field,No Response,Call,0
SFL101312,10144,5616,155,Tier 1,Low,Average,3,Call,Refused,Field,0
SFL101313,616760,487369,136,Tier 3,Low,Poor,1,Call,No Response,Field,0
SFL101314,73837,59705,339,Tier 3,High,Poor,20,Call,No Response,Call,31700
SFL101315,12936,6122,4,Tier 3,Medium,Average,14,Legal,No Response,Call,0
SFL101316,800573,481531,18,Tier 3,Medium,Poor,3,Field,No Response,Legal,280100
SFL101317,44314,21035,147,Tier 3,Low,Poor,6,Call,Refused,Field,0
SFL101318,211714,143371,232,Tier 3,Low,Poor,11,Legal,No Response,Field,38361
SFL101319,66155,51202,26,Tier 3,Medium,Average,6,Field,No Response,Field,44611
SFL101320,696490,234938,696,Tier 3,Medium,Good,7,Call,No Response,Call,0
SFL101321,35255,15203,17,Tier 1,Medium,Average,12,Field,Promised,Field,0
SFL101322,268396,107030,152,Tier 3,Low,Average,11,Field,Promised,Field,68521
SFL101323,43336,35674,121,Tier 2,Low,Average,6,Field,Refused,Field,5780
SFL101324,28346,24958,788,Tier 2,High,Average,7,Legal,Refused,Call,0
SFL101325,271259,192837,241,Tier 3,Low,Average,15,Field,Refused,Call,0
SFL101326,222531,70490,92,Tier 1,Medium,Average,7,Field,No Response,Call,0
SFL101327,12118,8859,125,Tier 2,Medium,Average,6,Legal,Refused,Call,5111
SFL101328,1059712,410309,378,Tier 1,Medium,Poor,3,Call,No Response,Field,0
SFL101329,49322,37579,331,Tier 3,Low,Good,8,Call,Promised,Field,27220
SFL101330,885536,647061,155,Tier 2,Medium,Average,3,Call,Promised,Field,0
SFL101331,83796,54713,363,Tier 2,Low,Average,17,Field,Promised,Field,0
SFL101332,69940,28272,586,Tier 2,Low,Average,8,Field,Promised,Field,14663
SFL101333,484430,146193,11,Tier 3,High,Good,14,Legal,Promised,Field,103331
SFL101334,871039,540893,4,Tier 2,Low,Average,9,Call,Paid,Field,307800
SFL101335,162969,124643,716,Tier 3,Low,Average,13,Call,Promised,Legal,0
SFL101336,465975,257427,169,Tier 3,Low,Average,19,Field,No Response,Legal,98013
SFL101337,26981,10393,82,Tier 2,Low,Average,1,Call,No Response,Field,2713
SFL101338,121201,52329,51,Tier 1,Low,Average,1,Call,Paid,Field,0
SFL101339,288526,156259,174,Tier 3,Medium,Average,9,Field,Promised,Call,0
SFL101340,976998,467810,449,Tier 3,High,Good,10,Call,Paid,Field,264877
SFL101341,145254,121438,216,Tier 3,Low,Good,10,Call,Promised,Legal,72471
SFL101342,47547,39738,182,Tier 1,Medium,Poor,10,Call,No Response,Field,0
SFL101343,72925,53411,323,Tier 3,Low,Average,4,Call,Promised,Call,0
SFL101344,87095,67355,5,Tier 2,Low,Good,7,Field,Refused,Field,0
SFL101345,74207,52441,628,Tier 2,High,Average,2,Call,Promised,Field,0
SFL101346,46625,29361,155,Tier 2,High,Average,8,Call,No Response,Call,0
SFL101347,452433,378041,374,Tier 2,Medium,Poor,4,Call,Promised,Call,0
SFL101348,244163,192645,18,Tier 3,Low,Average,6,Call,No Response,Legal,0
SFL101349,24093,17553,236,Tier 2,Low,Average,10,Call,No Response,Field,0
SFL101350,162451,88741,555,Tier 1,High,Poor,4,Call,No Response,Call,0
SFL101351,71742,61505,142,Tier 2,Low,Average,10,Call,Refused,Field,13256
SFL101352,117552,109113,355,Tier 1,Medium,Poor,2,Field,Refused,Call,0
SFL101353,157046,92205,346,Tier 2,Medium,Average,10,Call,Promised,Call,44472
SFL101354,298750,137180,96,Tier 2,Low,Poor,7,Call,No Response,Field,0
SFL101355,18274,11902,117,Tier 2,Low,Poor,7,Field,Refused,Call,0
SFL101356,29661,19899,236,Tier 2,High,Average,5,Call,Refused,Field,0
SFL101357,392890,279772,124,Tier 1,Low,Average,7,Call,No Response,Legal,0
SFL101358,155512,130323,452,Tier 3,High,Poor,6,Call,No Response,Legal,0
SFL101359,69912,28408,123,Tier 2,Low,Poor,18,Call,Refused,Field,0
SFL101360,43087,14793,197,Tier 2,Low,Poor,9,Call,No Response,Call,0
SFL101361,203208,131399,174,Tier 2,Low,Poor,4,Call,No Response,Field,0
SFL101362,235389,105732,57,Tier 3,High,Good,6,Field,Refused,Field,0
SFL101363,231479,203617,136,Tier 3,Medium,Good,6,Call,Promised,Call,192869
SFL101364,45163,28187,136,Tier 1,Low,Average,3,Call,Refused,Call,12194
SFL101365,66407,26354,321,Tier 2,Medium,Poor,5,Call,No Response,Call,0
SFL101366,906693,741844,171,Tier 1,Medium,Poor,5,Call,No Response,Field,0
SFL101367,56944,20746,331,Tier 3,Medium,Poor,9,Legal,No Response,Call,0
SFL101368,60238,34313,59,Tier 1,Low,Poor,7,Legal,No Response,Field,0
SFL101369,45585,26884,260,Tier 2,Medium,Good,8,Legal,Promised,Field,26860
SFL101370,330228,320290,12,Tier 1,Low,Average,5,Call,Paid,Call,125065
SFL101371,40677,37025,682,Tier 1,Low,Poor,5,Field,Refused,Call,0
SFL101372,60308,52606,417,Tier 2,Low,Average,9,Call,Paid,Legal,0
SFL101373,74989,56129,331,Tier 3,Low,Average,3,Field,No Response,Field,21593
SFL101374,243963,214862,207,Tier 2,High,Good,17,Field,Promised,Field,0
SFL101375,34399,26454,177,Tier 1,Medium,Poor,3,Legal,Promised,Legal,0
SFL101376,23505,15754,159,Tier 3,Medium,Average,18,Call,No Response,Field,0
SFL101377,44224,20492,50,Tier 2,Medium,Poor,4,Field,Refused,Call,0
SFL101378,80541,77660,476,Tier 1,Medium,Good,5,Call,No Response,Call,23539
SFL101379,44311,38396,65,Tier 2,Medium,Good,10,Field,Paid,Field,30502
SFL101380,12425,6416,119,Tier 3,Medium,Average,6,Call,Refused,Field,0
SFL101381,139689,93598,85,Tier 3,Low,Average,1,Call,Promised,Field,27797
SFL101382,530222,301709,208,Tier 3,Low,Poor,2,Field,Refused,Call,0
SFL101383,25125,20264,27,Tier 2,Low,Poor,16,Call,Promised,Field,0
SFL101384,20677,16377,33,Tier 2,Low,Poor,10,Legal,No Response,Field,0
SFL101385,70879,44673,28,Tier 2,Medium,Good,5,Legal,Promised,Field,0
SFL101386,63028,28700,70,Tier 2,Medium,Good,5,Field,No Response,Field,11971
SFL101387,1037924,897462,603,Tier 2,Medium,Average,8,Call,Refused,Field,0
SFL101388,213427,206244,652,Tier 3,Medium,Poor,6,Legal,No Response,Field,0
SFL101389,48951,40249,328,Tier 2,Low,Good,6,Call,Promised,Call,30423
SFL101390,154535,63591,116,Tier 3,Medium,Poor,4,Call,No Response,Field,0
SFL101391,170419,156420,142,Tier 3,Medium,Average,5,Call,Paid,Field,0
SFL101392,34657,15571,293,Tier 1,High,Poor,8,Call,No Response,Call,0
SFL101393,526083,259133,6,Tier 1,Medium,Poor,10,Field,Refused,Field,0
SFL101394,74547,71028,180,Tier 2,Low,Average,5,Call,Promised,Field,0
SFL101395,35070,30763,157,Tier 2,High,Average,1,Call,Promised,Field,13129
SFL101396,780123,631345,136,Tier 3,High,Average,10,Call,No Response,Call,159486
SFL101397,123775,88667,775,Tier 3,High,Poor,4,Call,Refused,Call,0
SFL101398,62523,25355,284,Tier 1,High,Average,2,Call,Promised,Call,5151
SFL101399,55978,18343,61,Tier 1,Medium,Poor,4,Call,No Response,Call,0
SFL101400,110731,37341,499,Tier 2,Medium,Poor,4,Call,Refused,Legal,0
SFL101401,45032,40922,11,Tier 3,Medium,Average,6,Field,No Response,Legal,0
SFL101402,510987,231738,99,Tier 1,Medium,Good,4,Field,No Response,Call,146504
SFL101403,47451,18390,84,Tier 1,Low,Average,8,Call,No Response,Call,0
SFL101404,740023,675423,289,Tier 2,Low,Average,5,Field,Refused,Legal,0
SFL101405,599796,414154,106,Tier 2,Medium,Good,6,Legal,Promised,Call,0
SFL101406,22535,16353,133,Tier 1,High,Average,9,Field,Promised,Call,3763
SFL101407,70017,47808,249,Tier 1,Medium,Poor,7,Call,Promised,Field,0
SFL101408,141818,69909,55,Tier 1,Low,Good,8,Call,Refused,Legal,0
SFL101409,16570,12507,207,Tier 1,Low,Average,5,Legal,Paid,Call,4829
SFL101410,1185910,532780,249,Tier 1,Medium,Poor,17,Call,No Response,Legal,0
SFL101411,49002,15353,145,Tier 3,Low,Good,8,Call,No Response,Call,0
SFL101412,66666,57551,108,Tier 3,Medium,Average,9,Call,No Response,Field,0
SFL101413,307194,287762,326,Tier 2,Low,Average,16,Field,No Response,Field,0
SFL101414,40723,27440,230,Tier 3,Low,Average,5,Field,Refused,Field,5900
SFL101415,65386,27445,244,Tier 2,Low,Poor,4,Call,Promised,Call,0
SFL101416,16280,13816,101,Tier 3,Low,Average,2,Legal,Refused,Legal,0
SFL101417,48910,35012,137,Tier 2,High,Poor,14,Field,Refused,Legal,0
SFL101418,237561,168557,89,Tier 2,High,Average,10,Call,No Response,Legal,0
SFL101419,61369,36115,738,Tier 3,Low,Good,5,Call,Paid,Call,29833
SFL101420,316477,280958,10,Tier 3,Low,Poor,12,Field,No Response,Call,58516
SFL101421,64464,41515,17,Tier 3,High,Poor,17,Call,No Response,Call,0
SFL101422,295445,272916,170,Tier 2,Medium,Poor,2,Call,Promised,Call,0
SFL101423,133857,100535,147,Tier 2,Low,Average,6,Field,No Response,Call,0
SFL101424,269631,99540,126,Tier 3,Low,Average,4,Field,No Response,Field,0
SFL101425,127941,45583,191,Tier 3,High,Average,2,Field,No Response,Call,0
SFL101426,44685,38401,234,Tier 3,Medium,Average,4,Call,Paid,Field,15292
SFL101427,155583,47990,39,Tier 2,High,Average,6,Legal,No Response,Call,0
SFL101428,568923,387197,170,Tier 2,Low,Good,4,Call,No Response,Field,0
SFL101429,30504,12368,184,Tier 3,Low,Poor,16,Call,No Response,Call,0
SFL101430,16538,10744,54,Tier 3,Medium,Good,1,Legal,Promised,Field,7798
SFL101431,457044,193596,312,Tier 1,Medium,Poor,4,Call,Refused,Field,0
SFL101432,18328,11488,304,Tier 2,Low,Good,5,Call,No Response,Call,3462
SFL101433,211065,161472,46,Tier 1,High,Average,5,Call,Refused,Call,0
SFL101434,274366,207134,247,Tier 1,Medium,Good,18,Field,Refused,Field,0
SFL101435,958344,803896,511,Tier 3,Low,Average,5,Call,Paid,Field,643523
SFL101436,1014261,374659,51,Tier 2,Medium,Average,1,Call,Paid,Field,311684
SFL101437,230144,170903,17,Tier 1,High,Average,2,Field,No Response,Call,40719
SFL101438,89325,40113,247,Tier 2,High,Average,8,Field,Promised,Field,30930
SFL101439,29690,10316,92,Tier 3,Low,Poor,6,Legal,No Response,Field,1170
SFL101440,287886,210584,56,Tier 1,High,Good,5,Field,Refused,Call,82536
SFL101441,217410,139332,149,Tier 1,High,Poor,5,Legal,Refused,Call,0
SFL101442,237500,166012,42,Tier 3,Medium,Average,7,Call,Paid,Field,146127
SFL101443,65653,45733,239,Tier 2,Medium,Poor,5,Legal,No Response,Field,0
SFL101444,263845,122252,97,Tier 2,Low,Poor,4,Legal,Promised,Field,0
SFL101445,69836,28193,722,Tier 2,Low,Poor,10,Field,No Response,Legal,0
SFL101446,47781,20761,151,Tier 1,Low,Average,14,Call,Promised,Legal,6132
SFL101447,55710,47002,114,Tier 2,High,Average,12,Field,No Response,Field,0
SFL101448,591987,415297,213,Tier 3,Medium,Poor,6,Field,Refused,Call,233380
SFL101449,13512,4118,35,Tier 2,Low,Good,5,Call,No Response,Call,1076
SFL101450,13072,9812,107,Tier 2,High,Poor,3,Field,Promised,Call,0
SFL101451,333889,251452,787,Tier 3,High,Poor,13,Field,No Response,Legal,0
SFL101452,59194,20995,126,Tier 2,Medium,Poor,4,Call,No Response,Field,0
SFL101453,69838,50228,142,Tier 3,Low,Poor,13,Call,Refused,Call,0
SFL101454,1194150,721653,138,Tier 1,High,Average,13,Call,Promised,Call,528311
SFL101455,70410,56362,79,Tier 3,Low,Average,4,Field,No Response,Field,0
SFL101456,31885,16343,348,Tier 3,Medium,Good,2,Legal,Promised,Call,0
SFL101457,596815,366167,281,Tier 1,Low,Average,7,Call,No Response,Field,0
SFL101458,313747,298064,732,Tier 3,Low,Average,8,Call,Paid,Legal,0
SFL101459,828203,255036,144,Tier 2,High,Good,1,Call,Paid,Field,159301
SFL101460,341425,262424,170,Tier 1,High,Poor,4,Call,No Response,Call,0
SFL101461,70270,34763,39,Tier 1,Medium,Good,15,Call,No Response,Call,0
SFL101462,68197,30024,98,Tier 1,Medium,Good,2,Call,Promised,Call,21456
SFL101463,55225,18331,56,Tier 2,Low,Poor,8,Field,No Response,Call,0
SFL101464,952214,358859,395,Tier 1,Low,Average,5,Call,No Response,Legal,0
SFL101465,616590,339406,92,Tier 1,Medium,Good,9,Call,No Response,Call,101785
SFL101466,1076976,445729,67,Tier 1,High,Poor,10,Field,Promised,Field,0
SFL101467,160273,62381,263,Tier 1,Medium,Average,9,Legal,Refused,Call,0
SFL101468,32273,25816,273,Tier 1,High,Poor,5,Field,No Response,Call,3646
SFL101469,44833,31099,8,Tier 3,Medium,Poor,2,Legal,Promised,Legal,0
SFL101470,229674,170580,191,Tier 2,Low,Average,7,Field,Refused,Call,0
SFL101471,320229,184395,58,Tier 2,Medium,Poor,10,Call,No Response,Legal,0
SFL101472,23441,10196,23,Tier 2,Low,Average,8,Legal,No Response,Call,0
SFL101473,279691,253030,326,Tier 3,Medium,Average,11,Field,Promised,Field,0
SFL101474,347132,261508,311,Tier 3,Medium,Average,7,Call,Promised,Call,182594
SFL101475,358969,262831,330,Tier 3,High,Poor,5,Legal,No Response,Legal,0
SFL101476,73111,24050,111,Tier 3,Low,Poor,2,Call,Refused,Field,0
SFL101477,345215,151974,132,Tier 2,Medium,Poor,6,Call,No Response,Call,0
SFL101478,112772,62424,117,Tier 3,Low,Poor,6,Call,Refused,Field,0
SFL101479,11673,8522,155,Tier 1,Low,Poor,5,Call,No Response,Field,3214
SFL101480,97659,76935,107,Tier 1,Low,Poor,7,Call,No Response,Call,0
SFL101481,27553,17165,702,Tier 2,Medium,Average,11,Call,Paid,Legal,0
SFL101482,73856,37456,250,Tier 1,Low,Average,6,Field,No Response,Field,0
SFL101483,36556,13499,318,Tier 2,Low,Average,9,Legal,Promised,Field,0
SFL101484,101768,39126,132,Tier 2,Medium,Poor,4,Field,Promised,Field,17184
SFL101485,11915,7722,282,Tier 3,High,Poor,13,Call,Promised,Call,0
SFL101486,284931,105368,25,Tier 3,High,Poor,7,Call,No Response,Call,0
SFL101487,160769,146506,321,Tier 3,High,Average,20,Field,No Response,Field,0
SFL101488,41482,14808,421,Tier 1,Low,Average,5,Call,Promised,Call,0
SFL101489,1177627,484670,89,Tier 1,Medium,Poor,12,Call,Refused,Field,0
SFL101490,56116,32591,131,Tier 1,Medium,Poor,6,Field,No Response,Field,0
SFL101491,24255,14639,122,Tier 2,Low,Good,6,Call,No Response,Field,4386
SFL101492,337209,238226,129,Tier 3,Low,Poor,5,Call,Paid,Call,0
SFL101493,297427,95859,13,Tier 1,Medium,Poor,18,Call,No Response,Call,0
SFL101494,139598,124197,78,Tier 2,Medium,Good,7,Legal,Promised,Field,89421
SFL101495,474257,292028,862,Tier 1,Low,Average,18,Call,Promised,Call,0
SFL101496,34858,21037,285,Tier 2,Low,Good,3,Call,Promised,Field,0
SFL101497,13150,5254,301,Tier 3,Low,Poor,11,Call,Refused,Call,0
SFL101498,323183,155209,347,Tier 3,Medium,Average,15,Call,Promised,Field,0
SFL101499,52496,21579,141,Tier 3,Medium,Good,5,Legal,Refused,Legal,0
SFL101500,282341,224982,177,Tier 1,Medium,Average,6,Call,No Response,Call,0
SFL101501,348136,174014,156,Tier 2,Low,Good,6,Call,Promised,Field,136161
SFL101502,303973,133778,513,Tier 3,Low,Poor,6,Field,Promised,Call,0
SFL101503,243563,170403,242,Tier 2,Medium,Average,8,Field,Paid,Legal,136475
SFL101504,32686,23300,707,Tier 2,High,Poor,3,Call,Refused,Legal,0
SFL101505,57765,38222,49,Tier 1,Medium,Good,18,Field,Paid,Call,28648
SFL101506,217305,115296,821,Tier 3,Medium,Average,20,Call,Refused,Legal,0
SFL101507,311936,252103,483,Tier 3,Low,Poor,10,Legal,No Response,Call,0
SFL101508,959671,422152,87,Tier 3,High,Average,8,Field,Promised,Call,248255
SFL101509,56219,21849,299,Tier 2,Low,Good,2,Field,Promised,Call,20068
SFL101510,534823,450131,197,Tier 1,Low,Poor,8,Call,No Response,Call,0
SFL101511,172522,116210,16,Tier 2,Low,Poor,5,Call,Refused,Call,0
SFL101512,51187,44662,22,Tier 1,Medium,Poor,16,Field,No Response,Legal,0
SFL101513,167067,110213,178,Tier 1,Low,Average,4,Field,No Response,Field,0
SFL101514,58876,23948,145,Tier 2,Medium,Poor,5,Call,No Response,Call,0
SFL101515,273558,261971,882,Tier 2,Medium,Poor,2,Call,Refused,Legal,0
SFL101516,1141038,920840,137,Tier 2,Low,Poor,5,Call,No Response,Field,0
SFL101517,18246,14960,77,Tier 2,High,Average,1,Field,Promised,Field,7291
SFL101518,191881,183695,148,Tier 1,Medium,Average,5,Field,Promised,Call,0
SFL101519,748579,529877,351,Tier 2,Medium,Average,4,Field,Promised,Field,0
SFL101520,53203,46225,633,Tier 2,Medium,Poor,5,Call,No Response,Legal,7599
SFL101521,193169,169184,66,Tier 3,Medium,Poor,4,Call,Promised,Legal,0
SFL101522,390047,258352,136,Tier 3,Low,Average,1,Field,Paid,Field,161653
SFL101523,267986,163470,127,Tier 2,Medium,Poor,9,Call,No Response,Field,0
SFL101524,33891,30043,323,Tier 3,Medium,Good,11,Legal,No Response,Call,0
SFL101525,52605,26825,34,Tier 3,Low,Average,8,Call,Refused,Field,0
SFL101526,212404,129644,672,Tier 1,Medium,Poor,7,Call,Refused,Legal,0
SFL101527,303856,138704,83,Tier 3,Low,Average,5,Call,No Response,Call,0
SFL101528,207583,74589,173,Tier 2,Low,Poor,8,Field,No Response,Field,0
SFL101529,180974,80281,545,Tier 2,Low,Average,8,Call,No Response,Field,0
SFL101530,391350,141598,84,Tier 2,Medium,Average,6,Call,Refused,Field,54677
SFL101531,93927,60470,117,Tier 2,High,Average,17,Field,No Response,Legal,0
SFL101532,111284,101331,235,Tier 3,Medium,Average,5,Call,Promised,Legal,0
SFL101533,267875,157512,312,Tier 2,High,Average,8,Field,Promised,Field,113798
SFL101534,11710,10066,61,Tier 3,Medium,Poor,11,Field,No Response,Call,0
SFL101535,36144,31903,134,Tier 2,High,Average,13,Call,No Response,Field,0
SFL101536,241869,157300,872,Tier 1,Medium,Average,4,Field,No Response,Legal,0
SFL101537,228697,112327,314,Tier 2,Low,Average,3,Field,Promised,Field,0
SFL101538,252034,201024,482,Tier 3,Medium,Poor,6,Call,Refused,Call,0
SFL101539,175930,69914,188,Tier 2,Medium,Average,5,Call,No Response,Field,51506
SFL101540,36235,16405,134,Tier 1,Low,Average,7,Call,No Response,Call,4576
SFL101541,24036,18533,34,Tier 2,High,Poor,7,Call,Refused,Field,0
SFL101542,216356,119858,123,Tier 1,Medium,Average,12,Field,Promised,Legal,0
SFL101543,240026,117167,270,Tier 1,Low,Good,1,Field,Refused,Legal,0
SFL101544,215015,163472,173,Tier 2,Medium,Poor,1,Field,Promised,Call,0
SFL101545,288065,218235,32,Tier 3,Medium,Poor,9,Call,Promised,Field,0
SFL101546,83177,63463,326,Tier 2,High,Good,6,Field,Promised,Field,34414
SFL101547,324551,280581,145,Tier 2,High,Good,3,Call,Promised,Field,166121
SFL101548,17703,14991,160,Tier 3,Medium,Average,1,Call,No Response,Call,0
SFL101549,52999,27896,642,Tier 3,High,Average,9,Legal,Refused,Field,0
SFL101550,68130,57576,42,Tier 2,Medium,Average,20,Call,Promised,Call,22555
SFL101551,322650,117517,498,Tier 3,Low,Average,12,Legal,No Response,Field,0
SFL101552,71146,40474,470,Tier 3,Low,Poor,9,Call,Refused,Legal,0
SFL101553,345628,316096,71,Tier 3,Medium,Poor,3,Call,No Response,Call,69897
SFL101554,16213,6567,187,Tier 2,Medium,Average,10,Call,No Response,Field,0
SFL101555,47427,34774,98,Tier 3,Medium,Poor,7,Field,Paid,Field,0
SFL101556,818733,271206,195,Tier 2,Medium,Poor,4,Field,Refused,Call,0
SFL101557,595974,287787,109,Tier 2,Medium,Average,3,Call,Promised,Field,146527
SFL101558,35897,19438,166,Tier 2,Medium,Average,3,Call,Promised,Field,17154
SFL101559,74991,71570,106,Tier 3,Low,Average,7,Field,No Response,Field,0
SFL101560,38356,24740,109,Tier 2,Low,Average,10,Call,No Response,Field,0
SFL101561,57404,52765,116,Tier 1,High,Good,10,Field,Paid,Call,48936
SFL101562,54182,22670,11,Tier 3,Medium,Poor,6,Field,Promised,Call,0
SFL101563,58697,35140,239,Tier 2,Medium,Poor,6,Field,Promised,Call,0
SFL101564,81628,39221,331,Tier 2,Low,Poor,3,Legal,No Response,Call,0
SFL101565,29821,23490,274,Tier 2,Low,Poor,5,Field,No Response,Call,0
SFL101566,981804,576528,232,Tier 1,High,Average,4,Legal,No Response,Field,0
SFL101567,117102,89532,111,Tier 2,Medium,Poor,4,Call,No Response,Legal,0
SFL101568,53980,43949,148,Tier 2,High,Poor,3,Field,Refused,Call,0
SFL101569,31951,13550,84,Tier 2,Medium,Average,9,Legal,Promised,Field,0
SFL101570,23176,15591,126,Tier 2,Low,Good,1,Call,No Response,Field,11922
SFL101571,181968,100940,222,Tier 2,Medium,Poor,15,Call,No Response,Field,43784
SFL101572,16293,11222,91,Tier 3,Medium,Poor,6,Legal,No Response,Field,0
SFL101573,178653,133132,52,Tier 3,Medium,Poor,3,Call,No Response,Legal,0
SFL101574,266757,194145,253,Tier 3,Medium,Average,9,Field,Refused,Field,0
SFL101575,1130351,923005,878,Tier 1,Low,Average,6,Legal,No Response,Field,0
SFL101576,198937,189859,270,Tier 2,Low,Average,1,Call,No Response,Field,0
SFL101577,62573,44273,236,Tier 1,Low,Average,13,Field,Promised,Field,0
SFL101578,44151,29394,129,Tier 1,Low,Poor,5,Call,Refused,Field,0
SFL101579,796725,282290,191,Tier 3,Low,Average,10,Field,No Response,Call,0
SFL101580,30568,19844,499,Tier 2,Medium,Average,9,Field,Paid,Call,0
SFL101581,74980,66500,727,Tier 1,Medium,Poor,10,Field,Refused,Legal,0
SFL101582,270915,87842,327,Tier 3,Medium,Poor,5,Field,No Response,Call,0
SFL101583,152387,106715,7,Tier 3,Medium,Average,8,Call,Promised,Call,63365
SFL101584,1159154,975552,854,Tier 1,High,Average,3,Call,No Response,Legal,666648
SFL101585,540121,489580,364,Tier 3,High,Average,4,Call,Paid,Call,0
SFL101586,138669,103591,600,Tier 2,Medium,Average,9,Field,No Response,Call,0
SFL101587,61820,30329,290,Tier 3,High,Poor,10,Call,No Response,Legal,0
SFL101588,15836,5442,117,Tier 2,Low,Good,6,Field,Promised,Field,2926
SFL101589,128586,60687,160,Tier 2,Low,Poor,7,Field,No Response,Legal,0
SFL101590,18631,14231,281,Tier 1,Medium,Average,6,Field,Promised,Call,0
SFL101591,227231,162606,89,Tier 3,Medium,Poor,10,Field,Refused,Call,92535
SFL101592,869433,341791,300,Tier 2,Medium,Average,10,Call,Promised,Field,101161
SFL101593,284201,168164,42,Tier 3,Low,Average,10,Call,Promised,Field,91439
SFL101594,98491,39983,53,Tier 3,Low,Average,16,Call,Paid,Field,0
SFL101595,236953,166373,147,Tier 3,Low,Good,3,Call,No Response,Field,81456
SFL101596,72959,62427,48,Tier 3,Medium,Good,15,Call,Paid,Legal,0
SFL101597,66499,21329,152,Tier 3,High,Poor,10,Call,Refused,Call,0
SFL101598,797831,736777,235,Tier 2,Medium,Poor,11,Field,No Response,Call,0
SFL101599,710505,686038,291,Tier 2,Medium,Poor,10,Call,No Response,Call,0
SFL101600,333994,284582,50,Tier 2,Low,Good,2,Call,Paid,Field,247048
SFL101601,73057,45007,146,Tier 3,Medium,Average,6,Field,No Response,Field,0
SFL101602,40974,20896,117,Tier 2,Low,Poor,3,Field,No Response,Call,0
SFL101603,61796,58066,211,Tier 1,High,Average,6,Call,Promised,Call,43955
SFL101604,451382,380614,238,Tier 3,Medium,Poor,6,Call,Refused,Field,0
SFL101605,29299,14709,362,Tier 3,Medium,Poor,6,Call,Refused,Legal,0
SFL101606,47531,33073,122,Tier 3,Medium,Average,2,Call,Promised,Call,0
SFL101607,810296,250570,210,Tier 3,High,Average,6,Field,No Response,Field,120745
SFL101608,74357,60285,90,Tier 3,Low,Poor,1,Field,Refused,Legal,0
SFL101609,913280,374967,123,Tier 3,Low,Average,20,Call,Promised,Legal,0
SFL101610,384039,343557,52,Tier 2,Low,Poor,20,Call,Promised,Call,0
SFL101611,804031,430554,394,Tier 3,Medium,Poor,7,Field,Promised,Legal,0
SFL101612,118602,90354,269,Tier 3,High,Poor,8,Call,Refused,Legal,0
SFL101613,552817,502746,163,Tier 2,Medium,Average,8,Call,Promised,Call,310159
SFL101614,190375,155892,31,Tier 3,High,Average,18,Call,Refused,Field,33045
SFL101615,30181,19684,126,Tier 1,Medium,Poor,2,Field,Refused,Call,0
SFL101616,206119,175840,92,Tier 3,Low,Poor,20,Call,No Response,Call,0
SFL101617,54275,30625,81,Tier 2,Medium,Good,13,Legal,No Response,Field,0
SFL101618,265860,144224,230,Tier 2,Low,Good,7,Call,No Response,Legal,126411
SFL101619,32303,18484,344,Tier 1,Medium,Average,5,Legal,No Response,Field,0
SFL101620,186432,174455,643,Tier 1,Low,Good,10,Field,No Response,Call,0
SFL101621,50568,23955,123,Tier 3,High,Average,9,Call,Paid,Field,7636
SFL101622,218075,164664,687,Tier 2,Low,Poor,9,Legal,Refused,Call,0
SFL101623,57801,38008,67,Tier 2,Low,Poor,6,Call,Promised,Field,10485
SFL101624,277545,123880,75,Tier 3,High,Average,4,Call,Promised,Field,61807
SFL101625,281620,247467,504,Tier 1,Medium,Average,2,Call,Refused,Field,133277
SFL101626,51175,32127,60,Tier 2,Medium,Average,5,Legal,Refused,Field,7254
SFL101627,818910,718742,580,Tier 1,High,Average,3,Field,Paid,Legal,0
SFL101628,59559,36641,487,Tier 2,Low,Poor,1,Call,No Response,Call,0
SFL101629,183581,166909,8,Tier 3,Medium,Poor,7,Field,Refused,Call,0
SFL101630,630314,206337,157,Tier 3,Medium,Average,19,Call,Promised,Call,139252
SFL101631,625063,447250,41,Tier 3,Medium,Poor,6,Legal,No Response,Field,0
SFL101632,214975,201060,688,Tier 2,Low,Poor,4,Field,Refused,Legal,0
SFL101633,140116,111806,189,Tier 2,Medium,Average,4,Legal,Promised,Legal,69104
SFL101634,260189,126028,83,Tier 1,Low,Poor,3,Legal,No Response,Call,17542
SFL101635,496834,381993,312,Tier 1,Medium,Good,11,Call,Promised,Field,289590
SFL101636,64038,40038,116,Tier 3,Medium,Average,4,Call,Refused,Field,0
SFL101637,71066,34389,135,Tier 3,Low,Average,16,Field,Promised,Call,0
SFL101638,247148,214062,77,Tier 3,Low,Poor,9,Legal,Refused,Field,0
SFL101639,26731,13179,23,Tier 3,Low,Poor,16,Call,Promised,Call,0
SFL101640,19997,11983,294,Tier 3,Low,Average,1,Call,Promised,Field,0
SFL101641,855967,598672,306,Tier 3,High,Average,9,Call,Refused,Field,187496
SFL101642,46938,24803,152,Tier 2,Low,Good,5,Field,Paid,Field,23703
SFL101643,864662,344863,429,Tier 3,High,Poor,18,Field,Paid,Legal,0
SFL101644,25771,21377,737,Tier 3,High,Average,6,Legal,No Response,Call,0
SFL101645,261711,211536,164,Tier 3,Low,Average,9,Call,No Response,Field,0
SFL101646,196380,88264,613,Tier 2,Medium,Average,11,Call,Promised,Field,24327
SFL101647,531626,175057,188,Tier 3,Medium,Poor,2,Legal,No Response,Legal,0
SFL101648,346980,143513,161,Tier 2,High,Average,5,Legal,Refused,Field,0
SFL101649,55833,20218,141,Tier 1,High,Average,1,Field,Promised,Call,9796
SFL101650,61438,45237,177,Tier 3,Low,Average,5,Legal,Promised,Legal,0
SFL101651,205717,74375,283,Tier 1,Low,Poor,19,Field,No Response,Legal,0
SFL101652,62941,40784,317,Tier 2,Medium,Average,6,Call,Promised,Field,14735
SFL101653,216475,72663,98,Tier 3,Medium,Poor,11,Field,No Response,Call,0
SFL101654,1058607,867659,350,Tier 2,Low,Poor,12,Call,No Response,Field,0
SFL101655,26741,24875,143,Tier 2,Low,Poor,2,Call,Promised,Legal,0
SFL101656,39878,31077,107,Tier 2,Low,Poor,6,Field,No Response,Call,0
SFL101657,45613,16361,877,Tier 2,Medium,Poor,10,Call,No Response,Legal,0
SFL101658,12657,11600,337,Tier 2,Low,Good,4,Field,No Response,Field,0
SFL101659,49229,15459,150,Tier 2,Low,Good,19,Call,Refused,Field,0
SFL101660,267037,102208,521,Tier 3,Low,Average,14,Call,Refused,Legal,0
SFL101661,26110,9279,58,Tier 2,Low,Poor,1,Call,No Response,Call,0
SFL101662,39732,20594,507,Tier 2,Low,Poor,8,Call,Paid,Legal,0
SFL101663,807833,539960,164,Tier 1,Low,Good,6,Field,Paid,Call,485812
SFL101664,62655,28436,119,Tier 2,Medium,Average,9,Legal,No Response,Field,0
SFL101665,194120,62407,140,Tier 2,Low,Poor,2,Field,No Response,Legal,0
SFL101666,56536,28506,205,Tier 1,Low,Average,10,Call,No Response,Field,0
SFL101667,55911,49383,159,Tier 3,Low,Poor,8,Call,Refused,Call,25159
SFL101668,55879,49479,582,Tier 2,Medium,Average,6,Call,No Response,Legal,0
SFL101669,72379,57575,241,Tier 1,Low,Average,7,Call,Promised,Field,0
SFL101670,68285,37678,312,Tier 1,Low,Poor,13,Call,Promised,Field,0
SFL101671,275382,242213,549,Tier 2,High,Average,1,Field,Promised,Legal,206517
SFL101672,275816,228297,105,Tier 3,Medium,Good,10,Call,Paid,Field,167496
SFL101673,22865,22097,141,Tier 2,High,Poor,18,Field,Refused,Call,0
SFL101674,277217,177244,103,Tier 2,Medium,Poor,5,Field,Refused,Call,0
SFL101675,133757,128892,727,Tier 3,Low,Average,10,Field,No Response,Legal,57982
SFL101676,58955,28181,76,Tier 2,Medium,Poor,6,Legal,No Response,Call,0
SFL101677,994056,916619,73,Tier 1,Low,Average,2,Call,Paid,Call,755698
SFL101678,47875,18311,208,Tier 3,Medium,Average,7,Call,No Response,Call,0
SFL101679,345323,288191,80,Tier 3,Low,Poor,19,Call,No Response,Call,0
SFL101680,66000,49182,48,Tier 3,High,Good,4,Call,Refused,Field,22654
SFL101681,741666,638169,698,Tier 2,Medium,Average,3,Legal,No Response,Legal,0
SFL101682,26229,16706,98,Tier 1,Medium,Poor,4,Call,Refused,Call,0
SFL101683,52182,27973,41,Tier 1,Medium,Poor,2,Call,No Response,Field,0
SFL101684,628945,526584,80,Tier 2,Medium,Average,15,Call,Refused,Field,0
SFL101685,339729,226130,69,Tier 1,High,Poor,1,Call,No Response,Call,59354
SFL101686,173909,87078,459,Tier 3,Low,Poor,4,Legal,Refused,Legal,0
SFL101687,21656,20448,361,Tier 2,Medium,Good,6,Field,No Response,Field,8043
SFL101688,14067,12875,246,Tier 3,Low,Good,6,Legal,Promised,Field,6917
SFL101689,119779,95337,222,Tier 2,Low,Average,6,Field,No Response,Call,33638
SFL101690,35694,19309,713,Tier 2,High,Average,2,Field,Paid,Legal,0
SFL101691,13902,10727,77,Tier 3,High,Poor,9,Legal,No Response,Call,1109
SFL101692,63449,40853,327,Tier 2,Low,Average,1,Call,Paid,Field,0
SFL101693,236074,139759,156,Tier 2,Low,Average,7,Call,No Response,Legal,0
SFL101694,27898,21339,228,Tier 2,Low,Good,1,Call,No Response,Field,18677
SFL101695,45595,21337,106,Tier 3,Medium,Good,4,Legal,Refused,Call,0
SFL101696,12579,10630,259,Tier 3,Medium,Poor,10,Legal,No Response,Legal,0
SFL101697,873457,546917,34,Tier 2,Medium,Good,16,Call,No Response,Field,0
SFL101698,501667,245842,81,Tier 2,High,Average,3,Legal,No Response,Field,0
SFL101699,242281,186203,206,Tier 2,Low,Average,6,Call,Paid,Field,60786
SFL101700,719395,651439,173,Tier 2,Medium,Good,10,Field,No Response,Field,343507
SFL101701,10448,8840,90,Tier 3,Medium,Poor,9,Field,No Response,Field,0
SFL101702,292372,112246,698,Tier 2,Medium,Poor,9,Call,No Response,Legal,0
SFL101703,548106,424425,168,Tier 2,Low,Poor,7,Call,No Response,Field,0
SFL101704,799722,362821,182,Tier 1,Medium,Average,1,Field,No Response,Call,0
SFL101705,391459,377892,224,Tier 2,Low,Good,16,Call,Promised,Field,0
SFL101706,475835,165260,58,Tier 3,High,Average,14,Call,Paid,Field,145725
SFL101707,38310,30282,11,Tier 3,Medium,Average,4,Call,Paid,Field,7492
SFL101708,14967,11574,64,Tier 1,Medium,Average,3,Call,No Response,Field,0
SFL101709,569808,424721,344,Tier 1,Medium,Average,4,Field,Refused,Call,0
SFL101710,51222,25398,120,Tier 3,Medium,Good,8,Field,Promised,Legal,0
SFL101711,331441,183323,333,Tier 3,High,Average,16,Call,No Response,Call,105581
SFL101712,192025,136696,110,Tier 1,Low,Good,5,Call,No Response,Field,0
SFL101713,584196,285069,875,Tier 2,Low,Average,4,Call,Promised,Legal,0
SFL101714,245546,112889,735,Tier 3,Medium,Poor,10,Call,Paid,Legal,0
SFL101715,828242,253152,342,Tier 1,Medium,Average,9,Call,Promised,Call,100676
SFL101716,93881,56480,165,Tier 2,Medium,Average,8,Call,Paid,Field,22257
SFL101717,237716,150072,37,Tier 2,Medium,Average,11,Legal,No Response,Field,73972
SFL101718,506170,477395,5,Tier 1,Medium,Average,4,Field,Promised,Call,111187
SFL101719,29251,13168,149,Tier 2,Medium,Average,9,Field,No Response,Call,0
SFL101720,74396,27358,877,Tier 2,Low,Poor,5,Call,Promised,Call,8563
SFL101721,606966,237356,271,Tier 1,Medium,Good,2,Call,Paid,Field,205175
SFL101722,68215,37893,60,Tier 1,Low,Poor,12,Call,No Response,Call,0
SFL101723,1021171,400433,206,Tier 2,Low,Poor,12,Call,Promised,Legal,0
SFL101724,74640,69712,231,Tier 2,Medium,Good,9,Field,Paid,Field,0
SFL101725,28036,24396,116,Tier 1,Medium,Poor,3,Field,No Response,Legal,0
SFL101726,62367,26712,274,Tier 2,Medium,Poor,6,Call,Paid,Field,0
SFL101727,1100856,821225,341,Tier 2,Medium,Poor,8,Call,No Response,Call,0
SFL101728,35593,16987,94,Tier 1,Medium,Average,6,Call,Refused,Field,0
SFL101729,23624,14951,270,Tier 2,Medium,Good,1,Call,No Response,Field,7543
SFL101730,38451,13093,118,Tier 2,Low,Poor,6,Call,No Response,Call,0
SFL101731,64082,29149,256,Tier 2,High,Average,10,Call,Refused,Field,0
SFL101732,213725,145726,258,Tier 2,Medium,Average,10,Call,Refused,Legal,0
SFL101733,16977,11111,651,Tier 1,Medium,Average,3,Call,Refused,Field,0
SFL101734,57736,53026,72,Tier 2,Medium,Poor,7,Field,No Response,Field,25849
SFL101735,51709,27240,157,Tier 3,Low,Average,2,Field,Promised,Field,0
SFL101736,144832,112875,17,Tier 3,Low,Good,10,Call,Paid,Call,0
SFL101737,275623,262045,117,Tier 2,Low,Poor,7,Call,No Response,Call,0
SFL101738,264453,88503,825,Tier 3,Low,Good,9,Call,Paid,Field,0
SFL101739,270622,191162,179,Tier 3,Low,Good,7,Call,Refused,Call,0
SFL101740,221422,117930,359,Tier 3,Low,Average,2,Call,No Response,Field,24722
SFL101741,901315,595542,654,Tier 2,Low,Poor,14,Call,No Response,Call,0
SFL101742,329067,170273,181,Tier 1,Low,Average,4,Call,Promised,Call,0
SFL101743,459455,304122,178,Tier 3,Low,Average,15,Call,No Response,Field,0
SFL101744,984152,868789,207,Tier 3,Medium,Poor,7,Field,No Response,Field,0
SFL101745,263693,173257,15,Tier 2,High,Average,5,Field,No Response,Field,73101
SFL101746,102465,35715,163,Tier 1,Medium,Average,5,Call,Paid,Call,12166
SFL101747,62546,40092,547,Tier 3,High,Good,18,Legal,No Response,Legal,0
SFL101748,543558,523248,121,Tier 2,Medium,Poor,6,Field,Promised,Field,0
SFL101749,45366,37454,132,Tier 2,Medium,Average,14,Call,No Response,Field,0
SFL101750,71355,47037,819,Tier 3,High,Good,2,Call,Promised,Call,46869
SFL101751,116600,91976,129,Tier 2,Medium,Poor,2,Call,No Response,Call,0
SFL101752,10407,8275,53,Tier 1,Medium,Poor,4,Call,No Response,Call,3864
SFL101753,321482,133734,75,Tier 1,Low,Average,6,Field,Paid,Field,107364
SFL101754,55615,16935,155,Tier 3,Medium,Average,7,Call,Paid,Field,13319
SFL101755,126764,72161,274,Tier 2,Medium,Poor,9,Call,Refused,Call,0
SFL101756,140915,43070,344,Tier 2,High,Poor,5,Field,No Response,Call,0
SFL101757,150284,92210,10,Tier 1,Medium,Average,20,Call,No Response,Field,0
SFL101758,93194,31811,789,Tier 2,Medium,Average,1,Call,Promised,Call,8121
SFL101759,1189880,1049633,72,Tier 2,Low,Average,2,Call,Promised,Field,546042
SFL101760,39807,30812,828,Tier 3,Low,Average,4,Call,No Response,Call,0
SFL101761,918967,714104,19,Tier 2,High,Average,7,Field,Refused,Legal,0
SFL101762,37824,35024,287,Tier 2,High,Poor,19,Field,No Response,Field,0
SFL101763,100487,36236,347,Tier 2,Low,Poor,3,Legal,No Response,Call,0
SFL101764,266539,193707,250,Tier 2,High,Poor,3,Call,No Response,Call,0
SFL101765,23902,22951,32,Tier 1,Low,Average,4,Field,Promised,Legal,0
SFL101766,223803,76969,509,Tier 2,Low,Poor,1,Legal,No Response,Call,0
SFL101767,48289,35182,66,Tier 1,Low,Poor,4,Field,Promised,Field,0
SFL101768,70857,27392,150,Tier 2,Low,Average,4,Call,Promised,Call,0
SFL101769,69581,39039,354,Tier 3,Medium,Poor,8,Field,Refused,Call,0
SFL101770,67979,31993,171,Tier 2,High,Average,3,Call,No Response,Field,0
SFL101771,423265,362739,167,Tier 1,Medium,Good,8,Call,Promised,Legal,0
SFL101772,438370,363473,3,Tier 3,Low,Poor,3,Call,No Response,Call,0
SFL101773,29012,13582,40,Tier 1,Medium,Poor,7,Call,Refused,Call,0
SFL101774,20302,12372,821,Tier 2,Medium,Good,1,Call,Paid,Legal,0
SFL101775,148669,78677,852,Tier 3,Low,Average,10,Call,No Response,Legal,0
SFL101776,1018701,453445,276,Tier 3,Medium,Poor,5,Call,Promised,Call,0
SFL101777,73757,70957,273,Tier 3,Medium,Average,5,Field,Paid,Field,0
SFL101778,1089602,486705,226,Tier 2,Medium,Good,4,Field,Promised,Field,332971
SFL101779,312586,228059,140,Tier 2,High,Average,4,Call,No Response,Field,0
SFL101780,50627,41617,259,Tier 1,Medium,Good,6,Call,Paid,Call,34259
SFL101781,247188,106971,299,Tier 2,Medium,Average,11,Call,Promised,Field,0
SFL101782,49817,25246,355,Tier 2,Low,Average,4,Call,Promised,Call,0
SFL101783,272659,151276,108,Tier 3,Low,Average,19,Field,Promised,Field,48981
SFL101784,201335,94571,86,Tier 2,High,Average,6,Legal,Refused,Field,0
SFL101785,347606,266237,249,Tier 3,High,Poor,6,Call,Refused,Call,115443
SFL101786,65711,44432,605,Tier 2,Medium,Good,6,Field,No Response,Call,0
SFL101787,204868,148160,65,Tier 3,Low,Average,3,Call,No Response,Field,125895
SFL101788,64130,36210,117,Tier 1,Medium,Good,2,Field,Promised,Call,21417
SFL101789,11190,10086,296,Tier 2,Medium,Poor,7,Field,Refused,Call,0
SFL101790,572891,486932,48,Tier 1,High,Poor,4,Field,No Response,Call,286406
SFL101791,56893,43368,107,Tier 1,Low,Average,1,Field,Refused,Call,0
SFL101792,134786,56576,7,Tier 3,High,Average,6,Field,No Response,Field,17659
SFL101793,66947,22010,118,Tier 2,Medium,Good,4,Call,No Response,Field,6109
SFL101794,841029,700094,64,Tier 1,Low,Average,4,Call,Promised,Field,376881
SFL101795,704428,309835,126,Tier 1,Medium,Average,4,Field,Paid,Call,180765
SFL101796,42072,25210,153,Tier 2,Low,Good,8,Call,No Response,Call,0
SFL101797,57047,51353,110,Tier 2,Medium,Poor,1,Field,No Response,Call,7907
SFL101798,108141,92320,144,Tier 1,Medium,Good,4,Call,No Response,Field,0
SFL101799,847674,709775,148,Tier 2,High,Average,10,Call,Refused,Call,332982
SFL101800,236432,171475,73,Tier 1,Low,Poor,10,Call,No Response,Legal,0
SFL101801,27561,18692,303,Tier 3,Medium,Average,1,Call,Promised,Field,0
SFL101802,25073,12651,292,Tier 2,Low,Good,5,Call,Promised,Field,0
SFL101803,315428,296945,235,Tier 3,Medium,Good,4,Field,Paid,Call,0
SFL101804,28743,13756,121,Tier 3,Medium,Average,7,Call,No Response,Field,0
SFL101805,249845,237882,368,Tier 2,Low,Good,8,Call,No Response,Legal,0
SFL101806,208917,186166,41,Tier 3,Medium,Average,1,Call,Promised,Call,0
SFL101807,235686,102822,48,Tier 2,High,Average,3,Field,No Response,Field,82196
SFL101808,273478,125586,199,Tier 1,High,Average,8,Call,No Response,Legal,0
SFL101809,23388,12081,169,Tier 2,High,Average,10,Call,Refused,Field,2887
SFL101810,536041,490295,266,Tier 2,Low,Poor,4,Legal,Refused,Call,0
SFL101811,276289,256851,437,Tier 2,Low,Average,10,Call,Refused,Field,0
SFL101812,16713,14879,312,Tier 3,Low,Average,2,Field,Paid,Call,13297
SFL101813,12890,3881,78,Tier 3,Medium,Average,12,Call,Promised,Field,0
SFL101814,229853,90672,338,Tier 2,High,Poor,2,Call,Promised,Call,0
SFL101815,35706,11043,223,Tier 2,Medium,Poor,6,Legal,No Response,Field,0
SFL101816,73916,38204,234,Tier 2,Low,Average,10,Field,No Response,Field,0
SFL101817,38478,11953,170,Tier 1,Low,Poor,7,Call,Promised,Call,0
SFL101818,11665,10335,341,Tier 3,Medium,Good,5,Call,Refused,Field,0
SFL101819,1185924,491977,154,Tier 2,Low,Poor,13,Call,No Response,Call,0
SFL101820,197754,101943,220,Tier 2,Medium,Poor,7,Call,No Response,Call,0
SFL101821,192184,120214,161,Tier 1,High,Poor,6,Field,No Response,Call,0
SFL101822,21134,18406,342,Tier 2,Medium,Poor,4,Call,Refused,Legal,0
SFL101823,13946,11845,133,Tier 1,Low,Good,6,Call,No Response,Call,9310
SFL101824,111276,86105,303,Tier 2,Medium,Average,2,Call,Promised,Field,0
SFL101825,68008,38976,63,Tier 1,Low,Average,8,Call,Paid,Legal,10115
SFL101826,753274,250344,176,Tier 2,Low,Average,2,Call,Paid,Call,209642
SFL101827,158019,119839,164,Tier 3,High,Average,14,Call,Refused,Field,0
SFL101828,50467,45086,208,Tier 2,Low,Poor,3,Field,No Response,Call,0
SFL101829,50518,39917,243,Tier 3,Low,Poor,9,Call,Paid,Call,6758
SFL101830,82448,46030,261,Tier 2,High,Average,10,Call,Refused,Call,0
SFL101831,825647,385574,193,Tier 3,High,Average,8,Field,Promised,Call,0
SFL101832,45795,19284,334,Tier 3,Medium,Poor,6,Field,No Response,Call,0
SFL101833,239400,205947,72,Tier 2,Low,Average,1,Field,Refused,Field,0
SFL101834,248138,116943,308,Tier 2,Low,Good,18,Field,Promised,Call,95991
SFL101835,12913,10301,194,Tier 2,High,Good,8,Call,No Response,Field,6845
SFL101836,41937,29086,759,Tier 2,Low,Good,8,Field,Paid,Legal,0
SFL101837,55040,49668,101,Tier 3,Medium,Average,10,Call,Promised,Field,0
SFL101838,74603,51485,795,Tier 1,Low,Poor,2,Call,Refused,Legal,0
SFL101839,74497,31727,46,Tier 2,Low,Average,4,Field,Promised,Field,17141
SFL101840,41570,28376,335,Tier 1,Medium,Average,4,Call,No Response,Field,20809
SFL101841,1117322,394023,38,Tier 2,Medium,Poor,1,Call,No Response,Field,0
SFL101842,40585,39264,31,Tier 2,Medium,Good,4,Call,No Response,Field,18616
SFL101843,162138,131892,670,Tier 3,Medium,Average,3,Field,Promised,Call,0
SFL101844,59030,49104,73,Tier 2,Medium,Good,17,Field,No Response,Field,0
SFL101845,19092,14187,346,Tier 1,High,Average,1,Legal,No Response,Call,6733
SFL101846,234236,145626,173,Tier 3,Medium,Average,8,Field,No Response,Legal,52053
SFL101847,32612,23613,72,Tier 1,Low,Poor,6,Call,No Response,Call,0
SFL101848,205823,69265,148,Tier 1,Medium,Poor,4,Call,Promised,Call,0
SFL101849,339940,156179,111,Tier 1,Medium,Average,6,Call,Refused,Call,0
SFL101850,69128,66828,207,Tier 3,Medium,Poor,19,Field,No Response,Field,0
SFL101851,66254,34074,281,Tier 1,Medium,Poor,9,Legal,Refused,Field,0
SFL101852,34084,23798,55,Tier 1,Medium,Poor,8,Legal,No Response,Call,7849
SFL101853,16951,11467,284,Tier 2,Low,Poor,11,Legal,Refused,Field,0
SFL101854,109966,44627,163,Tier 2,High,Average,4,Call,Promised,Call,23295
SFL101855,51217,39266,263,Tier 3,High,Average,5,Field,Promised,Field,27803
SFL101856,72014,57439,320,Tier 1,Medium,Poor,3,Field,No Response,Legal,0
SFL101857,167326,97555,643,Tier 3,High,Poor,3,Call,No Response,Legal,0
SFL101858,81814,26785,421,Tier 3,Medium,Average,18,Field,No Response,Field,0
SFL101859,196623,167049,32,Tier 1,Medium,Poor,2,Call,Refused,Call,71856
SFL101860,166826,90114,36,Tier 2,Low,Poor,5,Field,No Response,Call,0
SFL101861,388118,305925,243,Tier 3,Low,Average,8,Call,Refused,Field,0
SFL101862,674789,209985,168,Tier 2,Medium,Poor,1,Call,No Response,Field,86460
SFL101863,309733,239356,54,Tier 1,Low,Poor,4,Field,Promised,Field,0
SFL101864,38686,33099,306,Tier 3,Medium,Poor,11,Call,Promised,Legal,0
SFL101865,38695,18604,227,Tier 1,Low,Average,10,Field,Promised,Field,0
SFL101866,31209,16506,98,Tier 3,Medium,Average,4,Call,Promised,Field,12623
SFL101867,346691,227546,364,Tier 3,Medium,Good,9,Call,Paid,Call,140194
SFL101868,428190,220194,306,Tier 1,Low,Poor,8,Legal,Refused,Call,0
SFL101869,168050,135919,619,Tier 2,Medium,Average,8,Call,Promised,Call,0
SFL101870,252735,88881,846,Tier 3,Medium,Average,7,Legal,Refused,Call,0
SFL101871,279307,228429,310,Tier 2,Medium,Average,3,Field,Promised,Call,0
SFL101872,172214,99342,66,Tier 2,Low,Poor,4,Field,Refused,Field,0
SFL101873,25771,19562,102,Tier 2,Low,Average,5,Call,Refused,Field,3942
SFL101874,879622,352679,675,Tier 1,High,Average,3,Field,No Response,Call,253012
SFL101875,44374,25734,142,Tier 3,Low,Average,1,Call,Promised,Field,19403
SFL101876,282126,172880,29,Tier 1,Low,Average,2,Call,Refused,Call,98946
SFL101877,287455,146248,126,Tier 1,Low,Poor,5,Call,Refused,Field,0
SFL101878,34598,20383,250,Tier 2,Low,Good,20,Field,Promised,Field,0
SFL101879,64888,23992,1,Tier 2,High,Average,13,Legal,Promised,Field,15085
SFL101880,43496,37217,138,Tier 3,Low,Poor,16,Field,Promised,Field,0
SFL101881,13668,12112,109,Tier 3,High,Good,7,Field,Promised,Field,6211
SFL101882,70957,56897,57,Tier 2,High,Poor,5,Field,No Response,Field,21704
SFL101883,161945,80343,220,Tier 1,High,Poor,5,Field,No Response,Call,0
SFL101884,924141,279462,40,Tier 3,High,Poor,6,Legal,Promised,Legal,0
SFL101885,63630,60195,136,Tier 2,High,Poor,19,Call,Refused,Legal,0
SFL101886,196619,122460,52,Tier 3,Medium,Poor,4,Field,Refused,Call,0
SFL101887,18391,12797,705,Tier 3,Low,Poor,7,Field,Promised,Legal,0
SFL101888,129932,44147,122,Tier 2,Medium,Poor,15,Call,Promised,Call,0
SFL101889,339307,258155,352,Tier 2,Medium,Average,2,Call,No Response,Legal,0
SFL101890,19698,5998,90,Tier 1,Medium,Average,6,Field,No Response,Call,2862
SFL101891,247286,154235,106,Tier 2,Medium,Good,3,Call,Paid,Field,127053
SFL101892,32171,14913,86,Tier 2,Low,Poor,9,Legal,No Response,Call,0
SFL101893,21851,15341,240,Tier 1,Low,Average,18,Call,No Response,Field,0
SFL101894,388736,188365,95,Tier 1,Low,Poor,5,Call,Refused,Call,0
SFL101895,86135,45642,463,Tier 2,Medium,Average,6,Field,Refused,Legal,0
SFL101896,1194227,441541,309,Tier 3,Medium,Average,6,Call,Promised,Field,0
SFL101897,27281,18019,161,Tier 3,High,Average,19,Call,Promised,Field,9791
SFL101898,341806,186596,327,Tier 2,Medium,Average,9,Field,Promised,Call,0
SFL101899,68930,39906,778,Tier 1,High,Average,9,Field,Promised,Legal,28830
SFL101900,61402,36710,14,Tier 2,High,Good,5,Field,Paid,Field,32893
SFL101901,70550,30909,362,Tier 3,Low,Poor,10,Call,Refused,Call,0
SFL101902,267008,171112,614,Tier 2,Low,Good,8,Call,No Response,Field,0
SFL101903,31221,13446,171,Tier 1,Low,Good,1,Call,Refused,Call,0
SFL101904,259614,103568,524,Tier 2,Medium,Poor,10,Call,No Response,Call,0
SFL101905,87329,66428,160,Tier 3,Medium,Good,7,Call,Refused,Field,0
SFL101906,14374,7380,124,Tier 1,Low,Poor,4,Call,No Response,Call,0
SFL101907,92205,68628,6,Tier 2,High,Average,4,Call,Refused,Field,14903
SFL101908,220604,89353,37,Tier 1,Low,Poor,7,Call,No Response,Call,0
SFL101909,249552,150621,819,Tier 3,High,Average,2,Call,Paid,Call,82602
SFL101910,72714,29436,869,Tier 1,Low,Poor,13,Call,No Response,Legal,0
SFL101911,11635,3763,21,Tier 1,High,Poor,12,Call,Refused,Call,0
SFL101912,74176,30834,124,Tier 1,Low,Poor,2,Call,Refused,Call,0
SFL101913,19745,18339,88,Tier 1,High,Poor,2,Call,Promised,Call,7477
SFL101914,97839,80115,174,Tier 3,Low,Poor,13,Call,No Response,Legal,0
SFL101915,348257,303201,159,Tier 2,High,Good,1,Field,Paid,Field,256944
SFL101916,705576,389731,344,Tier 2,High,Average,8,Legal,Paid,Field,320669
SFL101917,428734,174800,294,Tier 1,Low,Poor,6,Call,Refused,Call,0
SFL101918,43374,36946,329,Tier 3,Low,Poor,1,Field,Refused,Call,0
SFL101919,56886,51425,143,Tier 3,Medium,Good,5,Legal,Promised,Call,32672
SFL101920,35271,13988,262,Tier 1,Low,Average,19,Call,Paid,Call,4928
SFL101921,731760,618980,152,Tier 1,Medium,Poor,15,Call,Promised,Call,0
SFL101922,19224,14465,62,Tier 1,Medium,Average,6,Legal,Promised,Call,9863
SFL101923,37152,24559,81,Tier 1,Medium,Average,9,Call,No Response,Field,0
SFL101924,73039,60249,84,Tier 2,Low,Poor,16,Call,Refused,Field,0
SFL101925,24628,20209,204,Tier 2,Low,Average,6,Field,No Response,Field,0
SFL101926,37823,22042,300,Tier 1,Low,Poor,1,Call,No Response,Field,0
SFL101927,11169,9280,300,Tier 3,Medium,Average,5,Field,Refused,Field,0
SFL101928,60081,37851,79,Tier 2,Low,Good,1,Legal,Promised,Field,0
SFL101929,34802,14862,140,Tier 2,Low,Poor,6,Field,No Response,Field,0
SFL101930,42962,35674,194,Tier 3,High,Poor,1,Field,Promised,Legal,0
SFL101931,65848,38270,172,Tier 3,Medium,Average,10,Field,Paid,Field,24220
SFL101932,51760,26904,67,Tier 2,Medium,Good,7,Call,Promised,Call,20248
SFL101933,273744,244135,339,Tier 2,Medium,Average,3,Field,Promised,Call,135062
SFL101934,37277,26072,130,Tier 2,Low,Poor,1,Field,No Response,Field,0
SFL101935,56738,27102,178,Tier 2,Medium,Poor,5,Field,No Response,Field,3318
SFL101936,470552,285130,59,Tier 1,High,Average,5,Field,No Response,Call,237297
SFL101937,143200,80187,132,Tier 1,Low,Average,3,Call,Refused,Call,0
SFL101938,342390,109564,100,Tier 1,Low,Poor,6,Field,Refused,Field,0
SFL101939,164275,81183,288,Tier 1,High,Good,17,Field,Promised,Legal,0
SFL101940,58229,52169,850,Tier 3,Medium,Poor,6,Call,No Response,Call,0
SFL101941,542324,409731,358,Tier 2,Low,Poor,4,Call,Promised,Legal,106195
SFL101942,251630,141788,43,Tier 1,High,Poor,5,Call,No Response,Legal,0
SFL101943,232528,200512,232,Tier 3,Low,Poor,5,Legal,No Response,Field,0
SFL101944,682297,470170,297,Tier 2,Low,Average,12,Field,Refused,Field,0
SFL101945,691478,342929,182,Tier 2,Low,Poor,4,Call,Refused,Call,0
SFL101946,59666,39688,99,Tier 2,Medium,Poor,3,Field,Refused,Field,0
SFL101947,266149,139760,109,Tier 1,Medium,Average,3,Field,No Response,Call,0
SFL101948,70842,31827,108,Tier 2,Low,Poor,6,Call,No Response,Call,0
SFL101949,28152,21194,519,Tier 1,Medium,Poor,6,Call,No Response,Legal,0
SFL101950,717652,575996,318,Tier 2,Low,Good,10,Field,Paid,Field,349095
SFL101951,298750,165072,255,Tier 1,Low,Average,5,Call,Refused,Field,0
SFL101952,66708,61639,308,Tier 1,Low,Average,4,Call,Promised,Call,0
SFL101953,69525,50362,286,Tier 3,Medium,Average,16,Call,Promised,Call,0
SFL101954,241244,166218,101,Tier 3,Low,Average,5,Call,No Response,Call,0
SFL101955,17632,8181,624,Tier 1,Medium,Average,14,Call,Promised,Legal,0
SFL101956,38743,28241,118,Tier 2,Low,Poor,4,Field,No Response,Field,0
SFL101957,96229,70083,97,Tier 2,Low,Average,2,Field,Paid,Field,23088
SFL101958,66343,49138,214,Tier 1,High,Good,5,Field,Refused,Call,0
SFL101959,69431,59029,770,Tier 1,Low,Poor,5,Call,No Response,Call,0
SFL101960,55977,46301,243,Tier 2,Low,Poor,17,Call,No Response,Field,0
SFL101961,245868,226950,97,Tier 2,Low,Poor,20,Field,Refused,Field,0
SFL101962,38930,27646,178,Tier 2,Low,Average,4,Call,Promised,Field,14084
SFL101963,46119,39797,222,Tier 2,Low,Poor,7,Call,No Response,Field,0
SFL101964,76164,41453,55,Tier 2,High,Poor,1,Call,Paid,Field,5489
SFL101965,16996,8715,295,Tier 1,High,Average,20,Call,Promised,Call,0
SFL101966,237624,84736,367,Tier 2,Low,Good,5,Call,Refused,Legal,0
SFL101967,345476,318646,110,Tier 2,Low,Average,5,Field,No Response,Call,64400
SFL101968,1143998,832829,151,Tier 1,Low,Average,7,Legal,Refused,Call,225952
SFL101969,263634,217605,39,Tier 3,Low,Average,10,Call,Promised,Field,160281
SFL101970,440168,233287,70,Tier 2,Medium,Average,3,Field,Promised,Field,0
SFL101971,147236,57007,403,Tier 2,Medium,Average,10,Field,No Response,Field,0
SFL101972,281434,124248,508,Tier 2,Low,Average,4,Call,Promised,Legal,0
SFL101973,52395,38047,170,Tier 1,Medium,Poor,3,Legal,Refused,Call,0
SFL101974,1109456,741773,534,Tier 1,Low,Average,10,Call,No Response,Legal,0
SFL101975,875426,830749,55,Tier 1,High,Average,6,Call,Paid,Call,403908
SFL101976,737651,438356,39,Tier 2,Medium,Average,9,Field,Refused,Field,0
SFL101977,340087,242591,37,Tier 2,Medium,Poor,17,Field,No Response,Legal,0
SFL101978,37354,19539,46,Tier 1,High,Poor,20,Call,No Response,Call,8530
SFL101979,135033,116074,82,Tier 2,High,Good,4,Call,Promised,Field,105439
SFL101980,76275,58913,174,Tier 1,Medium,Average,5,Call,Promised,Call,19926
SFL101981,801142,626745,626,Tier 3,Low,Good,15,Field,No Response,Call,0
SFL101982,877768,638901,345,Tier 2,Medium,Good,9,Call,Promised,Field,0
SFL101983,205145,82359,40,Tier 2,Medium,Poor,17,Call,No Response,Call,0
SFL101984,228563,185308,360,Tier 2,Low,Average,2,Call,No Response,Field,0
SFL101985,1136711,1014629,369,Tier 2,Low,Average,2,Call,Promised,Legal,0
SFL101986,254068,117641,88,Tier 1,Low,Poor,4,Call,Refused,Call,0
SFL101987,137513,121530,739,Tier 1,Low,Poor,19,Call,No Response,Legal,0
SFL101988,54154,29946,30,Tier 2,Low,Average,5,Legal,No Response,Call,0
SFL101989,51833,42701,466,Tier 3,Low,Poor,4,Call,Refused,Legal,0
SFL101990,281928,110258,196,Tier 2,Medium,Average,17,Call,No Response,Field,52255
SFL101991,1056339,977128,95,Tier 1,Medium,Poor,1,Field,No Response,Legal,123142
SFL101992,1124826,838586,303,Tier 3,High,Average,5,Call,No Response,Field,438826
SFL101993,248107,230571,224,Tier 2,Low,Poor,7,Field,No Response,Field,0
SFL101994,60518,53972,172,Tier 3,Low,Average,7,Field,No Response,Call,0
SFL101995,74683,52360,733,Tier 2,Medium,Average,6,Call,Refused,Field,20448
SFL101996,135592,80995,199,Tier 3,Medium,Good,8,Call,Promised,Field,42472
SFL101997,12031,4340,73,Tier 3,Medium,Poor,12,Field,Promised,Call,0
SFL101998,17665,9787,33,Tier 1,Low,Average,6,Field,Paid,Field,0
SFL101999,264782,84551,91,Tier 2,High,Poor,8,Call,Refused,Call,0
SFL102000,52739,49222,113,Tier 1,Low,Average,8,Legal,Promised,Call,0
SFL102001,29727,20470,60,Tier 1,Medium,Poor,5,Call,No Response,Legal,0
SFL102002,349784,244324,37,Tier 3,Low,Poor,9,Call,No Response,Field,0
SFL102003,30011,28430,99,Tier 3,Medium,Poor,20,Call,No Response,Field,0
SFL102004,1036455,348092,12,Tier 1,High,Good,2,Call,No Response,Call,100252
SFL102005,24526,21442,170,Tier 1,Low,Average,5,Call,No Response,Field,0
SFL102006,682601,337762,141,Tier 3,High,Good,8,Call,Refused,Field,0
SFL102007,41000,21011,140,Tier 3,Low,Average,1,Call,Paid,Call,11828
SFL102008,976627,822316,70,Tier 3,Medium,Average,5,Call,Refused,Field,0
SFL102009,958686,796651,57,Tier 2,Low,Poor,8,Field,Refused,Field,0
SFL102010,42529,28240,95,Tier 2,Medium,Average,7,Field,Promised,Field,18965
SFL102011,220915,160814,153,Tier 1,High,Poor,8,Call,Promised,Call,0
SFL102012,72335,39284,359,Tier 2,Low,Good,3,Field,Promised,Field,0
SFL102013,11169,8871,185,Tier 2,Low,Average,2,Call,No Response,Field,0
SFL102014,23466,18690,20,Tier 3,Low,Average,10,Call,Refused,Call,0
SFL102015,103273,58227,518,Tier 3,Medium,Average,3,Legal,Promised,Legal,0
SFL102016,64038,48822,43,Tier 1,Medium,Good,8,Call,No Response,Call,31997
SFL102017,42117,36985,353,Tier 1,Low,Good,3,Field,Promised,Field,0
SFL102018,13303,12704,51,Tier 3,Medium,Poor,5,Field,Refused,Field,0
SFL102019,170492,106956,67,Tier 3,Low,Poor,4,Call,No Response,Field,0
SFL102020,17006,5437,42,Tier 1,High,Average,3,Field,Promised,Call,1214
SFL102021,205690,133882,86,Tier 3,Low,Average,3,Field,Promised,Call,0
SFL102022,172415,67962,156,Tier 2,Medium,Good,9,Call,No Response,Call,43942
SFL102023,808932,723906,44,Tier 1,Low,Average,15,Call,Paid,Legal,0
SFL102024,31028,28305,50,Tier 1,Low,Poor,7,Call,Refused,Call,0
SFL102025,492902,388672,534,Tier 2,Medium,Average,1,Legal,Refused,Legal,0
SFL102026,11057,6142,73,Tier 3,Low,Average,12,Legal,No Response,Field,3786
SFL102027,134816,116412,97,Tier 1,Medium,Poor,5,Field,No Response,Legal,0
SFL102028,70263,38547,151,Tier 3,Medium,Poor,5,Call,Promised,Legal,0
SFL102029,37826,35298,163,Tier 3,Low,Poor,2,Call,Promised,Legal,0
SFL102030,324921,216934,239,Tier 3,Low,Poor,19,Legal,Refused,Call,0
SFL102031,818398,793242,158,Tier 3,Low,Average,12,Legal,Refused,Call,0
SFL102032,46960,38852,345,Tier 2,Medium,Average,15,Call,Refused,Field,0
SFL102033,51292,31840,122,Tier 2,Low,Good,5,Call,No Response,Field,18145
SFL102034,57959,54969,134,Tier 2,High,Average,1,Call,Paid,Call,34175
SFL102035,121755,117102,175,Tier 2,Low,Average,1,Call,Promised,Field,0
SFL102036,424070,347670,170,Tier 3,High,Poor,8,Field,Refused,Field,77792
SFL102037,285765,176063,129,Tier 1,Low,Average,9,Field,Promised,Call,0
SFL102038,172109,110268,241,Tier 1,Medium,Poor,6,Field,Refused,Call,0
SFL102039,663878,631244,92,Tier 3,High,Average,8,Field,No Response,Field,0
SFL102040,36037,26893,625,Tier 2,Low,Average,4,Call,Refused,Field,0
SFL102041,235753,140469,288,Tier 2,Low,Good,17,Call,Promised,Call,0
SFL102042,870322,754099,270,Tier 2,Medium,Good,10,Field,No Response,Call,310770
SFL102043,39185,24291,104,Tier 2,High,Poor,9,Call,Refused,Call,0
SFL102044,243144,147602,137,Tier 3,Low,Poor,9,Field,No Response,Field,0
SFL102045,25861,22106,23,Tier 2,Low,Average,6,Field,Promised,Field,10442
SFL102046,43260,38505,644,Tier 3,Medium,Poor,5,Call,No Response,Legal,0
SFL102047,303160,229341,46,Tier 2,Low,Average,4,Call,No Response,Call,62913
SFL102048,941661,910241,229,Tier 1,High,Average,1,Call,Paid,Call,221539
SFL102049,149409,65660,72,Tier 3,Medium,Poor,14,Call,No Response,Field,0
SFL102050,534120,431456,69,Tier 2,Medium,Average,7,Call,Refused,Field,96490
SFL102051,918748,371461,810,Tier 2,Low,Good,8,Legal,Refused,Call,0
SFL102052,47988,22557,228,Tier 2,High,Poor,4,Field,No Response,Field,0
SFL102053,58176,26949,294,Tier 2,Low,Average,4,Legal,Promised,Field,17036
SFL102054,66486,57449,49,Tier 2,Low,Average,20,Field,Refused,Field,0
SFL102055,433109,362467,145,Tier 2,Medium,Average,3,Call,Refused,Field,0
SFL102056,749401,382226,126,Tier 1,Medium,Good,9,Call,No Response,Field,283961
SFL102057,61558,46863,113,Tier 3,Low,Average,7,Call,Refused,Call,12262
SFL102058,35930,21441,8,Tier 1,Medium,Good,10,Call,Refused,Call,0
SFL102059,594547,181078,179,Tier 1,Medium,Poor,3,Legal,No Response,Call,92991
SFL102060,996532,868381,380,Tier 2,Low,Average,2,Legal,Promised,Legal,0
SFL102061,45552,35697,201,Tier 3,Low,Poor,12,Field,Refused,Field,0
SFL102062,73373,66812,142,Tier 2,Low,Poor,5,Call,No Response,Legal,0
SFL102063,19808,10147,124,Tier 3,Medium,Average,10,Field,Promised,Field,5710
SFL102064,336620,125653,161,Tier 2,Medium,Poor,16,Call,Promised,Call,0
SFL102065,691940,619066,671,Tier 1,Low,Poor,10,Call,No Response,Field,315457
SFL102066,53848,34619,79,Tier 2,High,Good,7,Field,Paid,Field,17406
SFL102067,1041500,688548,91,Tier 3,Low,Average,8,Field,Promised,Field,196270
SFL102068,118800,61305,80,Tier 3,Medium,Poor,11,Legal,No Response,Call,0
SFL102069,39920,23659,303,Tier 2,Medium,Poor,8,Call,No Response,Call,0
SFL102070,970621,808546,295,Tier 2,Medium,Average,7,Call,No Response,Field,0
SFL102071,1197390,589122,70,Tier 2,Low,Poor,1,Call,No Response,Call,0
SFL102072,390355,324278,223,Tier 2,Low,Good,2,Call,Promised,Field,276493
SFL102073,47522,27179,159,Tier 3,Low,Average,14,Field,No Response,Field,0
SFL102074,62761,41938,248,Tier 2,High,Poor,10,Call,Promised,Legal,0
SFL102075,101683,74088,131,Tier 3,High,Average,8,Call,Paid,Call,36293
SFL102076,335309,299995,162,Tier 2,Low,Average,19,Call,No Response,Field,0
SFL102077,158785,137932,14,Tier 3,Low,Poor,4,Call,Refused,Call,33293
SFL102078,87773,48844,154,Tier 2,Low,Good,4,Call,Paid,Field,35854
SFL102079,38686,25936,73,Tier 3,Medium,Poor,6,Call,Promised,Call,15144
SFL102080,353399,222659,21,Tier 2,Medium,Poor,10,Call,Refused,Field,0
SFL102081,309920,139930,231,Tier 1,Low,Poor,4,Call,Refused,Call,0
SFL102082,479078,209071,69,Tier 2,High,Good,5,Call,Promised,Call,113320
SFL102083,58446,55468,125,Tier 1,Low,Average,9,Field,Refused,Call,0
SFL102084,326094,289527,44,Tier 1,Low,Poor,8,Call,Refused,Call,0
SFL102085,155510,98297,259,Tier 2,Medium,Average,10,Field,Promised,Call,0
SFL102086,294397,276169,56,Tier 3,Low,Good,3,Field,Promised,Field,275226
SFL102087,229458,140193,70,Tier 2,Low,Good,6,Call,Refused,Field,0
SFL102088,37762,25103,183,Tier 3,High,Average,8,Call,Refused,Field,0
SFL102089,31137,19847,199,Tier 1,Low,Poor,3,Call,Promised,Call,0
SFL102090,45787,41779,123,Tier 1,High,Poor,4,Field,No Response,Call,0
SFL102091,13924,5883,175,Tier 2,Medium,Average,6,Call,No Response,Field,3335
SFL102092,1023622,839248,89,Tier 3,High,Average,7,Call,No Response,Call,0
SFL102093,15100,7400,151,Tier 1,Medium,Average,14,Call,No Response,Call,0
SFL102094,52551,46187,145,Tier 3,High,Average,15,Field,Promised,Field,21723
SFL102095,50269,38589,289,Tier 2,Low,Poor,9,Call,Promised,Call,0
SFL102096,519888,203085,23,Tier 2,Low,Poor,2,Field,Refused,Field,0
SFL102097,199045,141883,42,Tier 2,High,Average,10,Legal,Refused,Field,40644
SFL102098,46348,15513,346,Tier 3,Medium,Average,9,Call,No Response,Field,0
SFL102099,759324,551715,199,Tier 1,High,Good,6,Field,Promised,Call,361644
SFL102100,95313,32086,86,Tier 3,Medium,Average,11,Call,Refused,Field,0
SFL102101,340524,315236,194,Tier 1,Low,Poor,7,Call,No Response,Field,0
SFL102102,17729,14985,244,Tier 2,High,Average,17,Call,Promised,Call,0
SFL102103,70136,41297,692,Tier 2,High,Poor,2,Call,Refused,Call,0
SFL102104,926124,611348,870,Tier 2,Medium,Good,3,Field,Promised,Field,569236
SFL102105,71697,34661,243,Tier 2,Medium,Average,8,Call,No Response,Field,0
SFL102106,1076903,787411,848,Tier 1,Medium,Poor,10,Field,Refused,Legal,0
SFL102107,62106,19055,15,Tier 2,Medium,Average,8,Call,No Response,Field,5500
SFL102108,32849,30992,96,Tier 1,Low,Average,7,Field,No Response,Call,0
SFL102109,34831,18624,71,Tier 1,Low,Poor,17,Call,Refused,Call,0
SFL102110,200122,103302,248,Tier 3,Low,Poor,8,Field,Promised,Call,0
SFL102111,885682,312423,321,Tier 3,Medium,Average,4,Field,Refused,Field,0
SFL102112,24241,10285,41,Tier 2,Low,Poor,7,Call,No Response,Legal,0
SFL102113,306174,215809,61,Tier 3,Low,Average,10,Field,Promised,Field,145715
SFL102114,192719,184587,162,Tier 1,Medium,Good,9,Call,Promised,Call,0
SFL102115,334067,314587,562,Tier 1,Medium,Average,8,Call,Promised,Legal,0
SFL102116,318685,176627,208,Tier 3,Low,Average,9,Field,Refused,Field,28315
SFL102117,31337,14174,71,Tier 2,Low,Poor,8,Call,No Response,Field,7590
SFL102118,650926,489887,769,Tier 2,Medium,Average,9,Field,Promised,Call,0
SFL102119,125870,63945,347,Tier 3,Medium,Average,20,Field,No Response,Field,0
SFL102120,28215,8584,822,Tier 1,Low,Poor,6,Field,Promised,Legal,0
SFL102121,69498,26371,101,Tier 3,Medium,Average,5,Legal,No Response,Field,0
SFL102122,123363,96513,643,Tier 3,Low,Average,5,Call,Promised,Field,0
SFL102123,175968,138281,71,Tier 1,Low,Average,4,Field,Promised,Legal,0
SFL102124,30356,23404,749,Tier 2,High,Poor,9,Field,Promised,Legal,0
SFL102125,68390,58647,67,Tier 3,Medium,Poor,5,Call,No Response,Legal,22760
SFL102126,17839,10851,171,Tier 2,Low,Average,10,Field,No Response,Field,5362
SFL102127,19746,7903,155,Tier 3,Medium,Average,8,Call,No Response,Field,0
SFL102128,21597,12947,9,Tier 3,Low,Poor,9,Field,No Response,Call,0
SFL102129,1190814,1108106,13,Tier 2,Medium,Poor,1,Call,Refused,Field,0
SFL102130,1023774,876355,105,Tier 2,Low,Average,8,Call,No Response,Call,0
SFL102131,136951,122014,98,Tier 1,Low,Poor,9,Call,Refused,Call,0
SFL102132,109032,56715,626,Tier 2,Medium,Good,20,Call,No Response,Field,0
SFL102133,796644,749908,439,Tier 3,Low,Good,3,Field,No Response,Field,0
SFL102134,66716,40970,133,Tier 2,Medium,Average,20,Call,No Response,Field,14804
SFL102135,33953,11653,142,Tier 2,Medium,Poor,5,Field,Promised,Call,0
SFL102136,43164,39908,53,Tier 1,High,Average,5,Field,No Response,Call,24108
SFL102137,523461,305268,348,Tier 1,Medium,Average,8,Call,Promised,Legal,0
SFL102138,127248,95484,736,Tier 3,Low,Poor,5,Call,No Response,Legal,0
SFL102139,30956,12391,44,Tier 1,Medium,Average,16,Call,Paid,Call,2643
SFL102140,26975,23576,11,Tier 3,Medium,Good,2,Call,Promised,Field,13906
SFL102141,58007,46518,734,Tier 3,Medium,Average,4,Field,Promised,Legal,0
SFL102142,118356,112582,92,Tier 3,Medium,Average,12,Field,Refused,Field,0
SFL102143,342033,262243,607,Tier 3,Medium,Average,4,Call,No Response,Field,79991
SFL102144,191919,184162,264,Tier 2,Low,Poor,2,Field,Refused,Call,0
SFL102145,73222,64980,284,Tier 3,Low,Average,5,Call,No Response,Call,0
SFL102146,48838,40745,7,Tier 3,Medium,Average,3,Call,Refused,Field,0
SFL102147,55483,23542,306,Tier 1,Medium,Poor,17,Call,Paid,Field,0
SFL102148,24041,12352,337,Tier 3,High,Poor,3,Legal,Paid,Call,0
SFL102149,72838,31823,13,Tier 2,High,Poor,9,Call,Refused,Field,16848
SFL102150,334183,322720,323,Tier 1,Medium,Poor,4,Call,No Response,Field,0
SFL102151,330964,172343,54,Tier 2,Medium,Poor,6,Field,Refused,Field,0
SFL102152,73211,40919,20,Tier 1,Medium,Good,7,Call,Paid,Call,37973
SFL102153,123179,108993,168,Tier 1,Low,Average,1,Legal,Paid,Field,93072
SFL102154,68908,58789,15,Tier 2,Medium,Good,3,Call,Paid,Field,55477
SFL102155,445392,382052,250,Tier 1,Medium,Poor,13,Call,No Response,Call,174407
SFL102156,357551,211211,87,Tier 3,Low,Good,2,Legal,Paid,Field,118227
SFL102157,67572,60762,34,Tier 1,Medium,Average,15,Call,Paid,Field,39024
SFL102158,32114,14774,278,Tier 2,High,Average,4,Call,No Response,Field,0
SFL102159,19280,14589,95,Tier 1,Low,Average,4,Field,Refused,Legal,0
SFL102160,227282,127347,48,Tier 1,Medium,Average,1,Legal,Paid,Call,0
SFL102161,58767,18253,152,Tier 2,High,Poor,10,Field,No Response,Call,0
SFL102162,19526,14671,126,Tier 2,Medium,Poor,3,Call,Refused,Legal,0
SFL102163,11957,10224,176,Tier 2,Low,Average,10,Field,No Response,Field,8226
SFL102164,34130,18360,383,Tier 3,Low,Average,9,Field,No Response,Legal,0
SFL102165,61335,43476,19,Tier 2,Low,Average,13,Call,No Response,Field,21717
SFL102166,33789,13981,88,Tier 3,Medium,Average,6,Legal,No Response,Field,6597
SFL102167,820949,584039,160,Tier 2,Medium,Average,10,Call,No Response,Legal,0
SFL102168,793847,584791,214,Tier 3,Low,Average,5,Field,Promised,Field,223997
SFL102169,58803,44451,129,Tier 3,High,Average,1,Call,No Response,Call,29930
SFL102170,54792,28683,113,Tier 2,Medium,Poor,3,Field,Refused,Field,0
SFL102171,705323,303635,183,Tier 1,High,Average,6,Call,Promised,Call,0
SFL102172,11138,5792,28,Tier 2,Medium,Poor,11,Field,Refused,Call,0
SFL102173,302535,186196,242,Tier 3,Low,Poor,5,Legal,No Response,Field,0
SFL102174,20752,16181,238,Tier 1,High,Average,6,Field,No Response,Legal,0
SFL102175,236581,101280,58,Tier 2,Medium,Average,3,Call,No Response,Field,76437
SFL102176,27565,11706,293,Tier 1,Low,Good,4,Call,No Response,Call,5926
SFL102177,292084,111957,755,Tier 1,Medium,Average,5,Call,Refused,Field,0
SFL102178,69160,64177,173,Tier 2,Low,Average,6,Field,Refused,Field,0
SFL102179,29543,19690,154,Tier 2,Medium,Poor,7,Call,Refused,Call,0
SFL102180,56897,24106,111,Tier 1,Low,Poor,17,Call,No Response,Field,0
SFL102181,69696,27152,115,Tier 1,Low,Poor,8,Field,No Response,Call,0
SFL102182,41278,17848,573,Tier 3,Medium,Good,3,Call,Promised,Legal,0
SFL102183,43020,28324,112,Tier 1,Low,Average,7,Call,Paid,Call,25375
SFL102184,291866,266166,22,Tier 2,Low,Good,6,Field,Promised,Field,253617
SFL102185,105338,86446,39,Tier 2,Low,Average,14,Field,Paid,Field,48252
SFL102186,54506,19474,601,Tier 3,Low,Average,6,Legal,Promised,Field,0
SFL102187,38673,14328,189,Tier 1,Medium,Average,8,Call,Refused,Call,8071
SFL102188,486246,405773,790,Tier 1,High,Poor,8,Field,Paid,Legal,0
SFL102189,37058,25857,779,Tier 1,Low,Poor,5,Call,No Response,Call,0
SFL102190,220005,208178,890,Tier 1,Low,Average,20,Call,Promised,Legal,0
SFL102191,64565,56020,488,Tier 3,Low,Average,7,Field,Refused,Field,0
SFL102192,76340,34297,93,Tier 1,Low,Average,4,Call,No Response,Field,26678
SFL102193,76616,67471,232,Tier 1,Medium,Good,5,Call,Paid,Legal,0
SFL102194,33913,17430,138,Tier 3,Medium,Poor,6,Field,No Response,Call,0
SFL102195,223819,84511,806,Tier 3,Low,Poor,14,Call,No Response,Call,0
SFL102196,49375,30130,35,Tier 3,High,Poor,5,Field,No Response,Field,0
SFL102197,60778,58935,606,Tier 2,High,Average,6,Field,No Response,Field,31022
SFL102198,46436,15057,171,Tier 1,Low,Average,2,Call,Promised,Call,4747
SFL102199,184203,163765,71,Tier 3,Medium,Good,16,Field,Promised,Call,113601
SFL102200,1142495,769128,579,Tier 2,High,Poor,2,Field,No Response,Legal,0
SFL102201,274044,265230,348,Tier 3,Low,Poor,2,Call,No Response,Field,0
SFL102202,18662,5975,389,Tier 2,Medium,Poor,17,Call,No Response,Call,0
SFL102203,348105,203889,164,Tier 2,Medium,Average,7,Call,Paid,Field,138828
SFL102204,211531,129569,96,Tier 1,Medium,Average,4,Call,No Response,Call,30885
SFL102205,15922,14080,244,Tier 1,Medium,Poor,4,Field,No Response,Field,5999
SFL102206,42427,26381,87,Tier 2,Medium,Average,6,Legal,Refused,Legal,0
SFL102207,281787,238306,151,Tier 1,Low,Average,17,Field,No Response,Call,0
SFL102208,10678,9917,213,Tier 2,Medium,Good,10,Call,Promised,Field,6913
SFL102209,72617,60847,162,Tier 1,Medium,Average,7,Field,No Response,Legal,0
SFL102210,10599,9692,165,Tier 3,Low,Average,5,Call,Refused,Legal,0
SFL102211,240747,93682,211,Tier 2,Medium,Poor,5,Field,No Response,Call,0
SFL102212,948337,756442,237,Tier 2,High,Average,4,Field,No Response,Call,0
SFL102213,166881,148931,136,Tier 1,Low,Average,10,Field,Promised,Call,133951
SFL102214,68537,61774,57,Tier 3,Low,Poor,6,Field,Promised,Field,0
SFL102215,165642,127974,209,Tier 3,High,Average,8,Legal,No Response,Call,0
SFL102216,1027925,309984,100,Tier 3,Medium,Poor,6,Call,Promised,Legal,0
SFL102217,67470,44456,193,Tier 2,Low,Poor,7,Field,No Response,Call,0
SFL102218,257861,210613,171,Tier 3,Low,Average,14,Field,Promised,Field,0
SFL102219,208262,156353,233,Tier 3,Low,Average,7,Field,Refused,Field,0
SFL102220,184665,172394,24,Tier 2,Low,Poor,13,Call,No Response,Call,0
SFL102221,922906,704423,332,Tier 3,Low,Good,5,Call,Promised,Field,0
SFL102222,82931,62599,51,Tier 2,Low,Poor,10,Field,Refused,Call,0
SFL102223,84294,72310,287,Tier 2,Low,Average,12,Field,No Response,Field,0
SFL102224,62079,42738,175,Tier 3,Medium,Good,18,Call,Paid,Field,32758
SFL102225,334487,142958,256,Tier 3,Low,Average,12,Field,No Response,Field,34388
SFL102226,36054,22612,346,Tier 2,Medium,Poor,10,Call,Promised,Call,0
SFL102227,21989,13123,107,Tier 1,Medium,Poor,7,Call,Refused,Call,2351
SFL102228,99511,33815,278,Tier 1,High,Average,19,Call,Promised,Call,30227
SFL102229,58462,27415,9,Tier 2,Medium,Poor,5,Field,Promised,Call,3563
SFL102230,49850,15804,338,Tier 2,Medium,Poor,10,Call,No Response,Field,0
SFL102231,24763,20794,298,Tier 3,High,Poor,7,Field,No Response,Field,0
SFL102232,904963,442688,84,Tier 1,Low,Average,1,Field,No Response,Call,0
SFL102233,11537,4651,134,Tier 1,Medium,Average,2,Call,Paid,Call,0
SFL102234,1015485,442300,83,Tier 3,Low,Average,6,Legal,No Response,Call,0
SFL102235,1018222,980198,804,Tier 1,Low,Average,1,Legal,No Response,Legal,0
SFL102236,39178,14563,462,Tier 3,High,Poor,2,Call,No Response,Legal,0
SFL102237,10818,6522,140,Tier 2,Low,Poor,18,Call,No Response,Call,0
SFL102238,51667,31653,112,Tier 2,Medium,Average,10,Call,Paid,Call,9900
SFL102239,205629,152148,205,Tier 1,Medium,Poor,6,Legal,Promised,Field,0
SFL102240,191655,75581,71,Tier 3,Low,Poor,6,Field,Refused,Call,0
SFL102241,84075,49693,202,Tier 3,Low,Poor,16,Field,Promised,Legal,0
SFL102242,288602,134859,97,Tier 2,High,Poor,5,Field,Promised,Call,0
SFL102243,45178,28409,92,Tier 2,Medium,Average,6,Call,No Response,Field,14046
SFL102244,56501,39256,134,Tier 2,High,Average,7,Legal,No Response,Field,0
SFL102245,10460,4933,632,Tier 2,Low,Average,5,Field,Refused,Legal,0
SFL102246,34294,11946,356,Tier 2,Low,Average,9,Call,Refused,Field,0
SFL102247,97829,61118,158,Tier 1,Medium,Good,5,Call,Promised,Call,58591
SFL102248,209282,113587,159,Tier 1,Low,Average,5,Field,Promised,Call,30923
SFL102249,132260,42567,298,Tier 2,High,Poor,6,Call,Refused,Field,0
SFL102250,41118,14360,472,Tier 2,Medium,Average,4,Call,Refused,Legal,0
SFL102251,22602,7217,86,Tier 2,High,Average,10,Call,Promised,Call,2084
SFL102252,30905,20766,91,Tier 2,Low,Poor,7,Call,Refused,Legal,0
SFL102253,78632,60416,132,Tier 2,Low,Average,2,Field,Promised,Field,48399
SFL102254,60042,35073,111,Tier 2,Low,Average,20,Call,Paid,Legal,0
SFL102255,53460,22008,258,Tier 2,Low,Poor,1,Field,Refused,Field,0
SFL102256,244767,131016,600,Tier 2,High,Average,4,Call,No Response,Call,0
SFL102257,72916,66345,184,Tier 1,Medium,Average,6,Call,No Response,Call,34827
SFL102258,341351,243091,701,Tier 3,Low,Good,4,Call,Promised,Field,0
SFL102259,12890,8844,894,Tier 2,Medium,Good,11,Call,No Response,Legal,0
SFL102260,69208,43842,174,Tier 2,Medium,Average,5,Field,No Response,Field,0
SFL102261,16811,8867,104,Tier 1,Medium,Average,9,Call,Refused,Call,0
SFL102262,68738,50597,357,Tier 1,High,Poor,13,Call,No Response,Call,0
SFL102263,407001,379500,292,Tier 2,High,Good,4,Field,Promised,Call,239874
SFL102264,98887,74584,853,Tier 2,Low,Poor,19,Call,Refused,Legal,0
SFL102265,43352,25020,272,Tier 2,Low,Poor,5,Legal,No Response,Call,4701
SFL102266,36555,26668,121,Tier 2,Low,Average,6,Call,Paid,Call,19244
SFL102267,22833,14229,473,Tier 2,Medium,Poor,10,Call,No Response,Legal,0
SFL102268,1047483,448258,29,Tier 2,Medium,Poor,6,Field,Refused,Call,0
SFL102269,176543,97795,367,Tier 2,Medium,Average,10,Call,Refused,Legal,0
SFL102270,279701,214573,164,Tier 2,Medium,Poor,6,Legal,No Response,Field,0
SFL102271,61735,44095,197,Tier 3,Medium,Good,13,Call,Promised,Call,35898
SFL102272,233332,214832,293,Tier 2,High,Good,1,Call,Promised,Field,182062
SFL102273,48110,44048,246,Tier 1,Low,Average,4,Field,Paid,Call,14333
SFL102274,216554,176899,126,Tier 2,Low,Poor,4,Legal,Paid,Call,102804
SFL102275,51374,44778,44,Tier 2,Low,Poor,8,Call,Promised,Call,22494
SFL102276,334691,108868,204,Tier 3,Low,Poor,4,Field,No Response,Legal,0
SFL102277,58787,48921,10,Tier 3,Low,Poor,1,Call,Paid,Call,0
SFL102278,63298,57013,483,Tier 2,Low,Average,6,Field,Promised,Legal,0
SFL102279,294588,199381,118,Tier 2,Low,Average,4,Call,No Response,Field,0
SFL102280,46735,15346,305,Tier 3,High,Good,8,Call,No Response,Field,12570
SFL102281,16723,10115,132,Tier 2,Medium,Average,4,Call,No Response,Field,0
SFL102282,21091,10418,120,Tier 2,Medium,Poor,10,Call,Refused,Call,4540
SFL102283,665855,637869,83,Tier 3,Low,Average,9,Call,Promised,Field,244223
SFL102284,164554,81035,356,Tier 1,Low,Average,8,Call,No Response,Call,0
SFL102285,944726,344108,695,Tier 1,High,Poor,6,Field,Refused,Legal,0
SFL102286,313188,190139,12,Tier 1,Medium,Good,5,Call,Refused,Legal,0
SFL102287,40794,35184,98,Tier 2,Low,Poor,18,Call,Refused,Call,0
SFL102288,513788,176177,40,Tier 1,Medium,Average,6,Legal,Promised,Call,157868
SFL102289,41807,31635,463,Tier 2,Low,Average,8,Call,No Response,Field,0
SFL102290,67310,51641,286,Tier 2,Low,Poor,16,Field,No Response,Field,0
SFL102291,567289,442205,329,Tier 1,High,Poor,8,Field,No Response,Call,0
SFL102292,55830,53830,81,Tier 2,Low,Good,10,Field,Promised,Call,39468
SFL102293,258544,106697,320,Tier 3,Low,Average,3,Field,No Response,Legal,34239
SFL102294,1060398,803490,635,Tier 1,Low,Poor,10,Legal,Promised,Call,0
SFL102295,214098,200455,162,Tier 1,Medium,Average,2,Call,Refused,Field,60936
SFL102296,74785,33492,179,Tier 2,High,Poor,1,Field,Refused,Call,0
SFL102297,69879,62785,532,Tier 1,High,Average,5,Call,No Response,Call,34807
SFL102298,197032,63996,297,Tier 3,Medium,Good,5,Field,Refused,Field,0
SFL102299,85354,27066,98,Tier 2,Medium,Poor,6,Field,Paid,Legal,0
SFL102300,439757,170257,351,Tier 1,Low,Average,7,Call,No Response,Call,0
SFL102301,308242,292111,104,Tier 1,High,Average,6,Call,No Response,Call,128509
SFL102302,35446,13362,37,Tier 3,High,Average,2,Call,No Response,Field,8582
SFL102303,873143,371207,117,Tier 2,Low,Good,4,Legal,Promised,Call,0
SFL102304,304091,237760,168,Tier 3,High,Average,7,Field,Promised,Field,0
SFL102305,1160594,896525,79,Tier 3,High,Average,4,Call,Refused,Call,0
SFL102306,1002867,401664,229,Tier 3,Low,Average,4,Field,No Response,Field,0
SFL102307,118522,38536,324,Tier 2,High,Average,5,Call,No Response,Field,0
SFL102308,10199,6549,193,Tier 1,Low,Poor,4,Call,No Response,Field,0
SFL102309,64305,49902,201,Tier 3,Medium,Poor,8,Field,Promised,Field,0
SFL102310,48432,28264,4,Tier 1,Low,Average,17,Call,Promised,Field,0
SFL102311,566828,253046,172,Tier 3,Medium,Average,1,Field,No Response,Field,0
SFL102312,102966,68722,170,Tier 2,Medium,Average,17,Call,Paid,Call,19844
SFL102313,14314,8058,179,Tier 1,Low,Poor,20,Call,No Response,Call,1345
SFL102314,821774,490139,203,Tier 2,Low,Good,3,Call,No Response,Field,0
SFL102315,39214,21076,22,Tier 2,High,Average,6,Call,No Response,Legal,0
SFL102316,23328,19065,243,Tier 3,Medium,Average,1,Call,No Response,Field,11017
SFL102317,471296,142355,520,Tier 1,Low,Poor,6,Call,No Response,Call,0
SFL102318,46864,14639,637,Tier 1,Low,Average,6,Field,Promised,Legal,0
SFL102319,815474,316890,31,Tier 2,Medium,Average,10,Field,Refused,Field,0
SFL102320,285087,258050,235,Tier 2,Low,Average,4,Call,No Response,Field,0
SFL102321,24670,19499,816,Tier 2,Medium,Good,6,Field,Promised,Legal,0
SFL102322,44644,34790,21,Tier 2,Medium,Poor,5,Field,No Response,Call,0
SFL102323,517405,193826,283,Tier 3,Low,Good,19,Call,No Response,Call,0
SFL102324,46199,17908,264,Tier 3,Medium,Average,9,Legal,No Response,Field,0
SFL102325,26630,14716,487,Tier 2,Medium,Poor,16,Call,No Response,Legal,0
SFL102326,373236,231846,206,Tier 3,Medium,Average,4,Field,Refused,Call,0
SFL102327,423862,178091,167,Tier 3,Medium,Average,7,Field,No Response,Field,92696
SFL102328,583176,380617,332,Tier 1,Medium,Good,18,Call,Paid,Call,0
SFL102329,62129,56427,362,Tier 2,Medium,Average,13,Call,Paid,Field,0
SFL102330,1120268,504131,286,Tier 2,Medium,Poor,6,Call,Promised,Call,0
SFL102331,334762,206759,631,Tier 2,Low,Poor,1,Field,Promised,Call,0
SFL102332,181041,164077,347,Tier 2,Low,Poor,5,Call,Promised,Call,0
SFL102333,223437,118611,249,Tier 2,Medium,Average,2,Call,No Response,Field,0
SFL102334,207028,109415,239,Tier 3,Medium,Poor,10,Call,No Response,Call,0
SFL102335,13217,11546,628,Tier 2,Low,Average,8,Field,Refused,Legal,0
SFL102336,320631,178915,23,Tier 3,Medium,Average,12,Call,No Response,Field,0
SFL102337,214730,96748,842,Tier 1,Low,Average,7,Legal,Promised,Field,0
SFL102338,44416,24789,170,Tier 2,Low,Poor,2,Call,No Response,Call,0
SFL102339,326882,269342,284,Tier 2,Low,Average,7,Field,Promised,Field,0
SFL102340,429030,292316,790,Tier 3,Medium,Average,10,Call,No Response,Field,0
SFL102341,58270,20448,41,Tier 2,Medium,Poor,11,Call,No Response,Call,0
SFL102342,263381,160233,317,Tier 1,Low,Good,3,Field,Paid,Call,101699
SFL102343,851568,730343,719,Tier 2,Low,Average,6,Call,No Response,Field,379302
SFL102344,178505,152424,102,Tier 2,Low,Poor,11,Legal,No Response,Field,0
SFL102345,166664,141045,710,Tier 2,Medium,Poor,9,Field,Refused,Field,0
SFL102346,56064,47046,144,Tier 1,Low,Poor,5,Legal,Promised,Call,0
SFL102347,195823,116075,672,Tier 2,Low,Average,10,Field,Refused,Field,0
SFL102348,87069,42149,217,Tier 1,High,Average,4,Field,No Response,Call,0
SFL102349,338528,210459,37,Tier 1,Medium,Average,6,Call,No Response,Field,0
SFL102350,231273,145320,323,Tier 3,Medium,Poor,11,Call,Refused,Call,0
SFL102351,62681,48233,125,Tier 3,Medium,Average,12,Call,No Response,Field,0
SFL102352,15374,12426,753,Tier 3,Medium,Poor,4,Call,No Response,Field,6467
SFL102353,47614,23938,392,Tier 3,Medium,Average,14,Call,No Response,Legal,0
SFL102354,65353,62650,47,Tier 1,Medium,Good,1,Field,Refused,Call,31149
SFL102355,38314,30619,382,Tier 2,Medium,Good,5,Legal,No Response,Field,0
SFL102356,31823,28571,87,Tier 3,Medium,Average,4,Field,Paid,Field,15666
SFL102357,263886,106601,881,Tier 2,High,Good,9,Call,No Response,Field,0
SFL102358,69745,57733,303,Tier 2,High,Average,5,Call,Paid,Field,0
SFL102359,289704,196942,270,Tier 2,Medium,Poor,9,Call,No Response,Legal,25336
SFL102360,16617,7688,871,Tier 1,High,Average,7,Field,No Response,Legal,0
SFL102361,245582,100892,86,Tier 3,Medium,Average,1,Field,No Response,Call,38240
SFL102362,301136,112452,86,Tier 3,Low,Average,2,Call,No Response,Field,0
SFL102363,1018061,346582,34,Tier 2,Low,Average,9,Legal,Promised,Field,0
SFL102364,551494,308900,127,Tier 3,Low,Average,9,Call,Promised,Legal,0
SFL102365,254694,200999,168,Tier 1,Medium,Average,2,Field,No Response,Call,0
SFL102366,13303,11413,836,Tier 2,Medium,Poor,1,Call,No Response,Call,0
SFL102367,51085,26190,151,Tier 1,Medium,Average,6,Field,Paid,Call,22273
SFL102368,752610,384298,71,Tier 2,Low,Average,4,Field,Promised,Call,314585
SFL102369,14282,6386,104,Tier 2,Low,Good,10,Field,Refused,Field,0
SFL102370,144803,129939,16,Tier 2,Medium,Poor,5,Field,No Response,Field,26747
SFL102371,39349,30022,169,Tier 3,Medium,Average,5,Legal,No Response,Field,19836
SFL102372,171477,66165,303,Tier 1,High,Average,8,Legal,Promised,Call,0
SFL102373,17320,9911,141,Tier 2,High,Average,7,Call,No Response,Field,2745
SFL102374,45727,41372,164,Tier 2,Low,Poor,4,Call,Refused,Field,0
SFL102375,224741,174521,294,Tier 2,Medium,Average,7,Call,Paid,Field,66443
SFL102376,13216,4500,61,Tier 2,Low,Average,17,Call,No Response,Field,0
SFL102377,137668,90976,314,Tier 3,Medium,Average,5,Legal,No Response,Field,75254
SFL102378,202064,147565,36,Tier 2,Low,Average,5,Call,No Response,Field,0
SFL102379,324659,291739,129,Tier 1,High,Good,1,Call,Promised,Call,229701
SFL102380,275225,165142,96,Tier 2,Medium,Average,10,Call,Promised,Call,0
SFL102381,216381,96233,10,Tier 1,Low,Good,6,Call,Paid,Call,81152
SFL102382,344248,209678,142,Tier 2,Low,Average,9,Legal,Promised,Field,42093
SFL102383,96851,54814,708,Tier 2,Low,Average,20,Call,Refused,Legal,29837
SFL102384,45243,30843,424,Tier 2,Low,Average,2,Call,No Response,Legal,0
SFL102385,44276,26051,124,Tier 1,Low,Poor,11,Call,Promised,Field,0
SFL102386,976473,862373,863,Tier 1,Medium,Good,5,Call,Promised,Call,778959
SFL102387,32942,13682,116,Tier 3,Low,Average,9,Field,Promised,Field,5405
SFL102388,284255,189813,125,Tier 2,Medium,Average,4,Field,No Response,Field,155399
SFL102389,115580,92076,259,Tier 1,Low,Average,6,Field,Paid,Field,48381
SFL102390,50497,37487,89,Tier 2,High,Good,9,Field,Refused,Call,0
SFL102391,724635,640909,165,Tier 2,Low,Poor,3,Call,Refused,Call,0
SFL102392,56623,23488,199,Tier 3,Medium,Good,4,Call,Promised,Call,0
SFL102393,36556,20136,629,Tier 3,High,Poor,3,Field,Promised,Call,0
SFL102394,176978,109050,208,Tier 2,High,Average,19,Call,Promised,Field,25586
SFL102395,858075,831625,357,Tier 1,Medium,Good,14,Call,Paid,Call,750324
SFL102396,64002,26771,328,Tier 2,High,Poor,3,Field,Refused,Call,0
SFL102397,204262,189908,234,Tier 1,Medium,Poor,4,Field,No Response,Legal,0
SFL102398,62391,39876,166,Tier 2,Low,Poor,4,Call,No Response,Field,13728
SFL102399,328952,138236,39,Tier 2,Medium,Average,20,Call,Promised,Field,0
SFL102400,56026,53921,34,Tier 3,High,Poor,4,Field,Paid,Field,17910
SFL102401,1022566,700687,432,Tier 1,Low,Poor,1,Field,Promised,Call,0
SFL102402,33917,29726,117,Tier 3,Low,Average,9,Legal,No Response,Field,0
SFL102403,39020,22320,107,Tier 2,Medium,Poor,6,Field,Refused,Call,0
SFL102404,661174,467288,56,Tier 2,Medium,Poor,2,Call,No Response,Legal,214163
SFL102405,326435,139879,393,Tier 1,Low,Average,20,Call,No Response,Legal,0
SFL102406,21029,12986,49,Tier 1,Medium,Poor,3,Call,Promised,Field,0
SFL102407,34950,15876,246,Tier 3,High,Poor,4,Call,No Response,Field,6938
SFL102408,70492,46623,245,Tier 2,Low,Average,10,Call,Refused,Field,0
SFL102409,119711,70179,53,Tier 2,Low,Average,19,Call,Promised,Field,33000
SFL102410,38137,32548,237,Tier 2,Medium,Poor,1,Field,No Response,Call,0
SFL102411,600967,504256,674,Tier 2,Low,Poor,18,Field,No Response,Call,0
SFL102412,130425,95479,160,Tier 2,Medium,Poor,7,Call,No Response,Call,56070
SFL102413,10079,4783,208,Tier 2,Medium,Poor,13,Call,No Response,Call,0
SFL102414,229284,82459,174,Tier 2,Medium,Average,6,Call,Promised,Call,0
SFL102415,43537,19367,129,Tier 2,Low,Average,5,Call,Refused,Field,5172
SFL102416,216436,97788,56,Tier 2,Low,Poor,8,Call,Refused,Field,0
SFL102417,795636,593442,308,Tier 2,Low,Poor,6,Call,No Response,Call,0
SFL102418,231869,211300,162,Tier 3,Low,Average,18,Call,Refused,Legal,0
SFL102419,11480,10739,357,Tier 2,High,Good,5,Field,No Response,Field,9399
SFL102420,948044,800142,350,Tier 2,Medium,Poor,6,Field,Refused,Call,0
SFL102421,57604,18893,98,Tier 2,Low,Average,2,Call,No Response,Field,0
SFL102422,38914,18367,225,Tier 3,Low,Average,7,Legal,Promised,Call,0
SFL102423,223664,87540,233,Tier 3,Medium,Poor,9,Call,Refused,Field,0
SFL102424,229450,82547,192,Tier 3,Medium,Poor,8,Call,Refused,Call,0
SFL102425,1066021,665518,232,Tier 2,High,Poor,6,Field,Refused,Call,0
SFL102426,62483,34775,350,Tier 3,Low,Poor,7,Field,No Response,Legal,0
SFL102427,596980,546434,856,Tier 3,Low,Poor,9,Call,No Response,Legal,0
SFL102428,174225,92969,178,Tier 2,Medium,Average,4,Call,No Response,Field,59832
SFL102429,212021,109174,344,Tier 2,Low,Average,5,Call,No Response,Field,86805
SFL102430,190438,84318,278,Tier 3,Low,Poor,6,Call,No Response,Call,0
SFL102431,32615,25617,198,Tier 1,Medium,Poor,6,Call,Refused,Call,0
SFL102432,13731,7490,26,Tier 1,Low,Good,10,Call,Promised,Call,0
SFL102433,201408,137903,43,Tier 1,Medium,Good,4,Field,No Response,Call,0
SFL102434,469982,190042,97,Tier 2,Medium,Poor,8,Call,Promised,Call,0
SFL102435,166375,63075,61,Tier 1,Low,Average,20,Legal,Refused,Call,36406
SFL102436,246007,213076,2,Tier 2,Low,Average,8,Legal,Refused,Field,0
SFL102437,1157035,740959,129,Tier 2,Medium,Poor,2,Call,No Response,Field,0
SFL102438,291824,268089,205,Tier 1,Medium,Poor,5,Call,No Response,Legal,0
SFL102439,65579,51726,128,Tier 1,High,Average,6,Field,Paid,Call,10347
SFL102440,160334,51065,40,Tier 3,High,Average,9,Call,Refused,Legal,0
SFL102441,57116,20806,298,Tier 2,Low,Poor,6,Field,No Response,Field,0
SFL102442,51423,49533,349,Tier 2,Medium,Average,14,Legal,No Response,Call,34715
SFL102443,243660,86022,178,Tier 2,Low,Average,4,Field,Promised,Field,49888
SFL102444,103206,52709,262,Tier 1,Medium,Poor,7,Call,No Response,Call,0
SFL102445,49349,39120,35,Tier 2,High,Poor,4,Call,No Response,Call,0
SFL102446,34462,17516,335,Tier 2,High,Poor,11,Field,Promised,Field,0
SFL102447,59836,32586,159,Tier 2,High,Poor,5,Call,No Response,Field,5482
SFL102448,132892,112934,351,Tier 2,Low,Average,1,Call,Promised,Field,71909
SFL102449,733192,707607,139,Tier 3,Low,Average,2,Call,No Response,Field,0
SFL102450,119577,55321,874,Tier 1,Medium,Poor,7,Call,No Response,Legal,0
SFL102451,23240,8432,8,Tier 2,Medium,Good,6,Call,Promised,Field,6377
SFL102452,54241,50706,77,Tier 1,Low,Average,9,Call,Refused,Field,0
SFL102453,33151,20514,254,Tier 2,Medium,Good,6,Call,No Response,Field,0
SFL102454,191995,167178,306,Tier 1,Low,Poor,1,Field,No Response,Call,0
SFL102455,895843,337909,62,Tier 3,High,Average,5,Call,Promised,Field,0
SFL102456,13508,7827,107,Tier 2,Medium,Average,6,Field,Promised,Call,0
SFL102457,65946,24220,122,Tier 2,High,Poor,2,Field,No Response,Legal,0
SFL102458,27797,20791,67,Tier 2,High,Poor,10,Call,Promised,Call,0
SFL102459,47290,22334,468,Tier 2,Low,Poor,2,Call,No Response,Legal,0
SFL102460,342811,225527,690,Tier 3,Medium,Poor,18,Call,Promised,Call,0
SFL102461,336751,177790,168,Tier 3,Low,Poor,6,Call,No Response,Call,0
SFL102462,75787,59122,233,Tier 1,Medium,Average,4,Call,No Response,Call,0
SFL102463,404482,353296,866,Tier 1,High,Good,1,Field,Promised,Call,0
SFL102464,37201,34694,334,Tier 3,Low,Good,9,Field,Promised,Call,19077
SFL102465,1000490,481316,153,Tier 3,Low,Average,1,Call,Promised,Call,296997
SFL102466,10824,5208,89,Tier 1,Medium,Poor,4,Call,Promised,Call,2233
SFL102467,336070,273052,49,Tier 2,Low,Average,4,Field,Refused,Field,0
SFL102468,19600,9863,154,Tier 1,Low,Poor,4,Field,Refused,Call,0
SFL102469,119701,43130,306,Tier 1,Low,Poor,4,Call,Paid,Call,0
SFL102470,53605,47159,712,Tier 2,Low,Good,5,Field,Paid,Legal,29949
SFL102471,122752,98104,441,Tier 1,Low,Good,1,Call,Refused,Call,0
SFL102472,49043,36523,2,Tier 2,Low,Good,10,Legal,No Response,Field,0
SFL102473,245923,120135,140,Tier 1,Low,Average,20,Call,Promised,Call,0
SFL102474,645843,262363,110,Tier 3,Medium,Good,2,Call,Promised,Field,261712
SFL102475,20887,16848,111,Tier 3,Low,Poor,2,Call,No Response,Field,0
SFL102476,283751,92730,862,Tier 1,Low,Good,14,Call,Promised,Call,0
SFL102477,241697,117845,6,Tier 3,Low,Poor,3,Field,No Response,Call,0
SFL102478,877073,642086,262,Tier 2,Medium,Average,3,Field,Refused,Field,310980
SFL102479,35204,23067,60,Tier 3,High,Average,19,Field,Refused,Field,5968
SFL102480,43527,16178,159,Tier 3,High,Average,8,Call,Paid,Field,8492
SFL102481,38777,35009,741,Tier 2,Low,Good,3,Call,Paid,Field,29478
SFL102482,28907,14710,47,Tier 2,High,Average,4,Call,Paid,Field,10459
SFL102483,349890,314183,9,Tier 1,Low,Average,5,Call,Promised,Call,165161
SFL102484,197751,122365,143,Tier 2,Medium,Average,11,Field,Refused,Call,48604
SFL102485,108025,69583,170,Tier 3,Medium,Average,9,Call,No Response,Call,0
SFL102486,144421,113469,588,Tier 3,Low,Good,7,Legal,Refused,Field,0
SFL102487,61308,34085,853,Tier 1,High,Average,4,Call,Promised,Legal,15911
SFL102488,247678,158415,37,Tier 3,Medium,Poor,9,Field,No Response,Call,0
SFL102489,58419,23658,510,Tier 3,Low,Average,10,Legal,Paid,Field,0
SFL102490,147519,85662,238,Tier 2,Low,Average,1,Call,Paid,Field,0
SFL102491,25407,9424,147,Tier 2,Low,Average,18,Field,Paid,Call,0
SFL102492,47919,43736,291,Tier 1,Low,Poor,9,Legal,No Response,Call,0
SFL102493,37199,18582,879,Tier 3,High,Average,7,Legal,No Response,Legal,0
SFL102494,186096,135080,514,Tier 3,High,Poor,9,Call,Refused,Field,0
SFL102495,30011,15895,228,Tier 1,Low,Average,5,Legal,Promised,Legal,0
SFL102496,493079,471752,132,Tier 2,High,Poor,10,Field,No Response,Legal,0
SFL102497,61591,58826,74,Tier 1,Medium,Poor,7,Call,Paid,Legal,0
SFL102498,15176,8174,342,Tier 1,Low,Average,6,Call,No Response,Call,6074
SFL102499,68874,48356,742,Tier 3,Medium,Poor,1,Legal,No Response,Legal,18816
SFL102500,24480,7592,237,Tier 2,Low,Average,10,Field,No Response,Field,2395
SFL102501,39180,22705,172,Tier 1,Low,Average,6,Call,Refused,Call,0
SFL102502,48792,21854,755,Tier 2,Low,Poor,6,Field,Promised,Field,0
SFL102503,13349,7187,150,Tier 2,Medium,Average,10,Call,No Response,Field,0
SFL102504,70671,58968,255,Tier 3,Low,Good,1,Field,Promised,Field,0
SFL102505,47084,37435,134,Tier 1,Medium,Average,14,Field,Paid,Field,0
SFL102506,32702,25986,552,Tier 2,Medium,Average,2,Call,Promised,Field,23384
SFL102507,136328,46608,152,Tier 1,Low,Average,6,Call,No Response,Call,0
SFL102508,848700,294367,131,Tier 2,Medium,Average,19,Field,Promised,Field,0
SFL102509,297577,245993,73,Tier 1,Medium,Average,5,Field,No Response,Call,117563
SFL102510,18963,6288,135,Tier 2,Medium,Poor,6,Call,No Response,Call,0
SFL102511,182721,66979,261,Tier 3,Low,Poor,5,Call,No Response,Field,0
SFL102512,289341,135233,698,Tier 1,Medium,Average,7,Call,No Response,Field,0
SFL102513,52466,39297,177,Tier 3,Low,Average,5,Call,No Response,Field,0
SFL102514,1179884,627746,62,Tier 3,High,Average,1,Call,Promised,Field,150058
SFL102515,545916,466368,92,Tier 1,Low,Poor,4,Legal,No Response,Field,0
SFL102516,1120965,493397,642,Tier 2,Low,Average,9,Call,No Response,Legal,0
SFL102517,101259,30861,29,Tier 2,Low,Poor,3,Field,No Response,Call,4553
SFL102518,190546,128533,854,Tier 1,Low,Good,4,Field,Paid,Legal,0
SFL102519,242462,194478,106,Tier 2,Medium,Good,10,Call,Refused,Field,101688
SFL102520,316640,286111,45,Tier 3,Medium,Poor,9,Legal,No Response,Call,102810
SFL102521,38658,31113,70,Tier 1,Low,Good,2,Call,No Response,Legal,0
SFL102522,31872,10063,141,Tier 2,High,Poor,10,Call,No Response,Call,0
SFL102523,43769,37979,61,Tier 1,Low,Average,15,Legal,Promised,Call,9358
SFL102524,53603,29701,286,Tier 2,High,Poor,6,Legal,Promised,Call,14023
SFL102525,346914,298350,634,Tier 1,Medium,Poor,17,Call,Refused,Field,0
SFL102526,1012463,337153,584,Tier 2,Medium,Average,4,Field,Refused,Call,0
SFL102527,10802,4817,242,Tier 2,Medium,Poor,2,Field,No Response,Call,0
SFL102528,125565,108552,301,Tier 2,High,Poor,16,Field,Refused,Field,0
SFL102529,325133,116122,834,Tier 2,Low,Good,10,Legal,No Response,Call,93155
SFL102530,1107810,912191,894,Tier 2,High,Average,3,Call,Refused,Field,0
SFL102531,682245,623318,9,Tier 2,Low,Poor,13,Call,No Response,Call,0
SFL102532,1139716,776955,187,Tier 3,Medium,Good,6,Call,Promised,Field,415616
SFL102533,310219,178527,104,Tier 2,Low,Good,6,Call,No Response,Field,145603
SFL102534,265145,123072,188,Tier 2,Low,Good,12,Call,Paid,Call,91745
SFL102535,15087,6594,109,Tier 2,Low,Average,8,Field,No Response,Field,0
SFL102536,1112920,439095,205,Tier 2,Medium,Average,12,Field,Refused,Call,0
SFL102537,24739,9805,250,Tier 2,Low,Poor,5,Call,Promised,Call,3060
SFL102538,907097,820165,291,Tier 3,Low,Average,10,Legal,Promised,Field,0
SFL102539,1077827,796881,306,Tier 2,Medium,Poor,2,Field,No Response,Call,0
SFL102540,32074,13556,230,Tier 1,Medium,Average,4,Legal,Refused,Call,0
SFL102541,292376,194043,128,Tier 1,Medium,Poor,4,Field,No Response,Call,0
SFL102542,34054,18707,316,Tier 2,Medium,Poor,8,Call,Refused,Call,6597
SFL102543,19836,8254,53,Tier 2,Low,Average,6,Legal,Promised,Field,3306
SFL102544,297271,173209,174,Tier 1,High,Good,18,Call,Paid,Call,148617
SFL102545,299697,144694,330,Tier 3,Medium,Average,8,Call,Promised,Field,72448
SFL102546,283959,184500,63,Tier 2,Medium,Poor,3,Call,No Response,Call,0
SFL102547,198537,123400,44,Tier 2,Low,Poor,10,Legal,Refused,Call,0
SFL102548,258957,87666,109,Tier 2,Low,Good,5,Legal,No Response,Field,44727
SFL102549,327786,114859,95,Tier 2,High,Average,4,Field,Promised,Call,54161
SFL102550,25426,11744,65,Tier 2,Medium,Average,3,Call,Promised,Field,0
SFL102551,541352,258308,116,Tier 1,Low,Poor,2,Legal,Refused,Field,0
SFL102552,261075,170098,91,Tier 3,High,Average,11,Call,Promised,Field,89644
SFL102553,57240,40465,47,Tier 2,Low,Average,6,Legal,No Response,Field,12645
SFL102554,236206,208586,696,Tier 1,Low,Good,10,Field,Promised,Legal,0
SFL102555,843219,684584,614,Tier 2,High,Good,10,Call,Promised,Field,0
SFL102556,872148,461512,447,Tier 2,High,Average,13,Call,Promised,Field,123289
SFL102557,237079,115543,326,Tier 3,Low,Average,1,Call,Promised,Call,76433
SFL102558,268637,208090,786,Tier 2,Low,Good,7,Call,No Response,Field,0
SFL102559,502322,174003,292,Tier 3,High,Average,8,Call,Promised,Field,78549
SFL102560,66647,22324,77,Tier 2,Low,Poor,6,Legal,Promised,Legal,0
SFL102561,67271,31080,27,Tier 3,High,Poor,6,Call,No Response,Call,0
SFL102562,66223,54735,280,Tier 3,Low,Average,1,Legal,No Response,Call,0
SFL102563,51181,28213,394,Tier 2,High,Poor,5,Call,No Response,Call,0
SFL102564,16305,15016,61,Tier 2,Medium,Poor,7,Legal,Refused,Call,0
SFL102565,37694,34202,61,Tier 2,Low,Good,6,Call,No Response,Field,30591
SFL102566,464366,382855,80,Tier 1,High,Average,4,Field,No Response,Call,246234
SFL102567,787095,404824,280,Tier 1,Medium,Average,7,Legal,No Response,Call,0
SFL102568,135734,70515,96,Tier 2,High,Poor,7,Legal,No Response,Legal,0
SFL102569,70712,55514,897,Tier 1,Medium,Poor,5,Legal,No Response,Legal,0
SFL102570,10244,9028,509,Tier 2,Medium,Average,9,Field,Promised,Call,0
SFL102571,259652,185456,174,Tier 3,Low,Poor,3,Call,No Response,Field,0
SFL102572,52475,29527,54,Tier 1,Low,Poor,3,Call,No Response,Call,0
SFL102573,17450,14766,90,Tier 2,Low,Average,10,Call,No Response,Call,0
SFL102574,55805,53086,110,Tier 2,High,Poor,2,Field,No Response,Field,0
SFL102575,39322,19896,31,Tier 2,Low,Average,10,Field,Paid,Field,0
SFL102576,212648,85070,154,Tier 2,Medium,Poor,16,Call,No Response,Call,0
SFL102577,37913,32836,72,Tier 3,Low,Average,1,Field,Promised,Field,22040
SFL102578,71938,35983,150,Tier 3,Medium,Good,3,Call,Paid,Call,26662
SFL102579,72721,36389,36,Tier 2,Medium,Average,4,Call,Refused,Field,0
SFL102580,346299,115401,156,Tier 2,Medium,Poor,11,Field,No Response,Call,0
SFL102581,638855,298982,92,Tier 1,Low,Poor,3,Call,No Response,Call,0
SFL102582,272980,125635,81,Tier 2,High,Average,2,Field,Refused,Field,41731
SFL102583,31454,27209,273,Tier 1,Medium,Poor,10,Field,Promised,Field,0
SFL102584,302722,150848,277,Tier 2,Medium,Average,2,Field,Promised,Call,37441
SFL102585,121672,93664,415,Tier 3,Low,Average,2,Call,No Response,Field,35763
SFL102586,40310,28547,691,Tier 2,High,Average,9,Call,No Response,Legal,0
SFL102587,33289,18867,311,Tier 2,Low,Average,4,Call,No Response,Field,0
SFL102588,18363,13228,172,Tier 3,Medium,Poor,4,Call,Refused,Call,0
SFL102589,313063,154441,800,Tier 3,Medium,Good,1,Field,Refused,Call,0
SFL102590,42124,18160,386,Tier 2,Medium,Average,6,Legal,No Response,Legal,0
SFL102591,13042,9719,32,Tier 1,Low,Average,12,Call,No Response,Call,4360
SFL102592,27154,25906,119,Tier 3,Low,Average,4,Call,Promised,Call,0
SFL102593,46074,29258,353,Tier 3,Low,Good,14,Field,Promised,Field,0
SFL102594,54595,17864,75,Tier 3,High,Average,3,Call,Promised,Field,15665
SFL102595,1115021,685101,21,Tier 1,Low,Average,8,Field,No Response,Call,0
SFL102596,270600,83437,306,Tier 2,Low,Average,6,Legal,Refused,Field,0
SFL102597,73125,54246,74,Tier 1,Low,Average,14,Legal,Promised,Call,28830
SFL102598,60802,51439,142,Tier 3,Medium,Poor,3,Call,Promised,Field,0
SFL102599,65594,52838,74,Tier 2,Low,Average,2,Call,No Response,Legal,0
SFL102600,1160067,459865,143,Tier 2,Medium,Poor,15,Call,No Response,Call,0
SFL102601,163512,86917,160,Tier 2,Medium,Poor,3,Call,Refused,Field,0
SFL102602,241182,92413,103,Tier 1,Low,Poor,9,Field,Refused,Field,0
SFL102603,208515,72636,40,Tier 2,Medium,Poor,3,Legal,No Response,Field,8214
SFL102604,825582,404310,607,Tier 2,High,Poor,6,Field,Refused,Call,0
SFL102605,128534,52809,490,Tier 3,Medium,Average,3,Field,No Response,Field,0
SFL102606,1069626,548894,34,Tier 2,Low,Poor,4,Call,Promised,Legal,0
SFL102607,256187,171319,79,Tier 1,Medium,Average,1,Field,Promised,Call,0
SFL102608,39166,31785,436,Tier 2,Medium,Average,3,Field,Promised,Legal,0
SFL102609,67705,58130,347,Tier 1,Low,Poor,5,Call,No Response,Call,0
SFL102610,15470,12382,227,Tier 1,Low,Average,13,Field,No Response,Field,0
SFL102611,288034,154974,610,Tier 1,Low,Poor,2,Call,Promised,Legal,0
SFL102612,115002,59424,129,Tier 1,High,Poor,1,Field,Refused,Field,0
SFL102613,1058588,563157,281,Tier 2,Low,Average,13,Call,Refused,Legal,0
SFL102614,342214,251211,290,Tier 2,Medium,Poor,2,Field,No Response,Call,102375
SFL102615,145694,122950,223,Tier 2,Medium,Average,2,Call,Paid,Call,0
SFL102616,1124915,368840,699,Tier 1,Low,Average,4,Call,Promised,Legal,309649
SFL102617,54067,50113,228,Tier 3,Medium,Average,6,Call,Paid,Field,36277
SFL102618,112325,39594,234,Tier 2,High,Poor,9,Call,No Response,Legal,6977
SFL102619,61733,26985,77,Tier 2,Medium,Good,8,Field,Promised,Call,21610
SFL102620,74963,45983,15,Tier 2,Low,Good,5,Field,No Response,Field,15568
SFL102621,512765,435565,259,Tier 2,Low,Average,13,Call,Paid,Field,169948
SFL102622,579063,400687,328,Tier 1,High,Average,8,Legal,Refused,Call,0
SFL102623,28499,13951,292,Tier 2,Medium,Poor,9,Call,Refused,Call,0
SFL102624,54817,51761,194,Tier 3,High,Good,3,Call,Paid,Field,34166
SFL102625,229273,80527,142,Tier 3,Medium,Good,2,Call,No Response,Field,20236
SFL102626,290676,142293,145,Tier 2,High,Good,11,Field,No Response,Call,0
SFL102627,707503,537027,448,Tier 3,Low,Average,4,Call,No Response,Field,0
SFL102628,61418,29564,104,Tier 1,Low,Average,5,Call,No Response,Call,0
SFL102629,218997,193473,177,Tier 3,Low,Poor,10,Call,Promised,Field,0
SFL102630,323681,147546,554,Tier 1,Low,Good,1,Field,No Response,Call,57812
SFL102631,35021,23812,255,Tier 2,Low,Average,4,Call,No Response,Field,4883
SFL102632,50531,27484,35,Tier 2,Low,Average,4,Field,No Response,Field,20814
SFL102633,146034,121685,89,Tier 2,Medium,Poor,6,Call,Promised,Field,27750
SFL102634,38831,15348,223,Tier 3,Low,Average,2,Call,No Response,Field,0
SFL102635,17177,10643,23,Tier 1,High,Average,3,Field,No Response,Field,0
SFL102636,206173,162228,25,Tier 3,Low,Average,17,Call,Refused,Field,0
SFL102637,35543,20655,208,Tier 1,High,Good,7,Field,Paid,Call,16846
SFL102638,1193059,1115862,41,Tier 2,Low,Good,16,Field,No Response,Call,0
SFL102639,43028,25337,342,Tier 1,Low,Average,8,Field,No Response,Call,20460
SFL102640,76755,26346,8,Tier 1,Low,Average,9,Call,Refused,Call,0
SFL102641,10026,4002,305,Tier 3,Medium,Average,8,Call,Promised,Field,0
SFL102642,48986,39728,795,Tier 2,Medium,Average,6,Call,Refused,Field,22192
SFL102643,172107,120557,671,Tier 3,Medium,Poor,5,Call,No Response,Legal,0
SFL102644,20738,17266,25,Tier 2,High,Average,2,Call,Refused,Field,0
SFL102645,277089,165166,75,Tier 2,High,Average,15,Call,Refused,Field,85581
SFL102646,1178102,778059,441,Tier 2,Low,Good,10,Field,Refused,Legal,0
SFL102647,70010,31662,62,Tier 2,Low,Average,13,Legal,Refused,Field,0
SFL102648,72804,51172,304,Tier 2,Low,Poor,7,Legal,No Response,Field,0
SFL102649,642480,363549,34,Tier 3,Low,Poor,6,Call,Promised,Legal,0
SFL102650,149707,97739,165,Tier 1,Low,Average,17,Field,Promised,Call,0
SFL102651,39414,35485,16,Tier 1,Low,Average,3,Call,No Response,Field,0
SFL102652,90138,85418,59,Tier 3,Medium,Average,18,Call,No Response,Legal,0
SFL102653,182220,156091,37,Tier 2,Medium,Average,6,Call,No Response,Field,0
SFL102654,305157,203823,273,Tier 2,Low,Average,10,Field,No Response,Call,0
SFL102655,53714,34878,131,Tier 2,Low,Average,9,Call,No Response,Field,0
SFL102656,308714,228907,814,Tier 3,High,Good,11,Field,Promised,Field,0
SFL102657,166603,156206,179,Tier 3,Low,Good,8,Call,Promised,Field,86951
SFL102658,18692,6405,34,Tier 2,Medium,Average,6,Field,Refused,Field,0
SFL102659,1171386,970393,325,Tier 2,Low,Poor,3,Call,Refused,Call,0
SFL102660,701114,282758,272,Tier 3,High,Average,4,Call,Refused,Field,0
SFL102661,118276,52466,62,Tier 1,Medium,Good,10,Call,Promised,Call,43158
SFL102662,21827,9895,114,Tier 3,Low,Average,8,Field,No Response,Field,0
SFL102663,183169,71912,310,Tier 2,Medium,Poor,5,Call,Refused,Call,0
SFL102664,90260,63477,93,Tier 1,Low,Average,5,Call,No Response,Field,24586
SFL102665,278865,253295,315,Tier 2,Low,Poor,20,Field,Promised,Call,0
SFL102666,59276,20721,107,Tier 1,Medium,Good,2,Call,Paid,Field,15044
SFL102667,115532,82225,527,Tier 2,Medium,Average,2,Call,Promised,Field,0
SFL102668,60885,20789,107,Tier 2,Low,Average,6,Field,No Response,Field,10311
SFL102669,253928,178685,159,Tier 1,Low,Poor,16,Call,No Response,Field,0
SFL102670,41272,27409,9,Tier 2,High,Average,6,Field,Promised,Legal,17041
SFL102671,16756,7615,53,Tier 2,Low,Good,10,Call,Promised,Field,6506
SFL102672,1189193,812934,134,Tier 2,Low,Poor,11,Call,Promised,Call,0
SFL102673,10438,4341,893,Tier 2,Medium,Average,20,Call,No Response,Field,0
SFL102674,136342,92350,248,Tier 3,Low,Average,1,Legal,Refused,Legal,0
SFL102675,77163,25221,112,Tier 1,Low,Average,17,Call,No Response,Call,0
SFL102676,39293,14856,846,Tier 1,High,Poor,12,Call,Paid,Legal,0
SFL102677,344955,226177,298,Tier 1,High,Average,2,Field,Refused,Call,0
SFL102678,558922,215102,80,Tier 3,High,Poor,6,Call,No Response,Call,0
SFL102679,208349,119980,125,Tier 1,High,Poor,4,Call,No Response,Call,0
SFL102680,168477,72044,39,Tier 2,Medium,Good,4,Call,Promised,Field,49317
SFL102681,296009,286869,14,Tier 3,Medium,Poor,10,Call,No Response,Call,0
SFL102682,666021,426583,126,Tier 2,Medium,Poor,9,Field,Paid,Call,0
SFL102683,252454,153699,886,Tier 1,Medium,Good,5,Call,Promised,Call,0
SFL102684,120949,56102,176,Tier 2,Medium,Good,6,Call,Refused,Legal,0
SFL102685,860819,639537,144,Tier 2,Medium,Poor,8,Call,Paid,Call,0
SFL102686,326919,200558,166,Tier 1,Low,Average,4,Field,Paid,Field,0
SFL102687,142981,125619,151,Tier 1,Medium,Average,14,Field,Promised,Legal,0
SFL102688,491178,312423,204,Tier 1,Medium,Poor,15,Field,Refused,Legal,0
SFL102689,163910,68122,162,Tier 2,Medium,Good,7,Call,No Response,Call,18244
SFL102690,391092,250166,610,Tier 3,High,Poor,18,Field,No Response,Call,0
SFL102691,1006734,848369,100,Tier 2,High,Average,4,Call,Paid,Legal,0
SFL102692,242430,146634,150,Tier 2,Low,Poor,4,Field,No Response,Call,75117
SFL102693,208833,190774,35,Tier 2,Medium,Poor,8,Legal,No Response,Call,0
SFL102694,28939,14931,129,Tier 2,Medium,Poor,9,Call,Refused,Legal,0
SFL102695,227831,147015,334,Tier 2,Low,Average,4,Call,No Response,Field,0
SFL102696,492204,271986,168,Tier 3,High,Poor,10,Field,No Response,Field,0
SFL102697,39881,36553,288,Tier 2,Medium,Average,2,Field,Refused,Field,12106
SFL102698,63409,36504,42,Tier 3,Medium,Average,6,Call,Promised,Field,13584
SFL102699,735962,349742,448,Tier 3,High,Good,4,Call,Promised,Legal,0
SFL102700,82894,79471,176,Tier 3,High,Average,8,Call,No Response,Call,0
SFL102701,80324,46562,174,Tier 2,Medium,Average,15,Call,No Response,Call,0
SFL102702,133617,103043,255,Tier 2,Low,Average,4,Call,No Response,Call,0
SFL102703,43125,30472,65,Tier 3,Low,Good,2,Field,Paid,Field,15347
SFL102704,158204,123400,60,Tier 1,Low,Average,3,Legal,Promised,Legal,0
SFL102705,229856,82801,122,Tier 3,Low,Average,4,Call,No Response,Field,54575
SFL102706,11540,8799,311,Tier 2,Low,Good,2,Field,No Response,Field,0
SFL102707,33979,15453,280,Tier 3,Medium,Poor,6,Call,No Response,Call,0
SFL102708,302122,146243,177,Tier 1,Low,Average,6,Legal,Promised,Call,102046
SFL102709,286828,155998,87,Tier 1,Medium,Average,14,Call,No Response,Call,0
SFL102710,62483,25369,462,Tier 3,Low,Poor,1,Field,Promised,Call,0
SFL102711,133261,127688,665,Tier 3,Low,Poor,1,Call,No Response,Legal,0
SFL102712,215643,117292,163,Tier 1,Medium,Average,6,Field,Refused,Call,69375
SFL102713,18052,8426,53,Tier 2,Medium,Average,15,Field,No Response,Field,0
SFL102714,208005,76830,307,Tier 2,Low,Poor,7,Call,No Response,Call,0
SFL102715,34601,13398,806,Tier 2,High,Poor,3,Field,Promised,Legal,2403
SFL102716,39687,38096,280,Tier 1,Low,Average,6,Call,Paid,Call,10027
SFL102717,24079,11629,297,Tier 1,Medium,Average,4,Call,Promised,Call,0
SFL102718,57636,31741,261,Tier 2,Medium,Average,8,Field,No Response,Field,0
SFL102719,61885,48137,4,Tier 1,High,Average,19,Call,No Response,Call,13575
SFL102720,44003,38894,181,Tier 2,Medium,Poor,8,Field,Refused,Field,0
SFL102721,12359,8513,5,Tier 3,Medium,Poor,6,Call,Paid,Call,0
SFL102722,80890,33346,31,Tier 2,High,Good,8,Field,No Response,Field,16735
SFL102723,21679,18715,160,Tier 1,Low,Poor,1,Call,No Response,Call,6645
SFL102724,1184876,820298,110,Tier 1,Low,Poor,17,Call,No Response,Field,0
SFL102725,222147,203326,747,Tier 3,Low,Average,6,Field,No Response,Field,126375
SFL102726,28303,18373,503,Tier 3,Medium,Average,5,Legal,Refused,Field,0
SFL102727,253136,190109,304,Tier 2,Medium,Poor,10,Call,No Response,Field,53849
SFL102728,63396,28481,69,Tier 1,High,Poor,19,Legal,No Response,Call,0
SFL102729,1040564,764680,159,Tier 1,Low,Poor,4,Field,Promised,Call,0
SFL102730,48054,25228,119,Tier 2,Low,Good,7,Call,Paid,Field,23930
SFL102731,20788,8760,120,Tier 1,High,Poor,4,Field,No Response,Call,0
SFL102732,256590,125973,406,Tier 3,Low,Average,11,Call,Promised,Call,0
SFL102733,31356,17825,35,Tier 3,High,Good,8,Call,No Response,Call,7895
SFL102734,63652,43602,145,Tier 1,Medium,Good,1,Field,Refused,Field,0
SFL102735,35066,18230,127,Tier 2,Medium,Average,6,Field,Promised,Call,0
SFL102736,461145,383370,320,Tier 1,Medium,Poor,3,Call,No Response,Field,0
SFL102737,138265,84485,121,Tier 3,Medium,Good,7,Call,Paid,Field,43488
SFL102738,629014,319796,9,Tier 3,High,Poor,6,Call,No Response,Call,0
SFL102739,74534,44355,22,Tier 2,High,Good,9,Field,Paid,Field,29080
SFL102740,164110,120611,39,Tier 3,Medium,Poor,18,Call,No Response,Call,0
SFL102741,29497,12441,262,Tier 2,Low,Poor,4,Field,Refused,Call,0
SFL102742,12793,9629,192,Tier 3,Medium,Poor,14,Field,Promised,Call,0
SFL102743,51237,48264,143,Tier 3,Low,Poor,8,Call,Promised,Call,0
SFL102744,54008,51928,234,Tier 3,Medium,Poor,1,Field,Refused,Call,0
SFL102745,39698,14407,75,Tier 1,Low,Poor,13,Legal,No Response,Call,0
SFL102746,43361,20522,276,Tier 1,Low,Poor,16,Call,Promised,Call,0
SFL102747,13089,5746,5,Tier 1,Medium,Poor,6,Legal,Refused,Call,2888
SFL102748,21691,8016,18,Tier 2,Medium,Poor,9,Legal,Refused,Field,0
SFL102749,272562,109260,147,Tier 3,Low,Average,2,Legal,No Response,Field,0
SFL102750,1106147,1031725,96,Tier 1,Low,Poor,5,Call,Refused,Field,0
SFL102751,119289,100612,528,Tier 1,Low,Poor,11,Legal,Refused,Field,0
SFL102752,209566,80517,179,Tier 3,Medium,Poor,7,Call,Refused,Field,0
SFL102753,31728,13471,761,Tier 2,Low,Average,4,Field,Promised,Call,0
SFL102754,49349,15075,117,Tier 2,High,Good,6,Field,Promised,Field,12031
SFL102755,47147,17303,99,Tier 1,Medium,Average,3,Call,No Response,Call,0
SFL102756,20363,8087,353,Tier 3,Low,Poor,5,Field,Refused,Field,0
SFL102757,31533,11158,105,Tier 2,Medium,Average,2,Call,No Response,Field,0
SFL102758,36425,30104,213,Tier 2,Low,Poor,9,Field,No Response,Field,9231
SFL102759,189159,64387,73,Tier 2,Medium,Average,8,Call,Refused,Field,25735
SFL102760,174774,116720,177,Tier 3,High,Poor,5,Call,Refused,Call,0
SFL102761,17796,9461,123,Tier 2,Low,Poor,18,Field,No Response,Call,0
SFL102762,237405,107813,640,Tier 2,High,Average,3,Call,Promised,Legal,62625
SFL102763,28606,14976,35,Tier 3,High,Poor,3,Call,Refused,Legal,0
SFL102764,46285,31684,186,Tier 1,Medium,Good,4,Field,Promised,Field,0
SFL102765,180551,138449,111,Tier 1,High,Poor,6,Field,No Response,Call,0
SFL102766,84554,66762,705,Tier 1,Low,Average,4,Field,No Response,Field,0
SFL102767,11498,5071,47,Tier 2,Low,Poor,11,Call,No Response,Call,0
SFL102768,1121791,890650,160,Tier 1,High,Average,9,Field,Paid,Call,0
SFL102769,179492,169399,781,Tier 2,Medium,Good,6,Call,Promised,Legal,0
SFL102770,297953,109991,290,Tier 1,Medium,Average,2,Legal,Refused,Field,0
SFL102771,50667,25174,325,Tier 2,Medium,Average,4,Call,Promised,Field,0
SFL102772,64017,31897,156,Tier 3,Medium,Good,10,Field,No Response,Field,0
SFL102773,48586,41597,104,Tier 3,Low,Good,6,Call,Promised,Field,33758
SFL102774,960051,487332,71,Tier 2,High,Average,18,Legal,No Response,Call,0
SFL102775,39137,19081,292,Tier 1,Medium,Average,1,Call,No Response,Field,0
SFL102776,675805,234829,145,Tier 2,Low,Poor,6,Call,Refused,Call,0
SFL102777,933715,607570,124,Tier 1,Low,Good,6,Field,Paid,Call,436294
SFL102778,637406,569649,194,Tier 1,Low,Poor,5,Call,No Response,Field,0
SFL102779,265336,159353,42,Tier 1,Medium,Poor,20,Field,Refused,Field,0
SFL102780,51015,19802,358,Tier 1,Medium,Poor,4,Call,No Response,Call,0
SFL102781,220040,117671,191,Tier 2,Medium,Poor,5,Legal,No Response,Call,0
SFL102782,43917,19065,276,Tier 2,Medium,Poor,5,Call,No Response,Legal,0
SFL102783,68586,49894,78,Tier 2,Low,Poor,6,Call,No Response,Field,0
SFL102784,296215,151195,42,Tier 3,Low,Average,7,Call,No Response,Field,0
SFL102785,68735,27504,61,Tier 1,High,Poor,6,Field,Promised,Field,0
SFL102786,162427,156552,43,Tier 3,Low,Poor,2,Field,Refused,Call,0
SFL102787,466316,214843,58,Tier 1,Medium,Poor,5,Field,Refused,Legal,0
SFL102788,1017957,726996,534,Tier 2,Medium,Poor,4,Field,No Response,Legal,0
SFL102789,631886,547990,193,Tier 3,Medium,Average,14,Field,Promised,Legal,0
SFL102790,330080,310219,76,Tier 2,Low,Average,4,Legal,No Response,Call,0
SFL102791,48937,38662,472,Tier 1,High,Poor,7,Call,No Response,Legal,0
SFL102792,157981,64319,38,Tier 2,Low,Poor,18,Field,Refused,Call,0
SFL102793,249559,190830,127,Tier 1,Low,Poor,18,Field,No Response,Call,0
SFL102794,345137,115638,81,Tier 2,Low,Poor,3,Call,Refused,Call,0
SFL102795,54867,17131,26,Tier 3,Medium,Poor,1,Field,No Response,Field,9694
SFL102796,90120,75023,340,Tier 2,Medium,Average,8,Field,Promised,Call,0
SFL102797,44205,20230,74,Tier 2,Medium,Average,10,Legal,Refused,Call,0
SFL102798,209971,139708,346,Tier 3,Medium,Poor,2,Call,Promised,Call,0
SFL102799,61000,58021,238,Tier 3,Medium,Average,13,Call,Promised,Legal,0
SFL102800,55304,50174,717,Tier 1,Medium,Poor,12,Field,Promised,Legal,0
SFL102801,595218,394769,59,Tier 2,Low,Average,5,Field,Promised,Field,0
SFL102802,305880,150466,337,Tier 1,Medium,Average,6,Call,Refused,Field,0
SFL102803,335836,208820,263,Tier 2,High,Poor,1,Field,No Response,Call,0
SFL102804,893598,766068,232,Tier 1,Medium,Poor,4,Field,Promised,Call,0
SFL102805,41112,39129,274,Tier 2,High,Poor,19,Field,Refused,Call,0
SFL102806,1114307,846481,148,Tier 2,Low,Average,13,Field,Promised,Field,0
SFL102807,523331,223995,689,Tier 2,High,Poor,19,Call,Paid,Legal,0
SFL102808,72027,25587,235,Tier 3,Medium,Good,2,Legal,Paid,Field,20570
SFL102809,37478,14521,126,Tier 1,Medium,Poor,12,Call,No Response,Call,0
SFL102810,46864,44838,40,Tier 2,Medium,Poor,2,Call,Promised,Call,0
SFL102811,49937,22210,100,Tier 3,Medium,Poor,9,Field,No Response,Field,0
SFL102812,29042,24535,180,Tier 1,Medium,Average,12,Call,Promised,Call,16644
SFL102813,187253,143246,102,Tier 1,Medium,Poor,3,Legal,No Response,Field,0
SFL102814,18438,16764,363,Tier 3,Low,Average,9,Legal,No Response,Field,10119
SFL102815,248168,116246,218,Tier 2,Medium,Average,5,Call,Promised,Field,0
SFL102816,231728,71540,94,Tier 1,Medium,Poor,2,Call,No Response,Field,0
SFL102817,54487,42551,168,Tier 2,Low,Average,7,Field,No Response,Field,12494
SFL102818,595473,567854,349,Tier 3,High,Poor,8,Call,No Response,Legal,0
SFL102819,212814,96476,304,Tier 1,Low,Poor,4,Legal,Promised,Legal,0
SFL102820,283179,104683,132,Tier 2,High,Average,19,Field,No Response,Field,0
SFL102821,248031,87380,154,Tier 2,Medium,Poor,10,Call,No Response,Legal,0
SFL102822,283052,92437,266,Tier 2,Medium,Poor,13,Field,No Response,Legal,0
SFL102823,796471,433119,201,Tier 3,Low,Average,3,Call,No Response,Call,185381
SFL102824,63505,23389,24,Tier 3,Low,Average,4,Field,No Response,Field,17809
SFL102825,15826,7541,109,Tier 3,Medium,Average,4,Call,Promised,Legal,0
SFL102826,11393,3582,28,Tier 3,Medium,Average,7,Field,No Response,Field,0
SFL102827,111438,62661,178,Tier 1,Medium,Poor,1,Field,No Response,Call,0
SFL102828,31475,30251,840,Tier 3,High,Average,4,Call,No Response,Field,0
SFL102829,40209,32389,140,Tier 2,Low,Average,6,Field,Refused,Field,6558
SFL102830,30896,26942,47,Tier 3,Low,Poor,3,Call,No Response,Field,0
SFL102831,54911,37727,336,Tier 3,High,Good,7,Call,No Response,Legal,17048
SFL102832,1037366,774381,108,Tier 2,Medium,Average,4,Legal,Paid,Call,419411
SFL102833,73117,52482,46,Tier 1,High,Good,6,Call,No Response,Call,33831
SFL102834,28876,26896,102,Tier 2,Medium,Average,4,Call,Promised,Field,0
SFL102835,346171,192860,421,Tier 2,High,Average,5,Field,No Response,Field,155685
SFL102836,92277,56471,244,Tier 1,Low,Poor,4,Call,Promised,Call,0
SFL102837,44148,19024,147,Tier 1,Low,Average,3,Call,No Response,Call,0
SFL102838,703686,238631,116,Tier 3,Medium,Good,15,Call,Promised,Field,0
SFL102839,44749,15110,201,Tier 1,Medium,Good,7,Call,Paid,Field,7958
SFL102840,201569,171206,2,Tier 2,Medium,Poor,5,Field,Promised,Call,0
SFL102841,44247,23699,178,Tier 1,Low,Average,8,Call,Promised,Call,0
SFL102842,22256,18055,278,Tier 3,Low,Average,10,Call,Paid,Call,14748
SFL102843,24444,9302,127,Tier 3,Low,Good,10,Call,No Response,Field,5006
SFL102844,301363,134364,145,Tier 2,High,Poor,10,Call,No Response,Legal,0
SFL102845,11869,8652,470,Tier 2,Medium,Poor,6,Field,No Response,Call,2220
SFL102846,15149,5551,23,Tier 3,High,Poor,20,Legal,Promised,Field,0
SFL102847,14712,11649,832,Tier 3,Medium,Poor,7,Call,Refused,Legal,0
SFL102848,67433,64386,141,Tier 1,Low,Average,8,Legal,No Response,Call,0
SFL102849,204648,85131,358,Tier 1,High,Average,8,Field,Promised,Call,0
SFL102850,107209,55481,46,Tier 3,Medium,Poor,8,Call,No Response,Legal,0
SFL102851,14366,9761,269,Tier 2,Low,Average,14,Call,Promised,Field,0
SFL102852,336950,144677,386,Tier 1,Low,Poor,10,Field,No Response,Legal,0
SFL102853,45935,35015,265,Tier 2,Medium,Poor,19,Field,No Response,Legal,0
SFL102854,103402,43268,58,Tier 2,Low,Poor,4,Call,Refused,Field,0
SFL102855,68250,63407,165,Tier 2,Low,Poor,6,Field,No Response,Field,0
SFL102856,53924,34922,51,Tier 1,High,Average,13,Legal,Promised,Call,30509
SFL102857,176626,72617,51,Tier 3,Medium,Average,5,Call,Refused,Field,0
SFL102858,44593,39722,73,Tier 3,High,Poor,7,Call,Promised,Field,23149
SFL102859,546863,246899,151,Tier 2,Medium,Average,4,Field,Promised,Field,147173
SFL102860,173946,99629,339,Tier 2,Medium,Poor,7,Legal,No Response,Call,0
SFL102861,279407,177049,684,Tier 1,Low,Average,6,Call,Promised,Call,0
SFL102862,15355,5609,76,Tier 2,Medium,Good,2,Legal,Refused,Field,3004
SFL102863,27712,26648,102,Tier 2,Medium,Average,10,Call,Promised,Field,0
SFL102864,63840,43330,175,Tier 2,Low,Average,8,Legal,No Response,Field,0
SFL102865,74255,59071,145,Tier 3,Medium,Average,5,Field,Refused,Field,23247
SFL102866,20813,18065,594,Tier 3,Medium,Poor,19,Call,Refused,Field,0
SFL102867,27296,24388,314,Tier 3,Low,Good,6,Call,No Response,Legal,0
SFL102868,118052,75307,177,Tier 3,Medium,Average,9,Field,Refused,Call,0
SFL102869,241924,179011,84,Tier 1,Low,Poor,2,Call,Promised,Field,0
SFL102870,875809,594697,25,Tier 1,Medium,Average,8,Legal,Paid,Call,0
SFL102871,617616,351641,78,Tier 2,Medium,Poor,8,Call,No Response,Call,132500
SFL102872,65098,21832,328,Tier 2,Low,Average,6,Field,No Response,Field,0
SFL102873,643500,541565,152,Tier 3,Low,Poor,12,Call,No Response,Field,217237
SFL102874,337016,110667,149,Tier 2,Medium,Poor,14,Legal,Refused,Call,28791
SFL102875,65340,38534,251,Tier 3,Medium,Poor,4,Call,No Response,Call,0
SFL102876,887431,783622,52,Tier 3,Medium,Average,10,Call,Promised,Field,0
SFL102877,96601,43669,89,Tier 3,Low,Average,10,Field,Refused,Call,25583
SFL102878,548465,482410,314,Tier 2,Medium,Average,6,Call,Paid,Field,236211
SFL102879,34762,17824,178,Tier 3,Medium,Poor,13,Call,Promised,Call,0
SFL102880,25132,15826,160,Tier 2,Medium,Poor,1,Call,Refused,Field,0
SFL102881,578304,460276,60,Tier 2,Medium,Poor,1,Call,Paid,Call,0
SFL102882,1098127,334620,192,Tier 2,Low,Poor,1,Field,No Response,Call,0
SFL102883,65061,25960,118,Tier 2,Medium,Average,14,Field,No Response,Call,0
SFL102884,57147,53216,285,Tier 3,High,Average,3,Call,Paid,Field,0
SFL102885,154235,128811,533,Tier 1,Medium,Poor,19,Call,No Response,Legal,0
SFL102886,54557,36820,178,Tier 1,Medium,Good,5,Field,Paid,Legal,20686
SFL102887,181667,91872,109,Tier 1,Medium,Average,6,Field,Paid,Call,61484
SFL102888,13623,9591,12,Tier 2,Medium,Average,14,Legal,Paid,Call,0
SFL102889,13018,6714,422,Tier 3,Medium,Average,10,Field,Refused,Field,0
SFL102890,44946,26671,143,Tier 3,Medium,Poor,11,Field,Refused,Call,0
SFL102891,153668,81527,112,Tier 1,Medium,Average,13,Field,No Response,Legal,0
SFL102892,375824,320284,747,Tier 2,Medium,Average,7,Call,Promised,Call,0
SFL102893,811392,547257,58,Tier 1,Medium,Poor,8,Call,No Response,Legal,0
SFL102894,24142,15012,216,Tier 2,Low,Average,5,Call,Refused,Call,5315
SFL102895,906590,394480,94,Tier 2,Low,Average,7,Field,Refused,Call,0
SFL102896,29339,23022,44,Tier 3,Medium,Poor,3,Field,Refused,Call,12352
SFL102897,19961,10812,188,Tier 3,Medium,Poor,1,Call,Refused,Field,0
SFL102898,259995,136574,425,Tier 3,Low,Average,18,Field,No Response,Field,0
SFL102899,22069,20750,140,Tier 2,High,Average,2,Field,Paid,Field,17644
SFL102900,10363,6231,355,Tier 1,Low,Poor,7,Call,No Response,Field,0
SFL102901,33553,15047,45,Tier 2,Low,Poor,13,Call,Refused,Legal,0
SFL102902,18829,9595,132,Tier 2,Medium,Average,11,Call,No Response,Call,0
SFL102903,146490,133780,323,Tier 1,Medium,Average,8,Call,Promised,Call,0
SFL102904,28707,18060,304,Tier 3,Medium,Average,4,Call,Refused,Field,0
SFL102905,26450,22341,114,Tier 1,Low,Good,6,Call,Paid,Field,0
SFL102906,73875,35188,597,Tier 1,Low,Poor,1,Call,No Response,Legal,0
SFL102907,304085,125498,117,Tier 3,Low,Poor,15,Field,No Response,Call,0
SFL102908,152502,137243,464,Tier 1,High,Poor,5,Field,Promised,Call,0
SFL102909,19338,12721,286,Tier 2,High,Poor,14,Call,No Response,Field,0
SFL102910,238676,169085,8,Tier 2,Low,Average,19,Call,No Response,Field,45585
SFL102911,28310,22164,31,Tier 2,Medium,Good,1,Call,No Response,Field,17892
SFL102912,1164788,1053796,216,Tier 2,High,Poor,4,Call,Refused,Call,559799
SFL102913,32749,26389,228,Tier 1,Low,Poor,10,Legal,Promised,Call,0
SFL102914,59251,44047,169,Tier 2,Low,Good,7,Legal,No Response,Field,22765
SFL102915,32870,28725,19,Tier 2,Low,Average,15,Call,No Response,Field,7717
SFL102916,13475,8548,97,Tier 3,Low,Poor,5,Call,No Response,Field,0
SFL102917,325118,155086,115,Tier 2,Low,Average,3,Field,No Response,Field,0
SFL102918,181709,86960,178,Tier 3,High,Average,3,Call,Promised,Field,25520
SFL102919,65392,23169,526,Tier 3,Low,Average,6,Call,No Response,Legal,0
SFL102920,309800,298014,98,Tier 3,Low,Average,10,Legal,No Response,Call,0
SFL102921,218250,101255,14,Tier 3,Medium,Poor,8,Call,No Response,Field,0
SFL102922,37442,16777,103,Tier 3,Medium,Good,3,Field,Paid,Field,15072
SFL102923,317359,140328,313,Tier 1,Medium,Average,3,Call,No Response,Field,0
SFL102924,278406,243021,179,Tier 2,High,Average,8,Call,Refused,Field,0
SFL102925,34389,13268,91,Tier 1,Low,Average,6,Call,Paid,Call,4039
SFL102926,143712,43544,377,Tier 2,Medium,Average,12,Call,Promised,Legal,0
SFL102927,21212,14212,38,Tier 3,Medium,Average,5,Call,Refused,Call,0
SFL102928,722104,687627,33,Tier 2,Low,Poor,9,Field,Promised,Call,0
SFL102929,208608,143090,146,Tier 3,Medium,Poor,10,Legal,No Response,Call,0
SFL102930,27555,23924,131,Tier 2,Low,Average,6,Call,Promised,Field,20270
SFL102931,946719,582779,54,Tier 1,Medium,Average,3,Call,Promised,Call,362311
SFL102932,27034,25712,75,Tier 3,Low,Average,3,Call,No Response,Field,11070
SFL102933,39140,32102,168,Tier 3,High,Good,3,Legal,No Response,Field,0
SFL102934,73470,57942,566,Tier 2,Low,Poor,9,Call,Paid,Field,23110
SFL102935,134590,90154,44,Tier 2,Medium,Poor,6,Legal,Promised,Legal,0
SFL102936,839718,541518,89,Tier 3,Medium,Average,8,Call,No Response,Field,0
SFL102937,57853,46840,83,Tier 3,Medium,Poor,2,Call,Refused,Call,0
SFL102938,52791,47943,355,Tier 1,Low,Average,1,Legal,Refused,Field,0
SFL102939,166262,127445,118,Tier 2,Low,Good,9,Call,Promised,Call,0
SFL102940,51161,23928,832,Tier 3,Low,Average,20,Call,No Response,Field,9373
SFL102941,51723,40194,95,Tier 1,High,Good,7,Legal,No Response,Call,29802
SFL102942,57081,44274,692,Tier 3,Medium,Poor,4,Call,Promised,Legal,0
SFL102943,382016,179370,190,Tier 2,High,Average,5,Call,Promised,Field,107879
SFL102944,994651,592700,158,Tier 2,Medium,Good,6,Call,No Response,Field,0
SFL102945,1165973,1036195,421,Tier 3,Medium,Poor,2,Field,Refused,Legal,0
SFL102946,35057,29526,355,Tier 3,Low,Good,8,Call,Paid,Field,24061
SFL102947,21856,10269,130,Tier 2,High,Average,6,Field,Refused,Field,3973
SFL102948,47979,39604,318,Tier 3,High,Average,2,Call,No Response,Field,0
SFL102949,100413,53360,38,Tier 1,Medium,Average,4,Call,No Response,Call,0
SFL102950,318761,191482,162,Tier 2,Low,Poor,3,Call,No Response,Field,0
SFL102951,211341,172505,92,Tier 2,Low,Good,4,Call,No Response,Field,52097
SFL102952,36714,28187,198,Tier 1,Low,Good,2,Field,No Response,Legal,0
SFL102953,281443,86396,153,Tier 1,Low,Poor,15,Call,Promised,Field,0
SFL102954,1021097,911301,173,Tier 1,Low,Good,6,Legal,Promised,Call,0
SFL102955,38746,20586,168,Tier 1,High,Good,6,Call,Paid,Call,16433
SFL102956,322533,301293,32,Tier 2,High,Good,8,Call,No Response,Field,173760
SFL102957,29977,28455,220,Tier 2,Medium,Good,5,Call,No Response,Legal,0
SFL102958,332230,147074,626,Tier 2,Medium,Average,3,Legal,Refused,Legal,0
SFL102959,226303,129177,55,Tier 2,High,Poor,2,Call,Refused,Call,0
SFL102960,73354,32939,198,Tier 2,Low,Average,4,Call,Paid,Call,9091
SFL102961,54387,31493,13,Tier 2,Low,Poor,5,Call,No Response,Field,0
SFL102962,57076,25456,360,Tier 1,Low,Average,6,Call,No Response,Call,0
SFL102963,527078,328579,545,Tier 2,Medium,Poor,17,Call,Refused,Legal,0
SFL102964,47174,33126,198,Tier 1,Medium,Good,10,Call,Paid,Call,0
SFL102965,31208,25905,13,Tier 3,Low,Good,2,Field,No Response,Field,0
SFL102966,21951,6962,9,Tier 2,Medium,Poor,5,Field,Refused,Legal,0
SFL102967,25689,11030,282,Tier 2,Low,Poor,9,Legal,No Response,Legal,0
SFL102968,520585,361400,49,Tier 2,High,Poor,16,Call,Refused,Field,0
SFL102969,1118266,634543,142,Tier 1,Low,Good,16,Field,Paid,Call,472453
SFL102970,17032,9808,54,Tier 2,Medium,Poor,4,Call,No Response,Call,0
SFL102971,124544,106340,273,Tier 2,Low,Average,6,Call,Refused,Field,0
SFL102972,224374,156053,10,Tier 2,Low,Poor,9,Call,Refused,Call,0
SFL102973,768329,519943,142,Tier 1,Medium,Average,5,Call,No Response,Field,0
SFL102974,648075,519646,664,Tier 3,Low,Average,3,Call,No Response,Legal,0
SFL102975,1183738,975552,254,Tier 2,Medium,Poor,5,Call,No Response,Call,0
SFL102976,348947,168657,727,Tier 3,High,Poor,7,Field,No Response,Call,0
SFL102977,70934,41450,597,Tier 3,High,Average,4,Field,Promised,Call,0
SFL102978,267141,184549,207,Tier 2,High,Average,20,Field,No Response,Call,0
SFL102979,72299,32257,26,Tier 1,Medium,Poor,20,Legal,Promised,Field,0
SFL102980,200253,88880,577,Tier 1,Medium,Poor,8,Legal,Refused,Call,0
SFL102981,310272,125917,288,Tier 3,Medium,Poor,8,Call,No Response,Call,0
SFL102982,11786,7385,180,Tier 2,Low,Good,4,Call,No Response,Field,5936
SFL102983,21950,8792,759,Tier 2,Medium,Poor,5,Call,Promised,Legal,0
SFL102984,19432,5846,13,Tier 2,Low,Poor,11,Field,Refused,Field,0
SFL102985,149270,57220,14,Tier 2,Low,Average,5,Call,No Response,Field,27774
SFL102986,59904,56494,750,Tier 2,Low,Average,11,Legal,Refused,Field,0
SFL102987,905396,603486,140,Tier 2,Low,Poor,6,Call,Promised,Legal,0
SFL102988,65560,36602,68,Tier 3,Low,Poor,12,Legal,No Response,Field,17643
SFL102989,16707,9401,369,Tier 2,Low,Average,9,Field,Refused,Call,2546
SFL102990,281913,210256,333,Tier 1,Low,Poor,1,Call,No Response,Call,0
SFL102991,35792,19157,61,Tier 2,High,Poor,3,Legal,No Response,Field,0
SFL102992,172918,70367,67,Tier 3,Low,Poor,9,Field,Promised,Legal,0
SFL102993,54254,26361,321,Tier 2,Low,Poor,3,Field,Refused,Field,0
SFL102994,58233,19835,155,Tier 1,Low,Poor,6,Call,No Response,Legal,0
SFL102995,22861,9149,97,Tier 3,Medium,Average,6,Call,Promised,Field,0
SFL102996,10120,7780,438,Tier 3,Low,Average,1,Field,No Response,Legal,6519
SFL102997,335857,112792,200,Tier 2,Low,Average,1,Field,Refused,Field,0
SFL102998,199663,131590,197,Tier 1,Low,Good,3,Field,Paid,Field,101388
SFL102999,169154,110714,34,Tier 1,Medium,Average,7,Call,No Response,Call,0
SFL103000,40184,35646,32,Tier 1,High,Average,15,Call,Refused,Call,0
SFL103001,54081,39564,74,Tier 3,Medium,Average,8,Field,Refused,Legal,14342
SFL103002,63454,23433,156,Tier 2,Low,Average,10,Call,Paid,Field,0
SFL103003,42729,37558,310,Tier 3,Medium,Average,1,Field,Paid,Field,18741
SFL103004,49817,32308,151,Tier 3,Low,Average,4,Field,No Response,Field,12588
SFL103005,17601,12347,226,Tier 2,High,Good,7,Field,Refused,Call,0
SFL103006,66252,38035,166,Tier 3,Medium,Average,4,Call,No Response,Call,0
SFL103007,695424,519348,76,Tier 1,Medium,Average,3,Call,Promised,Call,255989
SFL103008,345792,287241,301,Tier 3,Low,Poor,4,Call,No Response,Field,0
SFL103009,33281,17998,166,Tier 3,High,Average,9,Legal,Promised,Field,11084
SFL103010,153378,80960,6,Tier 2,Medium,Good,3,Call,Promised,Field,47136
SFL103011,260529,246830,294,Tier 2,Medium,Average,10,Legal,Promised,Field,0
SFL103012,802133,604594,705,Tier 1,High,Poor,6,Call,No Response,Legal,0
SFL103013,61453,40213,59,Tier 1,Medium,Average,17,Legal,Paid,Field,17490
SFL103014,1112955,921190,502,Tier 1,High,Good,3,Field,Paid,Legal,468721
SFL103015,896245,321445,327,Tier 3,Low,Average,9,Legal,Refused,Field,0
SFL103016,27427,11857,139,Tier 2,Low,Poor,14,Call,Refused,Call,0
SFL103017,154471,70722,412,Tier 3,Medium,Poor,9,Call,Promised,Legal,30544
SFL103018,334545,264838,128,Tier 2,Low,Good,9,Call,No Response,Field,100284
SFL103019,25689,22509,77,Tier 2,High,Average,7,Call,Refused,Call,0
SFL103020,1027838,414496,118,Tier 2,Medium,Poor,5,Call,No Response,Call,0
SFL103021,277707,188100,686,Tier 3,High,Poor,17,Field,Promised,Legal,26513
SFL103022,144995,60863,127,Tier 2,Low,Poor,2,Call,Promised,Call,0
SFL103023,21407,9110,256,Tier 2,Low,Average,3,Field,Refused,Field,4113
SFL103024,42310,15515,98,Tier 2,Medium,Poor,4,Call,No Response,Call,0
SFL103025,253558,96440,796,Tier 2,Medium,Good,4,Call,Promised,Legal,0
SFL103026,231454,115998,192,Tier 1,Medium,Poor,6,Call,Paid,Call,0
SFL103027,32266,20934,693,Tier 2,Low,Poor,2,Field,No Response,Legal,0
SFL103028,46226,24835,28,Tier 1,Medium,Average,4,Field,No Response,Call,20358
SFL103029,85784,39546,163,Tier 2,Low,Good,9,Call,No Response,Field,8637
SFL103030,69426,35079,92,Tier 2,High,Average,5,Call,No Response,Field,0
SFL103031,33513,17608,42,Tier 2,Medium,Poor,8,Call,Promised,Legal,6539
SFL103032,88682,79378,77,Tier 2,Low,Poor,17,Call,No Response,Legal,0
SFL103033,804602,414126,237,Tier 2,Medium,Average,4,Call,No Response,Field,0
SFL103034,348241,166350,252,Tier 3,High,Good,7,Call,Paid,Call,95883
SFL103035,23400,9881,479,Tier 2,Low,Average,4,Call,No Response,Legal,2634
SFL103036,319567,277503,101,Tier 2,Low,Average,7,Field,Paid,Field,227856
SFL103037,281061,252581,36,Tier 3,Medium,Average,2,Call,Promised,Field,215807
SFL103038,60861,27673,52,Tier 1,Low,Average,2,Field,Refused,Call,6237
SFL103039,61782,21526,149,Tier 2,High,Average,5,Call,Paid,Call,5714
SFL103040,533937,516422,444,Tier 2,Low,Poor,5,Call,Promised,Legal,0
SFL103041,339096,244523,344,Tier 2,Low,Average,5,Field,No Response,Field,0
SFL103042,571258,246284,68,Tier 3,Low,Average,6,Call,No Response,Call,0
SFL103043,758819,674523,127,Tier 2,High,Average,1,Field,Promised,Field,542795
SFL103044,259088,231043,52,Tier 2,High,Average,7,Legal,Promised,Field,57773
SFL103045,247322,191900,123,Tier 1,Low,Average,12,Field,Refused,Call,65333
SFL103046,16482,8175,118,Tier 1,Low,Average,7,Call,No Response,Call,0
SFL103047,212483,183476,457,Tier 2,Medium,Average,2,Call,Promised,Legal,43500
SFL103048,66901,24241,224,Tier 3,Medium,Average,1,Call,Promised,Call,10506
SFL103049,379255,245660,183,Tier 1,High,Average,7,Field,No Response,Call,0
SFL103050,58395,40060,3,Tier 3,High,Average,18,Field,Refused,Field,0
SFL103051,67753,34877,176,Tier 3,Medium,Average,3,Call,Refused,Field,0
SFL103052,50105,25066,253,Tier 3,Low,Poor,5,Field,Promised,Field,0
SFL103053,331864,143964,262,Tier 2,Low,Average,7,Call,Promised,Field,0
SFL103054,57975,28549,323,Tier 3,Low,Average,8,Call,Paid,Field,0
SFL103055,51002,20285,47,Tier 3,High,Average,4,Legal,No Response,Field,0
SFL103056,47604,26916,512,Tier 3,Low,Poor,6,Call,Refused,Call,0
SFL103057,39155,15142,95,Tier 3,High,Poor,14,Call,No Response,Call,0
SFL103058,61667,52629,33,Tier 3,Medium,Good,18,Call,Refused,Call,0
SFL103059,57194,40921,804,Tier 3,Low,Poor,7,Call,Paid,Call,0
SFL103060,186973,128536,152,Tier 3,Low,Good,5,Call,Refused,Field,0
SFL103061,449239,141287,347,Tier 1,Low,Poor,6,Field,No Response,Call,0
SFL103062,921633,313935,47,Tier 3,Medium,Poor,1,Field,No Response,Legal,0
SFL103063,282928,183156,166,Tier 2,Medium,Average,2,Field,Promised,Call,75449
SFL103064,40261,14603,83,Tier 2,High,Average,10,Legal,Promised,Field,9753
SFL103065,514595,430363,75,Tier 2,Medium,Good,10,Field,Promised,Field,273549
SFL103066,11216,4541,259,Tier 3,Low,Average,1,Call,No Response,Field,0
SFL103067,47567,40036,224,Tier 3,High,Good,6,Call,Promised,Field,25367
SFL103068,23813,14210,301,Tier 1,Medium,Average,6,Legal,Paid,Call,0
SFL103069,196100,185701,332,Tier 1,Low,Average,6,Field,Promised,Call,44518
SFL103070,230881,172207,212,Tier 3,Medium,Average,15,Legal,No Response,Field,48569
SFL103071,28405,23493,178,Tier 3,Low,Average,7,Call,Promised,Field,0
SFL103072,47897,34023,124,Tier 2,Low,Average,5,Call,Promised,Call,18961
SFL103073,48287,39216,76,Tier 3,Low,Average,9,Field,Promised,Field,16248
SFL103074,11069,5427,338,Tier 2,Medium,Poor,3,Call,No Response,Call,0
SFL103075,193961,120732,12,Tier 2,Medium,Poor,4,Legal,No Response,Call,0
SFL103076,31197,15053,12,Tier 3,Medium,Average,4,Call,Refused,Call,0
SFL103077,125745,68043,337,Tier 1,Low,Average,4,Legal,Promised,Field,17717
SFL103078,75152,32849,243,Tier 1,Low,Good,7,Field,No Response,Call,26326
SFL103079,108135,39650,875,Tier 2,Low,Average,1,Field,Refused,Legal,0
SFL103080,51095,35322,89,Tier 1,Low,Poor,1,Field,No Response,Field,14211
SFL103081,1078205,905318,647,Tier 1,Medium,Good,2,Field,Promised,Call,0
SFL103082,50572,21951,31,Tier 1,Medium,Average,17,Call,Refused,Call,0
SFL103083,310070,230797,709,Tier 1,Medium,Average,3,Legal,No Response,Call,100778
SFL103084,182863,59994,303,Tier 3,Medium,Average,5,Call,Refused,Field,0
SFL103085,282895,131693,148,Tier 1,Low,Good,20,Field,Refused,Call,0
SFL103086,528449,339722,79,Tier 2,Low,Poor,2,Field,No Response,Call,0
SFL103087,45583,16077,313,Tier 2,Low,Poor,8,Call,No Response,Call,0
SFL103088,191870,143230,169,Tier 1,Medium,Average,1,Call,Refused,Field,0
SFL103089,261057,216550,380,Tier 2,Medium,Poor,10,Call,Refused,Legal,0
SFL103090,291136,144852,63,Tier 3,Low,Good,12,Call,Promised,Call,0
SFL103091,42930,41567,95,Tier 2,Medium,Poor,6,Call,No Response,Call,0
SFL103092,212559,194097,884,Tier 1,Low,Poor,1,Field,No Response,Call,0
SFL103093,815114,752284,78,Tier 2,Medium,Average,2,Call,Promised,Call,418787
SFL103094,72682,28491,311,Tier 3,High,Poor,9,Field,Refused,Legal,0
SFL103095,271255,108609,53,Tier 3,Low,Good,3,Call,Paid,Field,64190
SFL103096,223622,120295,50,Tier 1,Low,Poor,3,Field,No Response,Legal,0
SFL103097,26283,19365,22,Tier 2,Medium,Good,1,Legal,No Response,Call,0
SFL103098,174050,67674,767,Tier 1,High,Poor,9,Call,No Response,Call,20770
SFL103099,66269,42814,212,Tier 2,Low,Average,5,Field,No Response,Call,0
SFL103100,43701,31811,105,Tier 3,Low,Average,16,Legal,No Response,Call,0
SFL103101,41246,14762,47,Tier 1,High,Good,15,Legal,Paid,Call,0
SFL103102,242957,110122,697,Tier 2,Low,Poor,13,Call,No Response,Legal,0
SFL103103,135043,61242,346,Tier 1,Low,Average,7,Call,No Response,Legal,0
SFL103104,103718,88900,187,Tier 3,High,Average,10,Call,Paid,Call,0
SFL103105,106412,82653,135,Tier 1,Medium,Good,7,Call,No Response,Call,0
SFL103106,1141371,967438,296,Tier 3,Medium,Average,5,Field,Paid,Call,0
SFL103107,459036,180255,162,Tier 2,Low,Poor,4,Call,No Response,Call,0
SFL103108,990464,475237,155,Tier 3,High,Poor,10,Call,No Response,Call,0
SFL103109,207590,183359,335,Tier 1,Medium,Average,9,Field,No Response,Call,0
SFL103110,63513,56302,347,Tier 3,Low,Poor,11,Legal,No Response,Call,0
SFL103111,383110,246017,362,Tier 3,Medium,Good,1,Field,Paid,Call,230901
SFL103112,145331,77593,357,Tier 3,Low,Poor,9,Field,Promised,Call,0
SFL103113,144604,50246,52,Tier 3,Low,Good,6,Field,Promised,Field,29145
SFL103114,245883,228968,14,Tier 3,Medium,Average,7,Call,Promised,Field,0
SFL103115,112821,78510,823,Tier 2,Low,Good,18,Call,Refused,Legal,0
SFL103116,134934,103278,340,Tier 1,Low,Average,8,Field,Refused,Legal,0
SFL103117,459158,299190,102,Tier 3,Medium,Average,9,Field,No Response,Call,0
SFL103118,320621,183464,56,Tier 2,Low,Average,5,Call,Refused,Field,20957
SFL103119,156711,59179,226,Tier 2,Medium,Poor,4,Field,No Response,Call,0
SFL103120,54971,27218,777,Tier 2,Low,Average,3,Call,Refused,Field,6504
SFL103121,41350,29166,178,Tier 3,Medium,Average,11,Call,No Response,Call,0
SFL103122,24137,8725,139,Tier 1,Low,Average,10,Call,No Response,Call,0
SFL103123,86261,47546,154,Tier 3,Medium,Poor,3,Legal,No Response,Call,8329
SFL103124,31594,14452,65,Tier 2,Medium,Poor,8,Legal,No Response,Legal,0
SFL103125,58287,30168,275,Tier 2,Medium,Poor,10,Field,Refused,Call,12110
SFL103126,498649,285163,16,Tier 2,Medium,Poor,13,Legal,Refused,Call,0
SFL103127,27014,16477,107,Tier 3,Medium,Average,11,Call,Refused,Field,0
SFL103128,34379,25098,66,Tier 3,Medium,Poor,9,Call,No Response,Field,6050
SFL103129,38083,21069,810,Tier 3,Medium,Average,3,Field,No Response,Field,0
SFL103130,753608,616673,92,Tier 2,Medium,Poor,5,Call,No Response,Call,0
SFL103131,278002,246381,176,Tier 2,Medium,Good,6,Call,Paid,Field,203250
SFL103132,1188014,758867,68,Tier 3,Medium,Average,3,Field,Promised,Field,666213
SFL103133,74909,36148,278,Tier 2,Low,Average,6,Field,Promised,Field,29141
SFL103134,140677,58138,458,Tier 3,Medium,Good,6,Field,Refused,Legal,0
SFL103135,68723,49562,99,Tier 3,Medium,Poor,2,Legal,Refused,Field,0
SFL103136,154606,54296,395,Tier 2,Medium,Good,2,Field,No Response,Legal,0
SFL103137,296652,252361,310,Tier 2,High,Poor,4,Field,Refused,Field,0
SFL103138,168972,162122,137,Tier 2,High,Average,3,Call,No Response,Field,79944
SFL103139,70822,30719,163,Tier 1,Medium,Poor,11,Call,Refused,Legal,0
SFL103140,64286,59281,70,Tier 2,Medium,Average,8,Call,No Response,Field,0
SFL103141,44394,34746,96,Tier 1,Low,Average,10,Field,No Response,Call,0
SFL103142,32582,24671,438,Tier 2,High,Average,9,Call,No Response,Legal,0
SFL103143,258700,159178,60,Tier 3,High,Good,6,Call,Promised,Field,93736
SFL103144,264909,83535,22,Tier 3,Medium,Poor,6,Call,No Response,Field,0
SFL103145,143149,84404,333,Tier 3,Medium,Average,6,Legal,No Response,Call,0
SFL103146,72267,33823,7,Tier 2,Medium,Good,8,Legal,Promised,Call,29879
SFL103147,330237,253872,179,Tier 2,Low,Average,1,Field,Refused,Call,46868
SFL103148,398219,238178,170,Tier 2,Low,Good,1,Field,Paid,Field,139689
SFL103149,24867,19841,155,Tier 2,Medium,Poor,7,Call,Promised,Call,0
SFL103150,129132,105757,249,Tier 2,Low,Average,5,Call,No Response,Field,0
SFL103151,771417,560551,848,Tier 3,Low,Average,6,Legal,No Response,Field,0
SFL103152,88558,52805,114,Tier 2,Medium,Average,4,Field,No Response,Legal,0
SFL103153,64532,49657,142,Tier 1,Low,Average,13,Call,Promised,Call,44469
SFL103154,65239,20252,355,Tier 2,Low,Average,17,Legal,No Response,Field,0
SFL103155,70525,46555,397,Tier 3,High,Average,19,Field,Refused,Field,0
SFL103156,1083534,501698,91,Tier 1,Low,Poor,9,Field,No Response,Call,0
SFL103157,31064,17877,29,Tier 2,Low,Poor,19,Field,Refused,Field,0
SFL103158,212400,131907,30,Tier 3,Low,Average,1,Call,No Response,Call,0
SFL103159,536771,398392,321,Tier 3,Medium,Average,5,Legal,Promised,Field,0
SFL103160,71298,28604,100,Tier 1,High,Good,2,Legal,No Response,Call,22887
SFL103161,83839,28498,91,Tier 3,Medium,Average,5,Field,Promised,Field,19815
SFL103162,142077,118896,47,Tier 2,High,Good,5,Call,Promised,Field,82163
SFL103163,742825,640928,37,Tier 1,Medium,Poor,3,Call,Promised,Legal,375465
SFL103164,577841,393677,687,Tier 3,High,Average,1,Call,No Response,Call,0
SFL103165,59820,21328,266,Tier 3,Low,Average,9,Field,No Response,Field,0
SFL103166,204401,148411,338,Tier 1,High,Average,6,Call,Paid,Field,0
SFL103167,32792,15909,821,Tier 1,Low,Poor,5,Field,No Response,Legal,0
SFL103168,173786,125709,61,Tier 2,Medium,Average,2,Legal,Promised,Field,66000
SFL103169,298158,178279,298,Tier 3,Low,Good,8,Call,No Response,Field,0
SFL103170,97812,59369,800,Tier 2,High,Poor,8,Legal,Promised,Call,0
SFL103171,10916,4310,279,Tier 2,Low,Average,6,Call,No Response,Call,1865
SFL103172,172430,133347,126,Tier 3,Low,Poor,10,Call,No Response,Call,0
SFL103173,72551,70294,8,Tier 2,Low,Average,3,Legal,Promised,Call,21575
SFL103174,284766,134802,63,Tier 2,High,Average,9,Call,Promised,Field,59579
SFL103175,74779,66303,673,Tier 3,Medium,Poor,6,Call,No Response,Call,0
SFL103176,16415,13791,665,Tier 3,Low,Average,19,Legal,Promised,Legal,0
SFL103177,1127438,504077,28,Tier 3,High,Poor,3,Call,No Response,Field,0
SFL103178,364046,352519,76,Tier 1,High,Average,5,Call,Paid,Call,277341
SFL103179,68390,49335,192,Tier 3,Low,Average,17,Call,No Response,Field,0
SFL103180,224797,195359,139,Tier 3,Low,Average,6,Call,No Response,Field,151102
SFL103181,63654,34618,130,Tier 2,Low,Average,3,Call,No Response,Field,0
SFL103182,171299,83606,142,Tier 1,Medium,Good,2,Call,Refused,Field,27061
SFL103183,42751,33931,74,Tier 3,High,Poor,2,Field,No Response,Call,0
SFL103184,1167790,1111032,736,Tier 2,High,Poor,4,Call,No Response,Call,401647
SFL103185,823757,744779,749,Tier 1,Low,Average,3,Call,No Response,Call,0
SFL103186,72116,37900,148,Tier 2,High,Poor,13,Field,No Response,Field,0
SFL103187,831860,638758,178,Tier 1,Low,Average,6,Legal,No Response,Field,0
SFL103188,27476,20929,148,Tier 3,Medium,Average,7,Legal,Promised,Call,12418
SFL103189,51799,41953,341,Tier 2,Medium,Poor,8,Field,Paid,Field,15430
SFL103190,277100,93807,679,Tier 2,Medium,Average,11,Call,No Response,Field,0
SFL103191,46392,35449,194,Tier 1,Low,Average,7,Call,Promised,Call,30306
SFL103192,63015,50660,254,Tier 2,High,Average,5,Field,Promised,Call,0
SFL103193,29667,24070,148,Tier 2,Low,Average,9,Call,Refused,Legal,0
SFL103194,58142,34491,195,Tier 2,Low,Good,9,Call,Promised,Call,20941
SFL103195,19061,12319,56,Tier 1,Medium,Average,9,Call,No Response,Field,0
SFL103196,106435,88504,94,Tier 1,High,Good,1,Field,Paid,Call,64025
SFL103197,165715,51556,337,Tier 1,Medium,Good,10,Field,Promised,Call,36125
SFL103198,246621,219512,105,Tier 2,Medium,Average,6,Call,Promised,Field,0
SFL103199,964577,786021,173,Tier 2,High,Average,6,Call,No Response,Field,0
SFL103200,202181,153471,34,Tier 2,Low,Average,2,Field,Paid,Field,110910
SFL103201,396010,225026,168,Tier 2,High,Average,6,Call,Promised,Field,0
SFL103202,1178028,547867,61,Tier 3,Medium,Poor,17,Call,Promised,Call,0
SFL103203,184455,113650,154,Tier 2,High,Average,5,Call,No Response,Field,81199
SFL103204,32831,15430,137,Tier 2,Low,Good,3,Field,No Response,Field,0
SFL103205,213407,170533,119,Tier 3,High,Poor,10,Legal,Refused,Call,0
SFL103206,264105,214857,394,Tier 3,Low,Good,4,Field,Promised,Call,188115
SFL103207,344440,252263,88,Tier 2,High,Good,3,Field,No Response,Field,148297
SFL103208,54904,45996,134,Tier 1,Low,Good,4,Call,No Response,Field,32130
SFL103209,68249,42447,333,Tier 1,High,Poor,5,Field,Refused,Field,0
SFL103210,137063,43866,786,Tier 3,Medium,Poor,4,Call,Refused,Legal,0
SFL103211,40161,36306,513,Tier 1,Medium,Good,6,Call,Promised,Legal,0
SFL103212,56562,20807,98,Tier 2,Medium,Average,1,Call,Paid,Field,18356
SFL103213,55233,39036,47,Tier 2,High,Good,16,Field,No Response,Field,23474
SFL103214,994177,857404,28,Tier 1,High,Average,2,Call,Refused,Call,0
SFL103215,52643,41742,140,Tier 2,Medium,Average,3,Call,No Response,Field,0
SFL103216,53364,35861,298,Tier 1,Medium,Good,13,Call,No Response,Field,0
SFL103217,42464,23796,133,Tier 3,Low,Average,9,Field,No Response,Legal,0
SFL103218,68176,29716,281,Tier 2,Medium,Average,2,Call,No Response,Field,0
SFL103219,72556,27979,309,Tier 1,Low,Average,10,Call,Refused,Call,0
SFL103220,12332,4693,801,Tier 2,High,Good,4,Call,Paid,Legal,3777
SFL103221,74960,68587,740,Tier 3,High,Average,18,Call,Paid,Legal,0
SFL103222,742920,706520,604,Tier 3,High,Good,6,Call,Paid,Legal,0
SFL103223,54320,41359,344,Tier 2,Medium,Average,16,Call,Paid,Field,0
SFL103224,300097,117978,20,Tier 2,Low,Average,10,Call,Paid,Field,0
SFL103225,111687,92535,701,Tier 2,High,Good,11,Legal,Refused,Call,0
SFL103226,103351,40819,59,Tier 3,Medium,Average,3,Field,Promised,Field,12325
SFL103227,269093,239959,179,Tier 2,High,Average,1,Call,No Response,Call,166387
SFL103228,143685,138857,35,Tier 2,Medium,Average,7,Legal,Promised,Field,113956
SFL103229,44404,40647,157,Tier 2,Low,Average,8,Field,Promised,Field,29819
SFL103230,314825,161870,3,Tier 3,Low,Average,6,Call,Promised,Field,144160
SFL103231,324987,104945,172,Tier 1,Medium,Poor,10,Call,No Response,Call,0
SFL103232,28084,24110,267,Tier 1,High,Average,13,Field,No Response,Call,10093
SFL103233,324721,254851,687,Tier 2,High,Poor,2,Call,Promised,Legal,0
SFL103234,66598,33900,166,Tier 2,Low,Poor,11,Field,Paid,Call,0
SFL103235,47665,26819,592,Tier 2,Low,Average,5,Call,No Response,Legal,0
SFL103236,247021,203902,124,Tier 1,High,Average,1,Field,Paid,Field,55753
SFL103237,1009275,548473,161,Tier 3,Low,Average,5,Field,Paid,Call,0
SFL103238,71897,69115,234,Tier 2,Low,Average,7,Call,Paid,Call,0
SFL103239,46189,35126,866,Tier 2,High,Average,8,Call,Refused,Call,0
SFL103240,66344,44539,181,Tier 2,High,Good,2,Field,Promised,Call,24160
SFL103241,118190,92754,359,Tier 1,Medium,Poor,20,Field,Refused,Field,12732
SFL103242,68335,27880,344,Tier 2,Low,Poor,4,Call,Refused,Call,0
SFL103243,55260,24730,27,Tier 2,Medium,Good,1,Call,No Response,Call,0
SFL103244,162273,58174,115,Tier 1,High,Good,1,Field,No Response,Call,0
SFL103245,49830,35937,131,Tier 2,Low,Poor,1,Field,Refused,Call,0
SFL103246,20915,18962,79,Tier 2,Low,Average,3,Field,Paid,Call,0
SFL103247,979479,355037,53,Tier 3,Medium,Poor,2,Call,Promised,Legal,0
SFL103248,70999,49658,598,Tier 3,Low,Poor,3,Call,Promised,Field,0
SFL103249,60695,49062,98,Tier 2,High,Average,19,Call,Paid,Field,26131
SFL103250,87266,52052,808,Tier 3,Medium,Good,5,Field,Paid,Legal,44351
SFL103251,46820,26297,196,Tier 3,Medium,Good,12,Call,Paid,Call,19280
SFL103252,58920,34997,36,Tier 2,Low,Poor,5,Call,Refused,Call,0
SFL103253,194666,128082,676,Tier 2,Low,Average,6,Legal,No Response,Legal,0
SFL103254,290793,110107,55,Tier 1,High,Poor,6,Field,No Response,Field,0
SFL103255,161853,110544,826,Tier 1,Low,Average,17,Field,Paid,Call,0
SFL103256,76962,40326,391,Tier 3,High,Poor,4,Call,Paid,Call,4573
SFL103257,476520,273955,823,Tier 1,Medium,Poor,16,Field,Promised,Legal,0
SFL103258,18147,15754,57,Tier 2,Medium,Good,18,Field,No Response,Field,6950
SFL103259,13393,5976,16,Tier 1,Medium,Poor,1,Call,Refused,Field,1550
SFL103260,71371,62352,353,Tier 2,Medium,Average,5,Field,Refused,Field,7081
SFL103261,838891,389198,294,Tier 1,High,Average,3,Legal,No Response,Call,0
SFL103262,24949,13000,195,Tier 2,Medium,Average,7,Legal,Refused,Field,0
SFL103263,52602,40539,421,Tier 2,Low,Average,1,Field,Promised,Legal,0
SFL103264,235894,103504,313,Tier 3,Medium,Poor,1,Call,No Response,Field,0
SFL103265,75525,65301,197,Tier 1,Low,Average,16,Call,Paid,Call,0
SFL103266,963536,404439,172,Tier 3,Low,Poor,4,Field,No Response,Call,184756
SFL103267,299257,116170,211,Tier 1,High,Poor,2,Call,No Response,Call,0
SFL103268,724698,634452,64,Tier 3,High,Good,10,Call,Promised,Field,340598
SFL103269,1086905,443899,20,Tier 2,High,Poor,14,Legal,No Response,Field,0
SFL103270,900997,824181,192,Tier 2,Medium,Average,4,Legal,No Response,Call,0
SFL103271,1096363,496029,331,Tier 2,Low,Average,5,Call,Refused,Field,279787
SFL103272,733352,353304,57,Tier 2,Low,Average,4,Call,Promised,Legal,0
SFL103273,22142,16229,583,Tier 1,Medium,Poor,16,Field,No Response,Legal,0
SFL103274,25201,24097,161,Tier 2,Low,Average,6,Call,Promised,Field,0
SFL103275,191405,131485,179,Tier 2,High,Average,3,Call,Promised,Field,74985
SFL103276,25225,19827,95,Tier 3,Medium,Average,2,Field,Promised,Field,13469
SFL103277,46835,25727,107,Tier 2,Low,Average,3,Call,Promised,Field,17722
SFL103278,39772,21687,165,Tier 2,Low,Good,12,Field,Paid,Call,0
SFL103279,45312,20841,211,Tier 2,Low,Poor,15,Field,Promised,Call,0
SFL103280,20782,13706,536,Tier 2,Low,Poor,4,Call,No Response,Call,0
SFL103281,514876,465902,878,Tier 2,Low,Poor,10,Legal,No Response,Legal,0
SFL103282,34606,12707,135,Tier 1,High,Poor,7,Field,No Response,Call,0
SFL103283,499178,243389,812,Tier 2,Medium,Average,1,Field,No Response,Call,183079
SFL103284,25106,14387,647,Tier 2,Medium,Average,9,Field,No Response,Field,0
SFL103285,61913,28162,158,Tier 2,High,Average,4,Call,No Response,Call,0
SFL103286,695925,309298,719,Tier 2,Medium,Average,5,Field,No Response,Legal,0
SFL103287,191970,174412,118,Tier 3,Medium,Average,8,Call,No Response,Field,0
SFL103288,118602,41782,8,Tier 2,Medium,Good,19,Field,No Response,Call,0
SFL103289,291971,169987,184,Tier 2,Medium,Poor,16,Call,Promised,Call,0
SFL103290,61206,57794,338,Tier 1,High,Average,4,Call,No Response,Call,0
SFL103291,175201,154988,448,Tier 3,Medium,Poor,4,Field,No Response,Field,0
SFL103292,272794,151321,73,Tier 3,Low,Poor,10,Call,No Response,Field,0
SFL103293,154346,91032,157,Tier 1,Low,Average,14,Call,No Response,Call,0
SFL103294,68035,58085,43,Tier 1,Medium,Average,19,Field,Promised,Call,42684
SFL103295,73532,52679,339,Tier 1,Low,Poor,12,Field,Paid,Call,24908
SFL103296,344874,173355,252,Tier 2,Medium,Poor,3,Call,No Response,Call,0
SFL103297,220990,86968,131,Tier 1,High,Poor,6,Call,Promised,Call,42500
SFL103298,740529,241772,47,Tier 2,High,Poor,3,Legal,No Response,Call,0
SFL103299,1171513,999126,93,Tier 1,High,Average,6,Call,Paid,Call,558847
SFL103300,128412,39031,50,Tier 3,Low,Poor,3,Legal,Promised,Call,0
SFL103301,487497,193337,211,Tier 3,Low,Poor,10,Call,Paid,Field,80995
SFL103302,18143,11350,112,Tier 1,Medium,Poor,7,Call,No Response,Call,0
SFL103303,72409,29000,175,Tier 2,Low,Poor,2,Call,Refused,Field,0
SFL103304,691829,571642,288,Tier 2,High,Average,7,Call,Refused,Field,0
SFL103305,220627,213036,362,Tier 2,Low,Average,2,Call,No Response,Field,0
SFL103306,516968,491281,156,Tier 2,Low,Poor,14,Call,Promised,Call,132022
SFL103307,848353,330956,562,Tier 3,Low,Poor,1,Call,Refused,Field,0
SFL103308,143248,130422,114,Tier 2,High,Average,17,Call,No Response,Field,80479
SFL103309,28068,22446,139,Tier 3,Low,Average,3,Call,Promised,Field,0
SFL103310,41224,35603,222,Tier 1,Low,Average,10,Call,No Response,Call,0
SFL103311,49142,21497,282,Tier 2,Medium,Average,5,Legal,Promised,Field,0
SFL103312,51809,43415,94,Tier 3,Low,Average,10,Call,No Response,Call,0
SFL103313,12905,6782,196,Tier 1,Low,Average,4,Call,No Response,Call,0
SFL103314,786741,581802,821,Tier 3,Low,Poor,7,Field,No Response,Legal,0
SFL103315,48148,35257,200,Tier 1,High,Poor,5,Field,No Response,Call,0
SFL103316,59788,33409,137,Tier 2,Low,Poor,2,Legal,No Response,Call,0
SFL103317,84551,61060,165,Tier 2,Medium,Poor,4,Field,No Response,Call,0
SFL103318,152537,72899,179,Tier 1,Low,Average,7,Field,Promised,Call,0
SFL103319,308705,282535,25,Tier 2,Medium,Poor,1,Call,No Response,Call,0
SFL103320,19221,16661,57,Tier 3,Medium,Poor,19,Field,No Response,Call,0
SFL103321,18016,7945,250,Tier 1,Low,Poor,7,Field,Refused,Call,0
SFL103322,309150,113830,207,Tier 3,Low,Average,9,Call,Promised,Legal,0
SFL103323,1080137,476310,178,Tier 2,Low,Average,12,Field,No Response,Field,403392
SFL103324,72363,24885,118,Tier 3,Medium,Poor,15,Field,No Response,Field,0
SFL103325,588723,207447,184,Tier 2,Low,Average,4,Field,Paid,Field,0
SFL103326,184597,121640,23,Tier 2,Medium,Good,3,Call,Refused,Call,0
SFL103327,329825,112391,56,Tier 2,High,Good,19,Call,Promised,Legal,0
SFL103328,893748,330814,136,Tier 1,Medium,Poor,17,Call,Promised,Call,0
SFL103329,28321,27003,33,Tier 1,Low,Average,15,Field,No Response,Field,0
SFL103330,916100,524740,362,Tier 1,Low,Average,7,Call,Promised,Legal,0
SFL103331,320454,182236,142,Tier 2,Medium,Good,11,Field,Paid,Field,123831
SFL103332,846340,759306,303,Tier 1,Low,Average,5,Call,No Response,Legal,0
SFL103333,1035363,762075,109,Tier 2,Medium,Average,1,Call,Promised,Call,0
SFL103334,463509,193294,157,Tier 3,Low,Poor,16,Call,No Response,Field,76346
SFL103335,71424,54233,176,Tier 2,Medium,Poor,6,Field,Refused,Call,0
SFL103336,21337,18226,82,Tier 2,Low,Average,5,Call,No Response,Field,0
SFL103337,334535,297216,117,Tier 2,High,Average,5,Call,Paid,Field,144788
SFL103338,46614,33007,113,Tier 1,Medium,Poor,9,Field,No Response,Field,0
SFL103339,219491,132240,175,Tier 2,High,Average,8,Call,Promised,Legal,101648
SFL103340,506234,244934,398,Tier 3,High,Poor,9,Call,Refused,Legal,30339
SFL103341,1054465,490732,349,Tier 2,Low,Average,18,Call,No Response,Field,273132
SFL103342,47110,25815,801,Tier 3,Medium,Poor,7,Call,No Response,Field,0
SFL103343,317890,183589,279,Tier 3,Medium,Average,1,Field,No Response,Call,0
SFL103344,104131,59452,71,Tier 2,Low,Average,5,Field,Promised,Field,0
SFL103345,57732,40994,138,Tier 3,High,Average,13,Call,No Response,Call,0
SFL103346,67567,30934,339,Tier 3,Low,Average,2,Call,Refused,Field,0
SFL103347,56908,21218,69,Tier 3,High,Poor,16,Legal,No Response,Field,9918
SFL103348,31072,23942,449,Tier 3,Low,Average,2,Call,No Response,Legal,0
SFL103349,314291,212840,28,Tier 1,Medium,Good,18,Call,Promised,Legal,0
SFL103350,349872,120724,305,Tier 1,Medium,Good,6,Call,Paid,Call,0
SFL103351,63059,24750,72,Tier 2,Medium,Poor,6,Call,No Response,Call,0
SFL103352,153513,103050,145,Tier 1,Medium,Poor,5,Legal,Promised,Call,48247
SFL103353,324667,288022,249,Tier 3,High,Average,9,Legal,No Response,Field,0
SFL103354,866579,582077,355,Tier 1,Medium,Average,3,Call,Refused,Call,77905
SFL103355,490118,379223,330,Tier 2,Low,Average,9,Field,No Response,Call,0
SFL103356,157209,91565,221,Tier 3,Medium,Good,8,Call,Promised,Field,91464
SFL103357,287910,113726,141,Tier 3,Medium,Average,6,Legal,Promised,Call,84718
SFL103358,335053,132737,728,Tier 1,Medium,Good,7,Call,Promised,Legal,0
SFL103359,75666,71427,117,Tier 3,Medium,Good,3,Call,Promised,Call,49609
SFL103360,170592,83551,574,Tier 3,Medium,Poor,10,Call,Paid,Call,0
SFL103361,12719,10130,129,Tier 2,Low,Good,15,Call,No Response,Field,0
SFL103362,31757,19993,327,Tier 3,Medium,Good,3,Call,Refused,Field,4907
SFL103363,48719,47229,192,Tier 3,Low,Poor,18,Field,No Response,Call,0
SFL103364,57024,44952,431,Tier 2,Medium,Average,5,Call,No Response,Legal,0
SFL103365,583126,494606,149,Tier 1,High,Poor,10,Call,Refused,Call,0
SFL103366,194260,174810,94,Tier 2,Medium,Average,9,Call,Promised,Field,45223
SFL103367,21974,20279,39,Tier 2,Medium,Poor,4,Field,Refused,Call,0
SFL103368,37028,30513,168,Tier 2,Low,Good,1,Call,Paid,Field,28274
SFL103369,62036,29180,294,Tier 1,Low,Poor,6,Call,Refused,Call,0
SFL103370,207244,191065,109,Tier 3,High,Poor,15,Field,No Response,Field,0
SFL103371,20975,9228,780,Tier 2,Medium,Good,5,Legal,Promised,Field,0
SFL103372,63001,58351,305,Tier 2,Low,Poor,8,Field,Refused,Call,0
SFL103373,64688,45211,355,Tier 2,Medium,Poor,2,Field,Paid,Field,10351
SFL103374,152764,58529,287,Tier 1,Medium,Average,5,Field,Promised,Call,0
SFL103375,223878,141672,360,Tier 3,Medium,Poor,6,Field,No Response,Field,0
SFL103376,107043,57807,212,Tier 3,Medium,Good,5,Call,Paid,Field,35806
SFL103377,72197,29506,151,Tier 2,High,Poor,5,Legal,No Response,Legal,12625
SFL103378,993901,786769,112,Tier 2,Medium,Good,8,Call,No Response,Field,285810
SFL103379,254694,215772,316,Tier 3,Medium,Average,5,Call,No Response,Field,0
SFL103380,46952,33701,309,Tier 2,Medium,Poor,7,Call,No Response,Field,0
SFL103381,13226,7791,360,Tier 1,Low,Poor,2,Call,No Response,Legal,0
SFL103382,36633,29704,27,Tier 3,Low,Poor,4,Call,Refused,Call,0
SFL103383,41687,34671,80,Tier 3,Medium,Average,20,Call,No Response,Field,0
SFL103384,1000208,548592,186,Tier 2,Medium,Average,4,Call,Paid,Legal,0
SFL103385,30492,14239,61,Tier 1,Low,Average,11,Call,Paid,Field,5487
SFL103386,116331,59190,97,Tier 1,Low,Average,9,Field,No Response,Legal,0
SFL103387,321577,161678,103,Tier 2,Medium,Average,1,Call,Promised,Call,0
SFL103388,13749,12029,187,Tier 2,Medium,Good,4,Call,No Response,Call,0
SFL103389,12732,4349,457,Tier 2,Low,Poor,2,Call,No Response,Field,0
SFL103390,72717,32619,116,Tier 2,Medium,Average,3,Call,No Response,Call,0
SFL103391,34926,17214,134,Tier 2,Medium,Good,5,Call,Promised,Field,13526
SFL103392,69097,59855,97,Tier 2,Low,Poor,9,Field,Refused,Call,0
SFL103393,583946,518137,448,Tier 1,High,Average,5,Call,No Response,Call,391434
SFL103394,346222,251397,102,Tier 3,Medium,Good,5,Field,Promised,Field,157848
SFL103395,27955,23057,161,Tier 2,Low,Average,9,Legal,Promised,Field,0
SFL103396,185536,103517,269,Tier 2,High,Poor,4,Call,No Response,Call,0
SFL103397,49399,17719,423,Tier 3,Low,Average,2,Field,Promised,Legal,0
SFL103398,706571,585579,16,Tier 2,Low,Average,3,Call,Promised,Field,478710
SFL103399,250301,159790,174,Tier 3,Low,Average,6,Call,Promised,Field,0
SFL103400,47071,39886,82,Tier 2,Low,Poor,9,Field,Promised,Call,0
SFL103401,166414,71886,402,Tier 1,Low,Good,6,Call,Paid,Field,0
SFL103402,252607,172266,105,Tier 3,Low,Average,7,Call,No Response,Field,97976
SFL103403,848926,727576,265,Tier 1,Low,Poor,2,Call,Refused,Call,0
SFL103404,180072,170762,142,Tier 2,Low,Average,16,Call,Promised,Field,118596
SFL103405,342864,292218,77,Tier 2,Low,Average,6,Field,No Response,Field,0
SFL103406,241006,73338,331,Tier 2,High,Average,7,Field,Promised,Call,0
SFL103407,638891,261595,58,Tier 3,Medium,Average,6,Call,Refused,Call,0
SFL103408,39943,34723,105,Tier 3,High,Poor,14,Call,Refused,Call,0
SFL103409,72607,52962,89,Tier 3,Medium,Poor,1,Call,No Response,Call,0
SFL103410,42199,37201,72,Tier 2,Low,Good,5,Legal,Paid,Field,34745
SFL103411,267198,242834,321,Tier 1,Medium,Average,4,Field,Promised,Call,0
SFL103412,27048,10789,205,Tier 2,High,Average,3,Field,Paid,Field,3662
SFL103413,171989,129830,446,Tier 2,Low,Good,11,Field,No Response,Legal,0
SFL103414,40588,36436,356,Tier 1,Low,Poor,8,Call,No Response,Call,0
SFL103415,62395,23391,286,Tier 2,High,Average,4,Field,Paid,Field,6028
SFL103416,52670,20045,764,Tier 2,High,Average,9,Field,Promised,Legal,12378
SFL103417,698779,325475,218,Tier 2,Medium,Average,8,Field,No Response,Call,190690
SFL103418,563591,496449,5,Tier 1,Medium,Average,6,Legal,Refused,Legal,0
SFL103419,205920,180567,78,Tier 3,Low,Poor,3,Legal,Refused,Call,0
SFL103420,48682,36473,21,Tier 3,Medium,Poor,17,Field,No Response,Call,0
SFL103421,129938,76918,166,Tier 2,Medium,Average,15,Call,No Response,Field,0
SFL103422,47699,36379,218,Tier 2,Low,Poor,9,Call,No Response,Call,0
SFL103423,278396,121235,33,Tier 3,Medium,Average,5,Call,Paid,Field,76397
SFL103424,58622,25666,126,Tier 1,Medium,Poor,18,Call,Promised,Call,0
SFL103425,21553,18580,4,Tier 1,High,Average,9,Call,No Response,Legal,0
SFL103426,316844,167168,82,Tier 2,Medium,Average,1,Legal,No Response,Field,136092
SFL103427,514275,166269,364,Tier 2,Medium,Average,4,Legal,No Response,Field,0
SFL103428,45351,27854,532,Tier 2,High,Poor,4,Call,No Response,Legal,0
SFL103429,39137,16811,193,Tier 3,Low,Good,7,Field,Promised,Field,8950
SFL103430,48721,19681,291,Tier 2,Medium,Average,2,Call,Refused,Field,0
SFL103431,31013,23566,12,Tier 3,Low,Poor,13,Call,Paid,Field,0
SFL103432,194134,104023,82,Tier 2,Medium,Poor,8,Call,No Response,Call,0
SFL103433,114673,87364,145,Tier 2,Medium,Poor,8,Legal,No Response,Field,33141
SFL103434,24295,19626,274,Tier 1,Medium,Poor,6,Call,Promised,Field,0
SFL103435,247291,82780,114,Tier 2,High,Poor,8,Call,No Response,Call,0
SFL103436,182207,136279,195,Tier 2,Medium,Poor,9,Call,Refused,Call,0
SFL103437,110069,58831,61,Tier 3,Low,Average,5,Call,Refused,Field,10017
SFL103438,397032,376747,207,Tier 3,Low,Average,10,Call,Promised,Field,193603
SFL103439,25973,22410,182,Tier 2,Low,Average,5,Legal,No Response,Field,5301
SFL103440,58728,20358,111,Tier 2,Low,Average,1,Call,No Response,Field,0
SFL103441,421318,283030,300,Tier 2,Medium,Average,12,Call,No Response,Field,0
SFL103442,279467,189923,404,Tier 2,Medium,Average,18,Call,Refused,Call,0
SFL103443,13289,8181,119,Tier 1,Low,Poor,6,Call,No Response,Call,0
SFL103444,34603,13437,165,Tier 2,Low,Poor,1,Call,No Response,Legal,0
SFL103445,291847,126580,63,Tier 2,Low,Poor,5,Call,No Response,Call,0
SFL103446,30580,18469,64,Tier 3,High,Poor,9,Call,No Response,Call,4883
SFL103447,330666,233135,44,Tier 3,Medium,Good,5,Legal,Promised,Call,226842
SFL103448,37756,24919,80,Tier 1,Low,Good,4,Field,Paid,Call,0
SFL103449,74335,38049,141,Tier 1,Medium,Good,9,Legal,Promised,Call,22069
SFL103450,220089,163546,185,Tier 3,High,Good,2,Call,Paid,Legal,0
SFL103451,296994,116162,224,Tier 2,Low,Average,1,Call,Promised,Call,30983
SFL103452,220611,132910,442,Tier 3,High,Poor,3,Call,Refused,Field,0
SFL103453,21507,6826,315,Tier 2,Low,Average,15,Call,Paid,Field,0
SFL103454,556749,466423,163,Tier 1,Medium,Average,8,Call,No Response,Call,348446
SFL103455,234844,105156,280,Tier 2,Low,Average,3,Call,Refused,Field,0
SFL103456,30125,27506,729,Tier 3,Low,Average,4,Call,Refused,Legal,0
SFL103457,844352,615358,243,Tier 2,Medium,Good,4,Field,Refused,Field,256808
SFL103458,147351,96065,550,Tier 3,Low,Poor,1,Field,No Response,Field,0
SFL103459,334877,206799,59,Tier 2,Medium,Average,1,Call,No Response,Field,65864
SFL103460,85124,71927,237,Tier 2,Medium,Poor,19,Field,No Response,Call,0
SFL103461,118322,76918,158,Tier 2,Low,Average,18,Legal,Promised,Field,54949
SFL103462,35337,28905,126,Tier 2,Medium,Poor,8,Legal,No Response,Legal,0
SFL103463,202870,119555,288,Tier 1,Medium,Good,4,Legal,Paid,Call,75285
SFL103464,86979,77423,65,Tier 3,Medium,Average,1,Call,Promised,Field,26259
SFL103465,308151,175297,74,Tier 3,High,Average,9,Call,No Response,Field,52487
SFL103466,33469,30852,123,Tier 1,Low,Average,1,Field,No Response,Call,25941
SFL103467,46766,20619,92,Tier 3,High,Average,4,Field,No Response,Call,0
SFL103468,45213,43851,259,Tier 3,Medium,Good,2,Legal,Promised,Field,32369
SFL103469,15032,7143,73,Tier 3,Low,Poor,5,Call,Promised,Call,0
SFL103470,71466,62480,138,Tier 2,Low,Poor,2,Legal,Refused,Legal,0
SFL103471,289982,180626,194,Tier 3,Low,Poor,16,Field,No Response,Field,0
SFL103472,34451,20233,112,Tier 2,Medium,Average,6,Call,No Response,Field,0
SFL103473,103198,41398,349,Tier 2,High,Poor,8,Call,No Response,Field,0
SFL103474,435335,218036,197,Tier 1,Medium,Average,9,Call,No Response,Legal,0
SFL103475,138980,52458,329,Tier 2,Low,Good,16,Call,Paid,Call,0
SFL103476,273275,210420,158,Tier 1,Medium,Average,18,Field,No Response,Call,47976
SFL103477,22492,16471,8,Tier 3,Low,Average,5,Call,No Response,Call,7494
SFL103478,72543,51808,684,Tier 2,High,Good,5,Field,Paid,Legal,0
SFL103479,46817,28438,47,Tier 2,Low,Good,1,Field,No Response,Field,0
SFL103480,372973,123209,142,Tier 1,Medium,Poor,13,Call,Promised,Field,0
SFL103481,50658,16181,61,Tier 3,Medium,Average,19,Call,No Response,Field,4664
SFL103482,49863,26547,87,Tier 2,High,Average,6,Field,No Response,Call,18098
SFL103483,265043,147529,312,Tier 2,High,Average,14,Field,Promised,Field,0
SFL103484,27625,26785,93,Tier 1,Low,Average,1,Call,Promised,Legal,0
SFL103485,47888,41274,11,Tier 2,Low,Average,14,Field,No Response,Field,0
SFL103486,56538,43269,369,Tier 1,Medium,Poor,3,Legal,No Response,Field,0
SFL103487,13937,11531,66,Tier 3,Medium,Poor,9,Legal,Promised,Field,0
SFL103488,14569,5247,31,Tier 2,High,Average,7,Call,No Response,Field,1872
SFL103489,63875,19836,158,Tier 2,Low,Poor,2,Field,Refused,Field,0
SFL103490,583795,406278,250,Tier 2,Low,Poor,4,Legal,Paid,Field,0
SFL103491,60788,51934,22,Tier 1,Medium,Poor,5,Call,No Response,Call,0
SFL103492,643271,480766,269,Tier 2,Low,Average,9,Call,Paid,Legal,0
SFL103493,19287,7505,295,Tier 3,Low,Average,9,Field,Promised,Call,0
SFL103494,174120,132987,272,Tier 1,Low,Average,5,Field,Refused,Call,0
SFL103495,13751,7695,165,Tier 2,Low,Poor,1,Call,Refused,Field,0
SFL103496,858570,361036,94,Tier 2,High,Poor,4,Field,Refused,Legal,0
SFL103497,140609,51812,31,Tier 3,Medium,Good,20,Field,Promised,Call,0
SFL103498,695469,400048,237,Tier 1,Medium,Poor,4,Legal,Paid,Call,202678
SFL103499,1007362,595691,21,Tier 1,High,Poor,7,Call,No Response,Call,0
SFL103500,16670,9666,182,Tier 3,High,Poor,16,Field,No Response,Call,0
SFL103501,223415,89353,204,Tier 3,Medium,Average,9,Call,Promised,Field,30612
SFL103502,343143,238395,158,Tier 3,Low,Poor,10,Call,No Response,Call,0
SFL103503,54927,35957,562,Tier 3,Low,Poor,7,Field,No Response,Call,6503
SFL103504,55548,37036,60,Tier 2,Medium,Average,9,Call,Paid,Field,10547
SFL103505,909817,676670,156,Tier 1,Medium,Average,3,Call,Refused,Call,0
SFL103506,651263,328259,203,Tier 3,Low,Average,10,Field,No Response,Field,0
SFL103507,55946,28382,760,Tier 1,High,Poor,12,Call,Promised,Call,0
SFL103508,95830,48122,19,Tier 1,Medium,Average,5,Legal,Refused,Legal,24998
SFL103509,67542,22592,78,Tier 3,Medium,Good,13,Field,Paid,Legal,0
SFL103510,324403,132594,219,Tier 2,Low,Average,14,Call,No Response,Field,0
SFL103511,173058,142282,158,Tier 2,Low,Poor,8,Call,No Response,Call,0
SFL103512,247901,152238,58,Tier 2,Low,Average,2,Field,Refused,Field,0
SFL103513,968768,469522,59,Tier 2,Medium,Average,3,Field,No Response,Field,0
SFL103514,68216,60143,145,Tier 1,Low,Poor,10,Call,No Response,Field,0
SFL103515,55634,39692,94,Tier 2,High,Average,5,Legal,Refused,Field,0
SFL103516,491438,474763,304,Tier 1,Medium,Average,9,Legal,Promised,Field,228572
SFL103517,74305,62676,118,Tier 1,Medium,Poor,6,Call,No Response,Call,0
SFL103518,1142479,770438,340,Tier 2,Low,Poor,14,Field,Paid,Field,0
SFL103519,159408,95167,545,Tier 3,Low,Good,6,Call,Refused,Legal,0
SFL103520,207309,137057,63,Tier 1,Low,Poor,1,Field,Refused,Call,0
SFL103521,526490,397036,172,Tier 2,Medium,Average,2,Call,Refused,Call,0
SFL103522,1019278,558291,128,Tier 3,Low,Poor,2,Field,No Response,Call,0
SFL103523,34646,29531,73,Tier 3,Low,Poor,13,Field,Promised,Call,0
SFL103524,55762,34661,70,Tier 2,Medium,Average,9,Field,Promised,Call,23328
SFL103525,1137079,518150,336,Tier 2,Medium,Poor,5,Call,No Response,Field,0
SFL103526,43435,17845,141,Tier 2,Low,Poor,6,Call,No Response,Call,0
SFL103527,210916,186179,44,Tier 1,High,Average,2,Field,Refused,Field,0
SFL103528,292439,220335,331,Tier 3,Medium,Poor,10,Call,No Response,Legal,0
SFL103529,356588,150253,35,Tier 3,Medium,Good,15,Call,Refused,Field,0
SFL103530,25165,13022,237,Tier 2,Low,Average,4,Call,Promised,Field,8831
SFL103531,652179,520390,118,Tier 2,Low,Average,3,Field,Promised,Call,0
SFL103532,193928,152055,142,Tier 1,Low,Average,1,Call,No Response,Field,0
SFL103533,52844,24779,342,Tier 3,Medium,Poor,10,Field,Promised,Field,14381
SFL103534,69158,64062,160,Tier 3,High,Poor,8,Field,Promised,Call,0
SFL103535,890788,582271,170,Tier 1,Low,Poor,3,Call,Paid,Legal,0
SFL103536,40125,30635,217,Tier 2,Low,Average,7,Call,No Response,Field,20473
SFL103537,300866,191515,144,Tier 2,Medium,Poor,5,Call,No Response,Field,88557
SFL103538,209017,157103,277,Tier 2,Medium,Good,2,Call,No Response,Field,0
SFL103539,641983,223842,626,Tier 2,Medium,Good,10,Call,Paid,Field,202143
SFL103540,71737,61519,304,Tier 1,Medium,Average,6,Call,No Response,Call,0
SFL103541,376372,174019,303,Tier 2,Low,Poor,10,Call,Promised,Field,0
SFL103542,34628,28059,804,Tier 3,High,Average,1,Call,Refused,Legal,0
SFL103543,34680,11310,147,Tier 2,Medium,Poor,4,Call,Promised,Call,0
SFL103544,1093323,709637,675,Tier 2,Low,Good,3,Field,Promised,Field,0
SFL103545,26124,16143,34,Tier 2,High,Average,5,Legal,No Response,Field,0
SFL103546,14475,6447,109,Tier 3,Low,Poor,6,Call,No Response,Field,1522
SFL103547,712599,576509,321,Tier 2,Medium,Poor,1,Legal,No Response,Field,252875
SFL103548,274829,180726,22,Tier 3,Low,Average,3,Legal,Paid,Field,49165
SFL103549,1060414,357816,286,Tier 2,High,Poor,2,Call,Paid,Field,0
SFL103550,916169,295970,144,Tier 1,High,Average,7,Field,Refused,Call,0
SFL103551,16523,13934,90,Tier 1,Medium,Good,2,Call,No Response,Call,7748
SFL103552,858359,778600,724,Tier 3,Low,Poor,10,Legal,Promised,Legal,0
SFL103553,213155,84587,636,Tier 1,Low,Average,12,Field,Promised,Legal,0
SFL103554,181339,84308,43,Tier 1,Medium,Average,18,Call,No Response,Field,52571
SFL103555,128439,48945,343,Tier 3,Medium,Poor,2,Legal,No Response,Field,0
SFL103556,60872,37022,190,Tier 2,High,Good,1,Call,No Response,Field,15512
SFL103557,72728,56978,281,Tier 3,Medium,Average,5,Field,Promised,Call,37329
SFL103558,1172477,1032609,120,Tier 2,Low,Poor,1,Field,Refused,Call,0
SFL103559,65498,58943,325,Tier 3,Low,Good,5,Field,Promised,Field,55923
SFL103560,73728,55428,72,Tier 3,Low,Poor,1,Call,Promised,Call,9085
SFL103561,195757,159086,192,Tier 1,Low,Good,8,Field,Promised,Call,140774
SFL103562,13290,4164,271,Tier 1,High,Good,4,Call,Promised,Call,2097
SFL103563,33078,23572,5,Tier 2,High,Average,1,Field,No Response,Call,0
SFL103564,121492,55293,36,Tier 2,Medium,Average,2,Call,Paid,Field,23007
SFL103565,735808,339533,891,Tier 1,High,Average,9,Call,Promised,Call,248388
SFL103566,28798,21020,359,Tier 3,Low,Average,2,Field,Refused,Field,8550
SFL103567,345934,168553,26,Tier 3,Low,Average,3,Call,Promised,Legal,0
SFL103568,54894,27029,144,Tier 2,Medium,Average,12,Call,Promised,Call,0
SFL103569,319940,105176,166,Tier 2,Low,Average,6,Field,No Response,Call,0
SFL103570,20281,11324,5,Tier 3,Medium,Good,1,Field,No Response,Field,8243
SFL103571,50720,42620,92,Tier 2,Medium,Average,9,Call,Refused,Field,13024
SFL103572,795114,646557,161,Tier 1,Medium,Average,6,Call,Refused,Call,0
SFL103573,328232,169527,361,Tier 2,Medium,Average,9,Call,Paid,Call,0
SFL103574,1079077,418389,23,Tier 2,Low,Poor,10,Field,No Response,Call,0
SFL103575,132386,60502,174,Tier 1,Medium,Good,3,Field,Paid,Call,0
SFL103576,687547,533322,616,Tier 1,Low,Poor,8,Call,No Response,Legal,0
SFL103577,895900,357722,84,Tier 2,Medium,Good,20,Field,Refused,Field,80700
SFL103578,263651,183705,174,Tier 2,Medium,Average,1,Call,No Response,Field,0
SFL103579,227809,90139,69,Tier 3,Low,Average,10,Field,No Response,Field,0
SFL103580,13891,4503,6,Tier 1,Low,Average,8,Call,Refused,Call,0
SFL103581,217116,93689,209,Tier 2,Medium,Poor,5,Field,No Response,Field,0
SFL103582,46397,30796,278,Tier 2,Low,Average,6,Call,Refused,Field,0
SFL103583,21155,14265,300,Tier 1,Medium,Poor,2,Call,No Response,Call,0
SFL103584,331405,264950,126,Tier 3,Medium,Average,15,Call,No Response,Field,91886
SFL103585,966438,684464,34,Tier 2,Medium,Poor,2,Call,Refused,Call,0
SFL103586,120505,59646,1,Tier 2,Low,Average,9,Call,No Response,Field,24326
SFL103587,605331,580914,159,Tier 1,Low,Poor,4,Call,Refused,Legal,0
SFL103588,41376,29536,95,Tier 1,Low,Average,9,Field,Promised,Call,11184
SFL103589,344824,202558,174,Tier 3,High,Average,1,Call,Paid,Field,125830
SFL103590,35024,23526,163,Tier 1,Medium,Poor,9,Field,No Response,Call,0
SFL103591,68722,31389,108,Tier 3,Low,Average,18,Call,Paid,Field,20575
SFL103592,1010429,870648,95,Tier 3,Medium,Average,19,Call,Promised,Call,754621
SFL103593,42534,16495,234,Tier 2,Medium,Poor,19,Field,Refused,Call,0
SFL103594,369164,217485,3,Tier 1,Low,Poor,2,Call,Paid,Call,60153
SFL103595,360911,290140,116,Tier 2,Medium,Average,1,Legal,Refused,Call,0
SFL103596,72840,64001,205,Tier 1,Medium,Average,7,Field,No Response,Field,0
SFL103597,57586,32980,27,Tier 3,Low,Average,3,Legal,Refused,Field,0
SFL103598,341835,269227,679,Tier 2,Medium,Poor,8,Field,Promised,Legal,0
SFL103599,149649,103477,44,Tier 1,Low,Average,2,Call,Promised,Call,73768
SFL103600,316979,99930,126,Tier 1,Medium,Poor,4,Call,No Response,Legal,0
SFL103601,48928,42423,20,Tier 2,Low,Poor,9,Call,No Response,Field,0
SFL103602,189151,156811,261,Tier 1,High,Poor,8,Field,Refused,Call,0
SFL103603,278877,124788,102,Tier 2,Low,Average,4,Call,No Response,Call,0
SFL103604,223980,110627,222,Tier 3,Medium,Good,2,Call,No Response,Call,0
SFL103605,712988,357915,80,Tier 2,Medium,Good,5,Call,Paid,Legal,0
SFL103606,178804,113479,882,Tier 1,Low,Poor,4,Call,Promised,Field,0
SFL103607,373187,309607,270,Tier 3,Low,Poor,5,Field,No Response,Field,164253
SFL103608,19202,9909,199,Tier 2,Low,Poor,20,Call,No Response,Field,0
SFL103609,30198,22034,149,Tier 1,Low,Average,10,Field,Refused,Field,0
SFL103610,158688,125386,507,Tier 1,Medium,Average,10,Field,Promised,Legal,0
SFL103611,24101,15118,318,Tier 2,Low,Average,4,Call,No Response,Legal,10859
SFL103612,30644,21341,214,Tier 2,Low,Poor,5,Call,Refused,Legal,0
SFL103613,190122,157453,286,Tier 1,Low,Poor,9,Call,No Response,Call,0
SFL103614,30890,27186,118,Tier 3,Low,Good,1,Call,No Response,Call,0
SFL103615,13074,11629,338,Tier 2,Low,Poor,2,Call,No Response,Call,3252
SFL103616,68769,32427,325,Tier 2,Medium,Poor,4,Field,Paid,Call,0
SFL103617,151806,107476,173,Tier 3,Low,Poor,11,Call,No Response,Field,0
SFL103618,37233,13449,94,Tier 2,Medium,Poor,2,Field,Refused,Field,0
SFL103619,61171,32916,145,Tier 3,Medium,Good,5,Call,Refused,Field,0
SFL103620,489833,251681,62,Tier 1,Low,Average,2,Call,Promised,Legal,73424
SFL103621,226079,88082,205,Tier 3,Low,Average,10,Call,No Response,Call,0
SFL103622,101633,75035,204,Tier 3,Medium,Poor,10,Call,No Response,Call,0
SFL103623,291431,183032,879,Tier 2,Low,Average,4,Call,Refused,Field,0
SFL103624,218920,88799,126,Tier 2,Low,Average,3,Field,Paid,Legal,72208
SFL103625,73541,25419,35,Tier 3,Medium,Poor,7,Call,No Response,Legal,0
SFL103626,808071,308951,654,Tier 1,Low,Poor,14,Field,Refused,Call,0
SFL103627,171309,85022,117,Tier 1,Low,Average,5,Call,No Response,Call,32693
SFL103628,463352,355681,84,Tier 1,Medium,Poor,11,Call,No Response,Call,0
SFL103629,21652,14837,63,Tier 3,Low,Average,3,Call,No Response,Field,5235
SFL103630,118569,89524,219,Tier 3,Low,Average,12,Call,Refused,Legal,0
SFL103631,31519,20168,117,Tier 1,Low,Poor,3,Field,No Response,Call,0
SFL103632,305525,287319,63,Tier 2,Medium,Poor,6,Field,No Response,Field,0
SFL103633,140145,97512,356,Tier 3,Low,Average,9,Call,No Response,Field,0
SFL103634,12719,4992,3,Tier 1,Medium,Average,6,Call,Promised,Call,3543
SFL103635,42740,39080,151,Tier 1,Low,Good,11,Call,Paid,Call,0
SFL103636,66930,53595,758,Tier 1,Low,Average,6,Call,Promised,Field,0
SFL103637,227787,198392,144,Tier 1,Low,Good,14,Call,Paid,Field,145438
SFL103638,186576,169693,109,Tier 2,Low,Poor,9,Call,No Response,Call,0
SFL103639,34069,25121,809,Tier 1,Low,Average,19,Field,Paid,Legal,0
SFL103640,23743,13396,88,Tier 1,Low,Average,6,Call,Paid,Field,3774
SFL103641,60324,47573,60,Tier 3,High,Good,8,Call,Paid,Field,47118
SFL103642,80138,33104,42,Tier 2,Medium,Average,10,Call,No Response,Field,17058
SFL103643,112105,63157,105,Tier 1,Medium,Average,9,Legal,Paid,Field,24513
SFL103644,72991,49111,53,Tier 3,Low,Good,6,Field,Paid,Call,45727
SFL103645,318595,303183,16,Tier 3,Medium,Average,11,Field,No Response,Call,0
SFL103646,323722,148291,266,Tier 1,High,Good,9,Field,Refused,Call,0
SFL103647,245918,115295,214,Tier 3,Medium,Good,5,Call,Paid,Call,88499
SFL103648,74002,43031,95,Tier 3,Medium,Good,2,Call,No Response,Field,30840
SFL103649,288145,228263,123,Tier 2,Medium,Poor,9,Call,No Response,Field,76947
SFL103650,30908,20394,182,Tier 2,Low,Poor,6,Legal,No Response,Call,0
SFL103651,208301,70780,150,Tier 2,Low,Poor,16,Call,No Response,Legal,0
SFL103652,36642,24410,112,Tier 2,Low,Poor,6,Call,No Response,Field,0
SFL103653,593000,297306,109,Tier 3,Medium,Average,5,Field,Promised,Field,255029
SFL103654,52129,36902,69,Tier 2,Low,Poor,2,Call,Promised,Field,6909
SFL103655,29982,19406,116,Tier 1,Low,Average,4,Call,Paid,Call,0
SFL103656,205999,146024,193,Tier 2,Medium,Average,1,Call,Promised,Field,32444
SFL103657,17414,8021,266,Tier 3,Medium,Good,4,Call,Paid,Field,6468
SFL103658,687795,555608,216,Tier 2,Low,Good,5,Call,Refused,Field,0
SFL103659,192549,111867,142,Tier 2,High,Poor,4,Call,No Response,Call,0
SFL103660,21171,9568,142,Tier 1,High,Average,7,Call,Refused,Call,0
SFL103661,204065,91241,109,Tier 1,Low,Poor,15,Legal,No Response,Legal,0
SFL103662,42362,15138,12,Tier 3,Medium,Poor,19,Legal,No Response,Call,0
SFL103663,43555,41846,346,Tier 3,Medium,Average,2,Call,Promised,Field,17225
SFL103664,450881,171092,46,Tier 2,High,Poor,3,Call,No Response,Field,28715
SFL103665,145437,116159,410,Tier 1,Low,Poor,5,Call,Refused,Call,0
SFL103666,88327,39980,74,Tier 1,High,Good,14,Call,Paid,Call,21388
SFL103667,1199394,449966,1,Tier 2,Low,Poor,5,Legal,No Response,Call,0
SFL103668,696154,388810,35,Tier 1,Low,Average,4,Call,No Response,Field,0
SFL103669,56144,39775,362,Tier 1,High,Good,7,Call,Paid,Call,0
SFL103670,68632,62344,181,Tier 2,High,Average,11,Call,Refused,Field,28349
SFL103671,1129106,1061865,175,Tier 1,Low,Poor,8,Legal,Promised,Call,0
SFL103672,26941,10041,187,Tier 2,Low,Poor,1,Call,Refused,Call,0
SFL103673,27814,26302,231,Tier 3,Medium,Average,7,Call,Refused,Field,0
SFL103674,34170,11776,349,Tier 3,Low,Good,20,Call,Promised,Call,0
SFL103675,848400,430787,82,Tier 2,Low,Average,3,Call,Paid,Call,358540
SFL103676,847108,593071,145,Tier 1,Medium,Poor,10,Call,No Response,Field,0
SFL103677,197660,170653,807,Tier 1,Low,Good,3,Legal,Promised,Legal,0
SFL103678,111041,56598,11,Tier 2,Low,Average,5,Field,No Response,Field,0
SFL103679,151904,127254,118,Tier 2,Low,Poor,5,Field,No Response,Call,0
SFL103680,53607,18166,137,Tier 1,High,Average,3,Legal,Promised,Call,0
SFL103681,347950,286072,40,Tier 1,Low,Average,3,Call,No Response,Call,0
SFL103682,43489,23251,361,Tier 2,Low,Average,5,Call,No Response,Call,8602
SFL103683,17375,11290,376,Tier 3,High,Average,6,Call,No Response,Legal,0
SFL103684,54259,44024,53,Tier 2,High,Poor,8,Call,Promised,Call,0
SFL103685,121340,81264,673,Tier 2,Low,Good,5,Field,No Response,Legal,0
SFL103686,67902,65076,25,Tier 2,Medium,Average,13,Call,Refused,Call,0
SFL103687,68597,60027,387,Tier 3,Low,Average,1,Field,Promised,Field,0
SFL103688,211024,108357,27,Tier 1,Medium,Average,4,Call,Promised,Field,35825
SFL103689,587897,535698,61,Tier 2,Medium,Poor,10,Field,No Response,Call,0
SFL103690,51287,16446,170,Tier 3,Low,Poor,9,Field,Promised,Legal,6719
SFL103691,270076,124016,5,Tier 1,High,Good,7,Call,No Response,Call,63597
SFL103692,185981,168576,283,Tier 2,Low,Average,8,Call,Promised,Field,83433
SFL103693,176008,150880,129,Tier 3,Low,Average,2,Call,Refused,Call,0
SFL103694,743716,420082,551,Tier 1,Medium,Average,5,Call,Refused,Call,0
SFL103695,472878,367417,255,Tier 1,High,Good,5,Call,Promised,Call,279193
SFL103696,27154,16619,191,Tier 3,Medium,Average,1,Field,No Response,Field,0
SFL103697,25991,19256,115,Tier 3,Medium,Poor,1,Call,Promised,Call,0
SFL103698,66521,28015,381,Tier 2,Medium,Average,13,Field,Promised,Field,0
SFL103699,68277,21659,37,Tier 2,Low,Average,7,Call,Paid,Field,13818
SFL103700,31736,25262,164,Tier 1,Low,Poor,8,Call,Paid,Field,0
SFL103701,30710,9688,710,Tier 1,Medium,Average,9,Legal,Promised,Legal,0
SFL103702,552635,502751,618,Tier 1,Medium,Poor,6,Field,No Response,Legal,0
SFL103703,121885,90784,159,Tier 3,Medium,Poor,10,Call,Refused,Call,0
SFL103704,60241,53651,103,Tier 2,High,Average,5,Call,No Response,Field,14083
SFL103705,70401,31528,18,Tier 2,Low,Poor,1,Field,Promised,Call,5066
SFL103706,12276,9145,111,Tier 3,Medium,Poor,7,Call,Promised,Call,3159
SFL103707,22477,11136,286,Tier 1,Medium,Average,19,Call,No Response,Call,0
SFL103708,15624,8701,312,Tier 2,Medium,Average,3,Field,Promised,Field,6813
SFL103709,307167,220328,558,Tier 3,Medium,Good,4,Call,Promised,Legal,0
SFL103710,66514,59383,570,Tier 3,Medium,Average,4,Legal,Promised,Call,0
SFL103711,844707,294387,157,Tier 2,Medium,Average,7,Legal,Promised,Field,96942
SFL103712,36737,18400,14,Tier 2,Medium,Good,5,Field,Promised,Field,9314
SFL103713,1121911,644263,649,Tier 2,Medium,Good,10,Field,Promised,Legal,0
SFL103714,26595,10679,338,Tier 2,Low,Poor,6,Call,No Response,Call,0
SFL103715,70928,65592,28,Tier 2,Low,Poor,8,Field,Paid,Call,0
SFL103716,70574,55313,243,Tier 2,Low,Poor,3,Call,No Response,Field,0
SFL103717,913523,348382,255,Tier 2,Low,Average,10,Call,Promised,Call,0
SFL103718,20579,19544,248,Tier 2,Low,Average,9,Call,Refused,Field,0
SFL103719,91202,78648,269,Tier 2,Medium,Good,5,Call,Paid,Field,52856
SFL103720,280273,239611,167,Tier 1,Medium,Poor,5,Call,Promised,Field,140412
SFL103721,1052470,558889,662,Tier 2,Medium,Average,9,Field,Promised,Legal,0
SFL103722,1091340,800491,79,Tier 1,Medium,Good,5,Call,Paid,Call,433754
SFL103723,54059,22929,127,Tier 1,Low,Average,11,Call,Promised,Legal,0
SFL103724,53730,49334,187,Tier 2,Low,Poor,7,Call,Paid,Field,0
SFL103725,909020,843169,41,Tier 2,Medium,Average,3,Call,Promised,Call,0
SFL103726,51366,41564,127,Tier 2,High,Average,5,Call,Promised,Call,29219
SFL103727,65312,45571,342,Tier 1,Medium,Good,7,Call,Promised,Call,0
SFL103728,48435,29055,712,Tier 1,Low,Average,15,Field,Promised,Legal,0
SFL103729,35685,15471,61,Tier 3,Medium,Good,6,Call,Promised,Call,10851
SFL103730,15461,7733,623,Tier 1,High,Average,5,Call,No Response,Field,0
SFL103731,155449,110290,159,Tier 3,High,Average,2,Field,No Response,Field,0
SFL103732,64723,62723,97,Tier 3,Medium,Good,2,Field,Paid,Field,31766
SFL103733,12241,10921,169,Tier 2,High,Good,4,Call,Refused,Field,1809
SFL103734,856762,798537,56,Tier 3,Low,Average,8,Field,No Response,Call,544001
SFL103735,82096,28752,17,Tier 1,Medium,Average,2,Call,No Response,Legal,0
SFL103736,314206,161459,231,Tier 3,Low,Average,1,Call,Promised,Field,102356
SFL103737,1039833,567171,181,Tier 1,Medium,Good,1,Call,Paid,Call,324544
SFL103738,73788,50936,457,Tier 2,Medium,Poor,14,Field,No Response,Call,0
SFL103739,275356,206146,199,Tier 2,High,Average,7,Field,Refused,Field,0
SFL103740,221095,164881,220,Tier 3,Medium,Average,4,Legal,No Response,Call,0
SFL103741,569463,238620,359,Tier 3,Low,Poor,2,Call,No Response,Legal,0
SFL103742,696373,546640,329,Tier 1,Medium,Poor,6,Field,Promised,Field,0
SFL103743,97942,59834,98,Tier 1,Medium,Poor,5,Field,Refused,Call,14267
SFL103744,22804,18971,94,Tier 1,Low,Average,4,Field,No Response,Call,0
SFL103745,951145,390092,39,Tier 3,Low,Average,2,Call,No Response,Field,0
SFL103746,236272,143829,182,Tier 2,Low,Poor,8,Field,Refused,Field,0
SFL103747,994351,455396,883,Tier 3,Low,Poor,1,Call,Refused,Call,0
SFL103748,36684,30713,267,Tier 3,High,Good,3,Field,Refused,Call,0
SFL103749,15745,9824,46,Tier 2,Low,Good,9,Call,Promised,Field,5058
SFL103750,47279,23337,23,Tier 3,Low,Poor,10,Call,Promised,Legal,0
SFL103751,302254,180502,118,Tier 2,Medium,Poor,19,Field,No Response,Call,0
SFL103752,179241,92040,456,Tier 1,Medium,Poor,3,Field,No Response,Legal,0
SFL103753,38024,28372,51,Tier 3,Low,Average,2,Field,Promised,Field,21034
SFL103754,35791,12939,362,Tier 1,Medium,Poor,4,Field,Paid,Legal,0
SFL103755,37499,19611,24,Tier 1,Low,Average,4,Call,Paid,Legal,0
SFL103756,13477,8143,83,Tier 3,High,Average,17,Call,No Response,Field,0
SFL103757,42796,23472,153,Tier 3,Medium,Good,4,Legal,Promised,Field,21449
SFL103758,32209,19981,169,Tier 2,High,Average,10,Call,Refused,Field,0
SFL103759,159833,82985,292,Tier 1,Medium,Average,1,Call,Promised,Call,0
SFL103760,943705,369763,709,Tier 1,High,Average,3,Call,Refused,Call,143555
SFL103761,461086,407766,191,Tier 3,Low,Poor,8,Call,No Response,Call,0
SFL103762,33834,31571,289,Tier 2,Low,Poor,16,Call,Refused,Field,0
SFL103763,346055,191078,173,Tier 2,Medium,Average,15,Call,Promised,Field,0
SFL103764,22690,6927,173,Tier 3,Low,Average,4,Call,No Response,Call,0
SFL103765,619267,415666,20,Tier 3,Medium,Average,14,Field,Paid,Field,348155
SFL103766,301193,230245,157,Tier 2,Low,Poor,10,Call,No Response,Call,0
SFL103767,52423,17877,91,Tier 1,High,Poor,7,Call,No Response,Call,0
SFL103768,57934,40926,33,Tier 2,Medium,Average,5,Call,No Response,Field,0
SFL103769,19654,14380,68,Tier 3,Medium,Poor,17,Legal,Refused,Call,0
SFL103770,70860,27063,21,Tier 3,Medium,Poor,17,Call,Promised,Field,0
SFL103771,346157,294143,124,Tier 3,Medium,Average,4,Legal,No Response,Call,0
SFL103772,620790,464491,187,Tier 2,Medium,Good,18,Field,Promised,Call,0
SFL103773,295640,227239,312,Tier 2,Low,Average,7,Field,Promised,Legal,0
SFL103774,59276,23232,45,Tier 3,Low,Poor,15,Call,Refused,Field,0
SFL103775,156613,115669,345,Tier 3,Medium,Poor,14,Call,No Response,Field,0
SFL103776,63879,33669,238,Tier 2,Low,Average,7,Call,No Response,Field,0
SFL103777,26911,18770,712,Tier 2,Low,Average,1,Call,Paid,Call,0
SFL103778,670092,605883,144,Tier 2,Medium,Average,7,Field,Paid,Field,0
SFL103779,38633,26665,573,Tier 2,Medium,Average,6,Field,No Response,Legal,0
SFL103780,225735,202938,198,Tier 1,Low,Average,19,Legal,No Response,Call,0
SFL103781,16317,6243,199,Tier 3,Low,Good,4,Call,No Response,Field,4025
SFL103782,191320,73915,881,Tier 3,Medium,Poor,7,Call,No Response,Legal,0
SFL103783,339287,117863,841,Tier 3,High,Average,6,Call,Refused,Legal,0
SFL103784,203621,116035,288,Tier 1,Low,Average,6,Call,Promised,Call,0
SFL103785,56360,37814,148,Tier 2,Low,Average,15,Call,Refused,Field,0
SFL103786,63237,32982,97,Tier 2,Low,Poor,3,Field,Refused,Call,0
SFL103787,1033783,576101,112,Tier 2,Low,Poor,13,Call,Paid,Call,0
SFL103788,52679,18907,67,Tier 1,Medium,Poor,3,Field,Promised,Call,0
SFL103789,311339,262957,90,Tier 2,Low,Good,2,Legal,Promised,Call,163923
SFL103790,50669,35008,310,Tier 3,Low,Average,4,Call,No Response,Field,0
SFL103791,222221,125538,129,Tier 2,Low,Good,4,Call,No Response,Legal,0
SFL103792,107985,38136,247,Tier 3,High,Poor,3,Field,No Response,Field,0
SFL103793,87175,64364,180,Tier 2,Medium,Poor,6,Call,Refused,Field,0
SFL103794,567148,458407,102,Tier 1,Low,Poor,2,Call,Refused,Call,0
SFL103795,1031223,546899,174,Tier 3,High,Average,2,Call,Promised,Field,322447
SFL103796,255805,97431,615,Tier 2,Medium,Good,9,Call,Paid,Field,0
SFL103797,12688,4487,35,Tier 2,High,Poor,6,Call,No Response,Legal,0
SFL103798,192584,165316,36,Tier 2,Low,Average,2,Call,Paid,Field,139451
SFL103799,1038033,865868,72,Tier 3,High,Poor,1,Call,Promised,Call,0
SFL103800,460003,443195,51,Tier 2,Medium,Poor,11,Call,No Response,Call,0
SFL103801,26738,14462,150,Tier 2,High,Average,2,Field,No Response,Call,6089
SFL103802,46285,42613,25,Tier 2,Low,Average,2,Field,Paid,Field,28902
SFL103803,255808,129960,131,Tier 3,Low,Average,6,Call,No Response,Field,0
SFL103804,329186,257354,479,Tier 3,Low,Average,6,Call,Refused,Legal,0
SFL103805,27237,19749,208,Tier 2,Low,Poor,7,Call,No Response,Legal,0
SFL103806,577521,350777,123,Tier 2,Medium,Average,4,Field,Paid,Field,73363
SFL103807,334175,321278,93,Tier 3,Low,Poor,1,Call,Promised,Legal,0
SFL103808,867959,274758,75,Tier 2,Low,Poor,5,Call,No Response,Call,0
SFL103809,275560,203680,44,Tier 3,Medium,Good,6,Call,Promised,Field,201951
SFL103810,55363,23810,53,Tier 2,Low,Average,3,Field,No Response,Call,16158
SFL103811,59485,21721,242,Tier 1,High,Average,4,Call,Promised,Call,0
SFL103812,149470,95251,454,Tier 3,Medium,Poor,1,Call,No Response,Legal,0
SFL103813,737219,457517,103,Tier 2,Low,Poor,7,Call,Refused,Field,92442
SFL103814,307357,240459,162,Tier 1,Low,Good,5,Call,Promised,Field,0
SFL103815,62622,34645,78,Tier 3,High,Average,3,Call,No Response,Field,30226
SFL103816,535215,260367,117,Tier 2,Low,Poor,4,Call,Refused,Field,0
SFL103817,67597,28121,317,Tier 2,Low,Poor,2,Legal,No Response,Call,0
SFL103818,600250,432159,47,Tier 2,Medium,Average,8,Call,Promised,Call,107592
SFL103819,38903,36875,78,Tier 2,Low,Average,17,Field,Paid,Field,17258
SFL103820,99626,76809,131,Tier 3,Low,Poor,4,Field,Refused,Call,0
SFL103821,180937,154814,789,Tier 3,Low,Poor,6,Field,No Response,Call,0
SFL103822,66962,31205,79,Tier 1,Low,Good,5,Field,No Response,Legal,0
SFL103823,1021841,361646,786,Tier 2,High,Poor,6,Legal,No Response,Call,0
SFL103824,218539,84848,71,Tier 2,Medium,Poor,16,Call,No Response,Legal,0
SFL103825,133945,63844,601,Tier 1,Medium,Poor,3,Call,Promised,Legal,0
SFL103826,763682,252273,121,Tier 3,High,Good,1,Call,Paid,Field,243502
SFL103827,44573,39497,297,Tier 2,Medium,Average,1,Call,Refused,Call,0
SFL103828,23353,9669,110,Tier 1,High,Good,5,Call,Paid,Field,5597
SFL103829,302716,214359,380,Tier 1,Low,Poor,3,Legal,Promised,Legal,0
SFL103830,144425,87568,82,Tier 3,Low,Average,6,Call,Paid,Call,55092
SFL103831,912363,484098,108,Tier 3,High,Poor,4,Field,No Response,Legal,0
SFL103832,279675,202029,79,Tier 2,Medium,Average,4,Legal,Promised,Call,133936
SFL103833,928898,320746,561,Tier 2,Medium,Average,5,Field,Paid,Legal,0
SFL103834,52493,42900,295,Tier 1,Medium,Average,10,Field,No Response,Call,32953
SFL103835,494240,151178,296,Tier 1,Medium,Poor,10,Call,No Response,Field,0
SFL103836,171165,164144,33,Tier 1,Low,Good,19,Call,Refused,Call,0
SFL103837,327214,210344,127,Tier 3,Medium,Average,10,Field,No Response,Legal,0
SFL103838,41609,13860,67,Tier 3,High,Poor,8,Call,Promised,Call,0
SFL103839,238597,112261,636,Tier 3,High,Average,10,Call,Promised,Call,45391
SFL103840,126347,118681,195,Tier 3,Medium,Good,4,Legal,Refused,Legal,53723
SFL103841,27476,23718,7,Tier 1,Medium,Poor,9,Field,Promised,Call,11075
SFL103842,58190,51692,298,Tier 2,Low,Average,10,Field,Paid,Call,0
SFL103843,17542,14765,84,Tier 2,Low,Good,6,Call,Promised,Call,0
SFL103844,57733,29692,70,Tier 1,Low,Poor,8,Call,Refused,Field,0
SFL103845,66711,41108,306,Tier 3,Medium,Poor,18,Call,Promised,Field,0
SFL103846,347985,291427,27,Tier 2,Low,Good,1,Call,Paid,Field,194546
SFL103847,74134,58419,135,Tier 2,Medium,Poor,9,Legal,No Response,Call,0
SFL103848,15148,13721,178,Tier 2,Medium,Average,1,Call,No Response,Field,0
SFL103849,457819,174392,104,Tier 2,Low,Average,3,Call,Promised,Field,0
SFL103850,84329,74034,141,Tier 2,Low,Average,7,Call,No Response,Field,0
SFL103851,18760,17048,59,Tier 3,High,Poor,8,Field,No Response,Field,0
SFL103852,251483,147675,712,Tier 2,Medium,Average,1,Field,No Response,Field,0
SFL103853,22921,20559,245,Tier 3,Low,Average,4,Call,No Response,Call,0
SFL103854,10218,8986,316,Tier 2,Medium,Average,10,Call,Promised,Field,0
SFL103855,53121,43532,197,Tier 2,High,Poor,13,Call,Paid,Call,20040
SFL103856,47399,14904,85,Tier 2,Medium,Average,3,Call,No Response,Legal,10119
SFL103857,154614,119187,90,Tier 2,High,Good,1,Call,Paid,Field,78858
SFL103858,30069,9057,276,Tier 2,Low,Good,4,Call,No Response,Field,0
SFL103859,11775,9247,121,Tier 2,High,Poor,2,Call,Promised,Call,0
SFL103860,11374,8704,35,Tier 3,Low,Poor,9,Call,Refused,Field,0
SFL103861,121626,42936,261,Tier 3,Low,Good,4,Call,No Response,Field,20493
SFL103862,77278,41576,311,Tier 1,Low,Poor,2,Call,Refused,Legal,0
SFL103863,166242,55135,28,Tier 1,Medium,Average,3,Legal,No Response,Call,0
SFL103864,64071,37239,20,Tier 1,Low,Average,18,Call,Promised,Call,0
SFL103865,53548,47527,17,Tier 3,High,Poor,6,Field,Refused,Call,0
SFL103866,58441,44649,113,Tier 2,Low,Average,8,Call,Refused,Call,0
SFL103867,84742,52737,289,Tier 2,Low,Average,15,Call,Refused,Field,0
SFL103868,852912,827323,29,Tier 3,Low,Poor,7,Call,Refused,Call,0
SFL103869,37352,28533,329,Tier 3,Medium,Average,10,Field,No Response,Field,19681
SFL103870,595675,429334,36,Tier 2,Low,Average,5,Legal,No Response,Call,0
SFL103871,329045,239205,140,Tier 2,Medium,Poor,7,Field,No Response,Field,0
SFL103872,45453,27669,3,Tier 3,Low,Average,5,Legal,Promised,Field,16491
SFL103873,959057,376822,203,Tier 3,High,Average,9,Call,No Response,Field,110736
SFL103874,57215,52399,356,Tier 2,Medium,Average,3,Field,Refused,Call,0
SFL103875,804240,513981,82,Tier 2,Low,Good,9,Call,Promised,Call,301519
SFL103876,177322,101683,317,Tier 2,Medium,Good,5,Legal,Promised,Field,85795
SFL103877,1030090,877009,303,Tier 2,High,Poor,6,Legal,Refused,Legal,0
SFL103878,59527,45987,147,Tier 2,Low,Poor,4,Field,Refused,Call,0
SFL103879,551127,293335,124,Tier 2,High,Average,8,Field,Promised,Call,0
SFL103880,272250,209103,126,Tier 1,High,Poor,8,Legal,Promised,Call,23864
SFL103881,14346,7222,420,Tier 1,Low,Average,5,Call,Promised,Field,0
SFL103882,84677,51730,96,Tier 2,High,Poor,7,Call,No Response,Field,0
SFL103883,856479,548719,353,Tier 3,Low,Poor,16,Call,No Response,Field,0
SFL103884,88024,27794,300,Tier 1,Low,Average,3,Call,Refused,Field,0
SFL103885,306854,231617,95,Tier 2,Medium,Good,7,Call,No Response,Field,135590
SFL103886,982249,940712,109,Tier 2,Low,Average,4,Field,Paid,Legal,0
SFL103887,32294,22944,427,Tier 2,Low,Average,5,Call,Promised,Field,6375
SFL103888,167576,95819,514,Tier 3,Medium,Average,9,Call,Promised,Field,0
SFL103889,84935,42945,15,Tier 1,Low,Poor,2,Field,Refused,Call,0
SFL103890,643778,485789,100,Tier 3,Medium,Average,5,Legal,Refused,Field,274433
SFL103891,11989,8602,298,Tier 1,Low,Good,2,Call,Promised,Call,5759
SFL103892,40311,32756,345,Tier 2,Medium,Average,14,Call,Promised,Field,0
SFL103893,151834,75061,372,Tier 2,Medium,Poor,1,Call,No Response,Legal,0
SFL103894,76035,30084,267,Tier 1,High,Average,6,Call,Refused,Call,0
SFL103895,149540,124647,17,Tier 2,Low,Average,3,Call,Promised,Field,60035
SFL103896,62904,45971,2,Tier 2,High,Average,1,Field,No Response,Field,0
SFL103897,332481,270673,892,Tier 2,Medium,Poor,20,Call,Promised,Legal,41322
SFL103898,70328,55635,161,Tier 1,High,Good,10,Call,Refused,Call,27779
SFL103899,45148,31491,208,Tier 3,Medium,Average,7,Call,Promised,Field,24261
SFL103900,292740,270583,167,Tier 2,Low,Poor,9,Field,Promised,Field,0
SFL103901,33905,32601,102,Tier 3,Low,Good,8,Field,Paid,Field,23646
SFL103902,72142,35881,125,Tier 2,Low,Poor,2,Field,Paid,Field,0
SFL103903,70151,38838,158,Tier 2,Low,Average,4,Call,No Response,Call,0
SFL103904,19934,17024,23,Tier 1,Low,Good,4,Call,Promised,Call,16961
SFL103905,140502,123980,45,Tier 3,Medium,Average,11,Call,Paid,Call,0
SFL103906,58048,27314,174,Tier 2,Medium,Good,2,Field,Paid,Field,22216
SFL103907,448461,324529,18,Tier 3,Low,Average,4,Call,Paid,Field,207951
SFL103908,858838,586442,870,Tier 1,Medium,Average,2,Field,Promised,Legal,117971
SFL103909,158175,58326,380,Tier 3,Medium,Poor,19,Field,Refused,Field,0
SFL103910,103849,45182,94,Tier 3,Medium,Poor,12,Call,Paid,Field,0
SFL103911,317569,110162,43,Tier 2,Medium,Poor,4,Call,No Response,Call,0
SFL103912,745975,464198,490,Tier 2,Low,Average,5,Field,Paid,Legal,285631
SFL103913,63382,47104,440,Tier 3,Low,Good,10,Call,Promised,Field,0
SFL103914,478756,435650,72,Tier 2,Low,Poor,4,Field,No Response,Field,0
SFL103915,300987,205277,312,Tier 2,Low,Poor,17,Call,Promised,Call,0
SFL103916,297317,143152,48,Tier 1,Low,Average,4,Field,No Response,Call,121916
SFL103917,341209,172253,113,Tier 2,Medium,Average,12,Legal,Promised,Legal,0
SFL103918,205939,151403,33,Tier 3,Medium,Average,8,Call,Paid,Field,117707
SFL103919,1182830,911907,201,Tier 2,Medium,Good,7,Call,Paid,Field,587853
SFL103920,190663,90729,48,Tier 2,Medium,Average,4,Call,No Response,Call,0
SFL103921,1127121,1018543,313,Tier 1,Low,Average,1,Call,No Response,Call,0
SFL103922,683711,258353,421,Tier 2,Low,Poor,1,Call,Refused,Legal,0
SFL103923,218900,171205,168,Tier 3,Medium,Average,4,Field,No Response,Field,94843
SFL103924,33237,21171,336,Tier 3,Medium,Good,4,Legal,Promised,Field,14423
SFL103925,44006,34938,144,Tier 1,Low,Average,2,Call,Promised,Call,16889
SFL103926,170653,148679,165,Tier 1,High,Poor,9,Field,Refused,Call,62332
SFL103927,612619,257120,85,Tier 1,High,Poor,11,Call,Promised,Call,0
SFL103928,12193,9966,168,Tier 2,Medium,Average,5,Call,No Response,Field,4872
SFL103929,129093,79664,150,Tier 2,Medium,Average,19,Field,Promised,Field,69752
SFL103930,311152,254087,267,Tier 1,High,Poor,10,Call,No Response,Call,0
SFL103931,255550,210055,133,Tier 2,Low,Average,8,Call,No Response,Field,0
SFL103932,19064,14373,21,Tier 2,Low,Average,6,Field,Refused,Call,0
SFL103933,71187,36908,618,Tier 2,Low,Average,4,Call,Promised,Legal,15549
SFL103934,55355,26455,123,Tier 3,Medium,Good,5,Field,No Response,Call,6909
SFL103935,53846,46938,6,Tier 3,Medium,Poor,3,Call,No Response,Call,0
SFL103936,165230,116890,107,Tier 3,High,Average,10,Call,Paid,Field,59326
SFL103937,329129,259319,51,Tier 2,Low,Poor,7,Call,Promised,Call,0
SFL103938,189659,107265,111,Tier 1,Low,Poor,6,Call,No Response,Field,0
SFL103939,28708,27693,106,Tier 1,Low,Average,1,Field,Promised,Call,6020
SFL103940,24207,12127,876,Tier 3,Medium,Good,1,Field,Paid,Field,11299
SFL103941,213110,104888,139,Tier 2,Medium,Poor,6,Call,No Response,Field,0
SFL103942,1012037,810404,473,Tier 3,Low,Poor,5,Call,Refused,Call,0
SFL103943,22047,16533,278,Tier 3,Low,Poor,9,Call,No Response,Call,0
SFL103944,58079,29588,45,Tier 3,Medium,Average,9,Field,Promised,Call,0
SFL103945,161946,95864,47,Tier 3,Low,Poor,5,Call,No Response,Call,0
SFL103946,20284,16014,814,Tier 2,Low,Poor,7,Field,No Response,Call,0
SFL103947,59486,55387,801,Tier 3,Low,Poor,10,Call,No Response,Legal,0
SFL103948,199512,101319,825,Tier 2,Low,Good,5,Call,No Response,Field,0
SFL103949,240482,201584,24,Tier 1,Low,Good,5,Field,No Response,Call,0
SFL103950,881106,444963,136,Tier 3,Low,Poor,9,Call,No Response,Call,0
SFL103951,47284,35564,340,Tier 1,Low,Poor,9,Call,Refused,Field,0
SFL103952,266522,177489,278,Tier 1,Low,Poor,4,Field,Promised,Field,0
SFL103953,276971,111669,121,Tier 3,Low,Average,14,Call,No Response,Field,0
SFL103954,219977,111162,275,Tier 1,Low,Poor,19,Call,Paid,Field,0
SFL103955,19445,18279,154,Tier 2,Low,Poor,2,Field,No Response,Call,0
SFL103956,345705,283685,750,Tier 1,Medium,Poor,5,Call,Promised,Legal,0
SFL103957,80810,26931,164,Tier 1,High,Poor,5,Field,No Response,Call,0
SFL103958,64732,31728,349,Tier 2,Medium,Poor,7,Field,Promised,Field,0
SFL103959,53938,38856,145,Tier 1,High,Average,10,Call,Promised,Call,16439
SFL103960,68198,28787,133,Tier 2,Low,Good,5,Call,No Response,Field,8060
SFL103961,236493,145009,45,Tier 1,Low,Average,15,Call,Refused,Call,0
SFL103962,1125030,587726,187,Tier 1,Low,Good,5,Call,Refused,Call,0
SFL103963,68018,44925,22,Tier 2,Low,Good,8,Call,Promised,Field,25991
SFL103964,324695,298329,76,Tier 1,Low,Poor,1,Call,Refused,Call,0
SFL103965,58980,20958,338,Tier 2,Low,Good,5,Call,Paid,Field,14026
SFL103966,51535,30313,155,Tier 1,Medium,Average,9,Legal,No Response,Legal,0
SFL103967,166213,160672,119,Tier 3,Low,Poor,20,Field,Refused,Field,0
SFL103968,1066497,373830,715,Tier 2,Low,Good,5,Legal,Paid,Call,0
SFL103969,406360,317889,75,Tier 1,High,Average,6,Call,Paid,Call,237748
SFL103970,849293,616698,61,Tier 3,High,Poor,6,Call,Refused,Field,0
SFL103971,51024,22300,116,Tier 3,Low,Average,2,Legal,Refused,Field,3876
SFL103972,47318,25245,604,Tier 2,Medium,Poor,4,Legal,Paid,Field,0
SFL103973,43299,40353,161,Tier 2,Low,Average,11,Call,No Response,Call,0
SFL103974,68515,21997,31,Tier 2,Medium,Average,20,Call,No Response,Field,0
SFL103975,225352,194092,335,Tier 2,Low,Good,8,Field,No Response,Legal,75239
SFL103976,10355,6533,334,Tier 1,Medium,Poor,18,Legal,Refused,Call,0
SFL103977,1140049,774999,264,Tier 1,High,Average,7,Call,Paid,Call,527149
SFL103978,30545,14184,353,Tier 1,Low,Average,5,Field,Promised,Call,11032
SFL103979,47188,16737,63,Tier 2,High,Average,18,Field,Refused,Call,9754
SFL103980,21701,20387,39,Tier 2,Low,Poor,5,Field,Refused,Call,0
SFL103981,467222,166590,579,Tier 1,Low,Average,11,Call,Refused,Call,0
SFL103982,312191,230446,88,Tier 3,Low,Average,6,Legal,Paid,Field,195977
SFL103983,658261,253205,167,Tier 2,Low,Poor,3,Call,Promised,Legal,0
SFL103984,68596,60881,91,Tier 2,Medium,Good,10,Call,No Response,Call,48905
SFL103985,294081,105413,244,Tier 3,Low,Average,13,Call,No Response,Field,0
SFL103986,219193,143942,447,Tier 1,Low,Average,18,Call,No Response,Legal,0
SFL103987,61946,54355,37,Tier 2,Low,Average,16,Field,No Response,Legal,0
SFL103988,795756,587042,276,Tier 2,Low,Average,5,Field,Promised,Field,502098
SFL103989,19012,14610,169,Tier 1,Low,Poor,1,Legal,Promised,Field,0
SFL103990,335959,149975,11,Tier 2,Medium,Average,5,Field,Refused,Field,26410
SFL103991,127208,88946,22,Tier 2,Low,Good,9,Call,No Response,Field,75671
SFL103992,70524,32442,531,Tier 1,Low,Poor,6,Call,Refused,Call,0
SFL103993,652539,430878,140,Tier 1,High,Poor,3,Field,Refused,Call,0
SFL103994,66323,57347,82,Tier 3,Medium,Poor,1,Legal,No Response,Call,0
SFL103995,57287,54756,200,Tier 3,Low,Average,11,Field,Paid,Field,0
SFL103996,440368,224840,866,Tier 2,Low,Poor,20,Call,No Response,Call,0
SFL103997,14568,12160,309,Tier 2,Medium,Poor,10,Call,No Response,Call,0
SFL103998,1062699,672613,80,Tier 2,Low,Average,4,Field,No Response,Legal,0
SFL103999,70299,65145,255,Tier 3,Low,Poor,9,Call,No Response,Field,0
SFL104000,134061,120593,337,Tier 1,Medium,Good,3,Call,Paid,Call,85961
SFL104001,341891,118873,42,Tier 1,Medium,Poor,9,Call,No Response,Call,0
SFL104002,294904,186317,109,Tier 3,Low,Good,20,Call,Paid,Field,0
SFL104003,148669,129329,54,Tier 2,High,Poor,8,Call,Refused,Call,0
SFL104004,73056,23767,10,Tier 3,Medium,Poor,14,Field,No Response,Legal,0
SFL104005,209530,187647,29,Tier 1,Medium,Poor,6,Call,Paid,Legal,0
SFL104006,255897,121965,582,Tier 1,High,Poor,2,Field,No Response,Call,32325
SFL104007,264156,180757,401,Tier 2,High,Average,4,Field,No Response,Field,59373
SFL104008,857250,336959,117,Tier 2,Medium,Poor,3,Call,No Response,Field,0
SFL104009,56522,28175,265,Tier 1,High,Average,7,Call,Paid,Call,15552
SFL104010,1040965,768524,220,Tier 3,Low,Good,14,Legal,Paid,Field,430705
SFL104011,149967,52783,146,Tier 1,Low,Poor,7,Field,No Response,Legal,0
SFL104012,323388,151768,117,Tier 1,Medium,Average,12,Call,Promised,Call,115969
SFL104013,10314,7410,17,Tier 3,Low,Average,4,Field,Refused,Field,4151
SFL104014,73702,56353,303,Tier 1,High,Poor,6,Field,Refused,Call,0
SFL104015,112151,43038,406,Tier 3,Medium,Poor,7,Field,No Response,Call,0
SFL104016,296225,264418,864,Tier 1,Medium,Poor,7,Field,No Response,Field,0
SFL104017,463226,349776,900,Tier 2,Medium,Average,3,Call,Promised,Field,0
SFL104018,44502,17688,723,Tier 1,Medium,Average,5,Legal,Promised,Call,0
SFL104019,33261,10929,36,Tier 1,Low,Poor,11,Call,Refused,Call,0
SFL104020,41056,29830,299,Tier 1,Low,Poor,8,Call,Promised,Call,0
SFL104021,93879,79976,135,Tier 2,Low,Average,6,Field,No Response,Field,0
SFL104022,977412,615349,352,Tier 3,Low,Poor,8,Call,No Response,Call,0
SFL104023,152499,59003,461,Tier 2,Medium,Average,12,Field,Paid,Field,0
SFL104024,173380,75731,540,Tier 3,Medium,Average,4,Field,Refused,Field,38926
SFL104025,738977,621725,97,Tier 2,Medium,Average,4,Field,No Response,Field,326390
SFL104026,244163,185324,324,Tier 1,High,Average,1,Field,No Response,Call,149849
SFL104027,56843,20099,332,Tier 3,Low,Good,4,Call,Promised,Call,0
SFL104028,186337,102826,285,Tier 2,Medium,Poor,1,Call,No Response,Field,0
SFL104029,41363,38381,174,Tier 1,Medium,Poor,2,Call,No Response,Call,0
SFL104030,12036,5036,162,Tier 2,High,Good,3,Legal,Paid,Field,4040
SFL104031,67168,63900,26,Tier 2,Low,Poor,1,Call,Refused,Call,0
SFL104032,168718,105076,10,Tier 1,Medium,Poor,7,Legal,Refused,Call,0
SFL104033,913689,370252,213,Tier 2,Medium,Poor,3,Call,Paid,Call,0
SFL104034,236968,178712,452,Tier 3,Low,Average,10,Call,No Response,Legal,0
SFL104035,260189,144749,59,Tier 3,Medium,Poor,3,Call,No Response,Call,0
SFL104036,1121986,440503,211,Tier 3,Low,Average,1,Call,Paid,Field,364057
SFL104037,337004,269552,55,Tier 1,Low,Poor,3,Call,Refused,Call,0
SFL104038,881669,304459,41,Tier 1,Low,Average,4,Call,Promised,Legal,110805
SFL104039,349385,194812,329,Tier 2,Medium,Average,7,Call,Promised,Field,0
SFL104040,567601,301942,830,Tier 3,Low,Poor,16,Call,No Response,Call,0
SFL104041,151189,113425,644,Tier 1,Medium,Poor,4,Field,No Response,Legal,0
SFL104042,51032,32323,253,Tier 1,Medium,Average,1,Call,No Response,Call,0
SFL104043,47621,38642,96,Tier 2,Low,Average,6,Field,No Response,Field,0
SFL104044,46853,19155,67,Tier 3,Medium,Good,18,Call,Promised,Field,14506
SFL104045,14420,4995,406,Tier 2,Medium,Poor,7,Field,No Response,Field,0
SFL104046,217356,75076,562,Tier 3,High,Average,10,Call,No Response,Field,0
SFL104047,123843,101987,172,Tier 1,Low,Good,20,Field,No Response,Call,60124
SFL104048,178828,82888,269,Tier 3,Low,Average,18,Field,No Response,Call,0
SFL104049,1130128,631520,43,Tier 2,Medium,Average,4,Call,Promised,Field,0
SFL104050,246930,85548,64,Tier 3,High,Average,1,Call,No Response,Field,48382
SFL104051,64788,38649,46,Tier 2,Medium,Good,3,Call,No Response,Field,13521
SFL104052,10247,8577,656,Tier 2,Low,Poor,2,Field,Refused,Call,0
SFL104053,62192,56739,549,Tier 3,High,Poor,11,Field,No Response,Legal,0
SFL104054,1181723,932711,134,Tier 3,Medium,Average,4,Call,Refused,Call,0
SFL104055,35335,11886,32,Tier 1,Low,Poor,5,Call,Refused,Call,0
SFL104056,54818,47642,238,Tier 3,Medium,Poor,5,Call,No Response,Field,0
SFL104057,198564,120227,161,Tier 1,High,Good,17,Call,Paid,Call,96493
SFL104058,304791,221946,205,Tier 1,Medium,Good,5,Legal,Paid,Legal,0
SFL104059,20330,7515,287,Tier 2,Low,Average,7,Field,No Response,Legal,0
SFL104060,539759,279529,56,Tier 3,Low,Average,2,Call,No Response,Field,0
SFL104061,1034624,828713,772,Tier 2,Medium,Good,10,Call,No Response,Call,0
SFL104062,11750,8409,91,Tier 3,High,Good,3,Call,Promised,Field,0
SFL104063,1159199,925470,134,Tier 2,Medium,Average,19,Field,No Response,Field,385973
SFL104064,62463,38320,244,Tier 1,Low,Poor,7,Call,Refused,Legal,0
SFL104065,172746,153432,305,Tier 2,Medium,Poor,20,Field,Promised,Call,0
SFL104066,21349,12085,273,Tier 1,Low,Poor,1,Legal,No Response,Legal,0
SFL104067,59054,25982,294,Tier 3,Low,Average,3,Call,No Response,Field,7952
SFL104068,49827,43906,285,Tier 3,Medium,Good,2,Call,Paid,Call,38072
SFL104069,110297,47090,192,Tier 2,Low,Average,7,Call,Promised,Field,0
SFL104070,705736,218884,179,Tier 2,Medium,Poor,10,Call,Refused,Call,0
SFL104071,18162,13203,256,Tier 2,Low,Average,8,Field,Refused,Field,0
SFL104072,52449,30620,210,Tier 1,Low,Average,2,Call,Promised,Legal,0
SFL104073,97954,69647,303,Tier 1,Medium,Poor,3,Field,Refused,Call,0
SFL104074,113114,84786,886,Tier 3,Low,Good,6,Call,Promised,Field,79748
SFL104075,332915,291457,51,Tier 3,Medium,Average,10,Field,Promised,Field,108780
SFL104076,927756,663548,109,Tier 3,High,Poor,7,Field,No Response,Field,0
SFL104077,34324,29958,267,Tier 2,Low,Average,4,Field,Promised,Field,8889
SFL104078,286250,170127,154,Tier 3,Low,Average,5,Field,Refused,Field,0
SFL104079,300271,198906,641,Tier 1,Medium,Good,13,Legal,Promised,Legal,0
SFL104080,251463,197918,73,Tier 2,Low,Poor,20,Field,Refused,Field,0
SFL104081,39939,16638,222,Tier 3,Medium,Average,7,Field,Promised,Field,0
SFL104082,70105,34987,30,Tier 1,Low,Average,2,Call,No Response,Legal,0
SFL104083,52315,34563,115,Tier 2,Low,Average,4,Call,Promised,Field,0
SFL104084,135234,125035,333,Tier 3,High,Poor,15,Field,Refused,Field,0
SFL104085,74917,41185,498,Tier 2,High,Good,13,Call,No Response,Field,11293
SFL104086,253243,82277,52,Tier 2,Low,Average,5,Call,No Response,Legal,0
SFL104087,1089417,603280,179,Tier 3,High,Average,2,Call,Refused,Field,209433
SFL104088,12215,8077,169,Tier 2,Medium,Poor,2,Call,Paid,Field,0
SFL104089,1129352,987746,82,Tier 2,Medium,Average,5,Call,No Response,Field,774864
SFL104090,619348,259166,291,Tier 2,Medium,Poor,10,Call,Paid,Call,0
SFL104091,919041,771859,262,Tier 3,High,Poor,6,Call,No Response,Call,0
SFL104092,52171,37521,85,Tier 2,Medium,Good,9,Call,Paid,Field,35640
SFL104093,68156,34579,55,Tier 3,High,Average,2,Call,Refused,Call,0
SFL104094,302100,274683,143,Tier 3,Medium,Poor,6,Call,No Response,Call,0
SFL104095,24687,14225,169,Tier 2,Medium,Good,6,Legal,Refused,Call,0
SFL104096,41058,28752,437,Tier 1,High,Poor,13,Call,No Response,Call,0
SFL104097,48918,37870,359,Tier 2,High,Poor,11,Field,Promised,Call,0
SFL104098,291395,100399,351,Tier 3,Low,Average,4,Call,Refused,Field,0
SFL104099,34413,12594,105,Tier 2,Medium,Poor,2,Field,Promised,Call,0
SFL104100,15505,8812,47,Tier 1,Low,Good,3,Legal,Paid,Legal,0
SFL104101,540092,327799,20,Tier 3,Medium,Average,14,Field,No Response,Field,0
SFL104102,271122,143272,188,Tier 1,Medium,Good,5,Call,Paid,Call,0
SFL104103,357059,238135,451,Tier 1,Medium,Average,1,Call,Promised,Legal,91094
SFL104104,39464,37393,134,Tier 2,High,Good,5,Field,Promised,Field,29948
SFL104105,346306,235030,143,Tier 2,Low,Average,3,Call,Promised,Field,0
SFL104106,345841,332356,354,Tier 3,High,Good,8,Call,Paid,Field,0
SFL104107,831085,737070,20,Tier 2,Medium,Poor,18,Call,No Response,Call,0
SFL104108,38166,24008,126,Tier 3,Medium,Poor,3,Legal,Promised,Field,9328
SFL104109,151329,109997,118,Tier 2,Low,Poor,2,Legal,No Response,Field,0
SFL104110,1085210,335973,7,Tier 3,Low,Average,5,Call,No Response,Field,218123
SFL104111,164204,93759,265,Tier 1,Medium,Poor,13,Field,Refused,Field,0
SFL104112,248041,151258,285,Tier 2,Low,Good,4,Call,Promised,Field,148573
SFL104113,119664,79548,91,Tier 3,Medium,Poor,8,Field,No Response,Call,0
SFL104114,34838,30247,50,Tier 3,Low,Poor,7,Call,Promised,Field,3610
SFL104115,52865,28163,599,Tier 1,Medium,Average,5,Field,Promised,Call,0
SFL104116,1061171,915971,165,Tier 3,Low,Average,3,Call,No Response,Field,0
SFL104117,189174,149053,115,Tier 2,Low,Average,8,Legal,No Response,Call,0
SFL104118,68980,50456,10,Tier 2,Medium,Poor,6,Legal,Promised,Legal,0
SFL104119,662185,461061,127,Tier 3,Low,Average,9,Call,No Response,Field,159006
SFL104120,211472,101610,432,Tier 3,Low,Good,3,Legal,Paid,Legal,0
SFL104121,259209,110359,26,Tier 2,Medium,Average,16,Call,No Response,Field,0
SFL104122,68406,38595,48,Tier 1,Low,Average,5,Legal,Refused,Field,0
SFL104123,192332,169858,177,Tier 3,Low,Average,5,Call,Promised,Field,84804
SFL104124,1071959,644373,1,Tier 2,Low,Poor,2,Field,No Response,Field,0
SFL104125,57100,53522,62,Tier 1,Low,Average,1,Call,No Response,Call,0
SFL104126,907385,871597,165,Tier 1,Low,Average,4,Field,Promised,Call,423150
SFL104127,24845,12944,71,Tier 2,Low,Good,10,Call,Refused,Field,0
SFL104128,36834,27626,814,Tier 2,Low,Poor,5,Call,Refused,Field,0
SFL104129,39386,17299,86,Tier 2,Low,Good,5,Field,Paid,Field,10932
SFL104130,170112,144984,167,Tier 1,High,Poor,15,Field,No Response,Call,0
SFL104131,396069,350259,103,Tier 1,Medium,Poor,7,Call,Refused,Call,0
SFL104132,281834,243652,618,Tier 3,Low,Average,3,Call,No Response,Legal,0
SFL104133,302191,272686,230,Tier 2,Low,Average,7,Call,Promised,Field,0
SFL104134,43003,32450,204,Tier 1,Low,Poor,9,Call,Refused,Call,0
SFL104135,189673,142146,821,Tier 2,Medium,Average,4,Call,No Response,Field,0
SFL104136,140832,74312,66,Tier 3,Low,Poor,10,Field,No Response,Call,0
SFL104137,23507,14697,104,Tier 2,Medium,Average,6,Call,No Response,Field,9077
SFL104138,51255,29492,78,Tier 2,Medium,Average,7,Call,Refused,Field,0
SFL104139,64345,61207,50,Tier 3,Medium,Average,9,Call,No Response,Field,0
SFL104140,118429,94842,210,Tier 2,Low,Average,6,Legal,Refused,Call,0
SFL104141,42039,15860,469,Tier 3,Medium,Poor,6,Call,No Response,Field,0
SFL104142,237422,181544,842,Tier 1,Medium,Average,2,Field,Refused,Legal,0
SFL104143,32415,25764,114,Tier 1,Medium,Average,11,Legal,No Response,Call,20588
SFL104144,130687,72295,345,Tier 3,Low,Average,3,Call,Promised,Call,0
SFL104145,49238,20308,305,Tier 1,Medium,Poor,12,Field,Refused,Call,0
SFL104146,64239,28530,824,Tier 2,Low,Average,5,Call,Promised,Field,15459
SFL104147,39419,25329,237,Tier 2,Medium,Good,6,Call,Refused,Call,11621
SFL104148,212387,182515,129,Tier 2,Low,Average,6,Call,No Response,Field,0
SFL104149,58494,47301,110,Tier 2,Medium,Average,6,Call,Refused,Field,0
SFL104150,62878,57929,137,Tier 2,Medium,Poor,1,Call,Promised,Call,0
SFL104151,612249,437428,33,Tier 1,Low,Poor,3,Call,No Response,Call,0
SFL104152,32318,22168,722,Tier 1,High,Poor,19,Call,Refused,Field,0
SFL104153,252065,192759,43,Tier 1,Low,Poor,1,Call,Paid,Call,0
SFL104154,118396,37724,173,Tier 1,Low,Average,8,Field,Paid,Field,16732
SFL104155,68030,21604,308,Tier 2,Low,Poor,8,Call,Refused,Legal,0
SFL104156,295332,183131,528,Tier 3,Low,Average,3,Call,Promised,Legal,0
SFL104157,19435,15080,28,Tier 2,Low,Poor,4,Field,No Response,Call,2542
SFL104158,103326,58957,102,Tier 3,Low,Good,2,Field,No Response,Call,0
SFL104159,27435,19230,128,Tier 2,High,Good,2,Field,No Response,Field,4184
SFL104160,125427,94832,106,Tier 2,High,Average,7,Call,No Response,Field,0
SFL104161,977814,393313,27,Tier 1,High,Average,6,Call,No Response,Call,158419
SFL104162,44846,21235,240,Tier 3,Medium,Good,8,Call,No Response,Legal,9730
SFL104163,580546,286665,81,Tier 1,Medium,Average,18,Field,Promised,Field,185350
SFL104164,68515,47681,351,Tier 2,Low,Poor,4,Call,Promised,Call,0
SFL104165,38550,24423,521,Tier 3,High,Poor,4,Call,No Response,Call,0
SFL104166,20084,13024,49,Tier 2,Low,Average,6,Call,Paid,Field,0
SFL104167,29334,23555,233,Tier 1,Medium,Average,18,Call,No Response,Call,0
SFL104168,273131,151123,727,Tier 1,Low,Poor,4,Call,No Response,Legal,0
SFL104169,40610,27722,357,Tier 3,Low,Average,13,Field,Paid,Field,14875
SFL104170,327972,228393,55,Tier 1,Low,Average,6,Legal,Promised,Field,192515
SFL104171,542690,263901,212,Tier 1,High,Poor,6,Field,No Response,Call,0
SFL104172,340772,148374,505,Tier 3,High,Average,11,Call,No Response,Field,0
SFL104173,644414,203343,157,Tier 2,Medium,Good,10,Field,No Response,Field,0
SFL104174,47446,19801,231,Tier 2,Medium,Average,10,Call,Promised,Call,0
SFL104175,40472,14613,34,Tier 3,Medium,Average,16,Field,Promised,Call,0
SFL104176,31448,11051,176,Tier 2,Low,Poor,4,Call,No Response,Field,0
SFL104177,44043,32308,9,Tier 1,Low,Good,2,Legal,Paid,Call,27167
SFL104178,59106,36327,123,Tier 1,Medium,Good,2,Call,Promised,Field,0
SFL104179,48476,23710,203,Tier 2,Low,Good,6,Call,Promised,Call,0
SFL104180,178877,111433,154,Tier 3,Medium,Poor,6,Call,No Response,Field,0
SFL104181,258408,249144,154,Tier 2,Medium,Average,8,Call,Promised,Call,223207
SFL104182,955099,918476,153,Tier 1,Low,Poor,6,Call,No Response,Legal,0
SFL104183,58498,44362,484,Tier 3,Medium,Poor,8,Legal,No Response,Legal,0
SFL104184,172112,97779,167,Tier 2,High,Average,9,Call,No Response,Call,58760
SFL104185,131176,51644,55,Tier 3,High,Good,1,Call,Refused,Call,0
SFL104186,59035,37145,136,Tier 1,Low,Poor,2,Call,Promised,Legal,0
SFL104187,235619,124481,679,Tier 3,Low,Good,2,Call,Paid,Field,0
SFL104188,312923,276251,66,Tier 2,Low,Average,11,Call,No Response,Field,0
SFL104189,44371,20083,329,Tier 3,High,Good,10,Field,Paid,Legal,0
SFL104190,23376,12216,167,Tier 3,Low,Poor,14,Call,No Response,Call,0
SFL104191,26697,19720,222,Tier 2,Medium,Average,1,Call,No Response,Field,0
SFL104192,11022,4768,95,Tier 2,Low,Average,9,Call,No Response,Field,0
SFL104193,897456,811639,173,Tier 2,Medium,Average,19,Call,Paid,Call,403001
SFL104194,1140620,919516,273,Tier 2,Low,Average,6,Call,Promised,Field,197807
SFL104195,449892,162980,364,Tier 2,Low,Average,10,Field,No Response,Field,0
SFL104196,63012,24498,201,Tier 1,Low,Average,4,Field,Paid,Legal,0
SFL104197,41242,32013,726,Tier 3,High,Poor,3,Field,Refused,Legal,0
SFL104198,238068,96935,717,Tier 3,Medium,Average,8,Field,No Response,Field,0
SFL104199,162200,110138,195,Tier 2,Medium,Average,5,Call,Promised,Legal,0
SFL104200,241107,118083,81,Tier 2,Medium,Poor,7,Legal,Refused,Legal,0
SFL104201,197666,101498,142,Tier 1,Medium,Poor,5,Legal,No Response,Call,0
SFL104202,21225,6397,473,Tier 3,High,Good,3,Field,Promised,Call,5280
SFL104203,19295,16481,215,Tier 2,Medium,Poor,10,Field,Promised,Call,0
SFL104204,38245,24135,221,Tier 3,Medium,Poor,4,Legal,Refused,Call,0
SFL104205,135565,80091,112,Tier 2,Medium,Average,4,Field,Promised,Field,65498
SFL104206,18642,17513,134,Tier 3,Low,Poor,4,Call,No Response,Call,0
SFL104207,29794,27139,25,Tier 2,Medium,Average,5,Field,Refused,Field,0
SFL104208,863503,675153,466,Tier 2,High,Good,4,Call,No Response,Legal,0
SFL104209,345155,115004,298,Tier 1,Low,Average,3,Field,Promised,Call,0
SFL104210,146728,79865,61,Tier 2,Medium,Poor,19,Call,No Response,Call,0
SFL104211,254762,203963,42,Tier 2,Low,Poor,9,Field,No Response,Field,0
SFL104212,29320,26454,19,Tier 2,Medium,Average,10,Legal,No Response,Field,19361
SFL104213,38060,23105,145,Tier 3,High,Poor,20,Call,Refused,Call,0
SFL104214,723111,562111,20,Tier 2,Medium,Good,18,Field,Promised,Field,317978
SFL104215,1134900,1032559,11,Tier 3,Low,Good,1,Field,No Response,Field,555621
SFL104216,66823,33876,174,Tier 1,High,Average,2,Field,Refused,Call,0
SFL104217,337094,243200,77,Tier 2,Medium,Poor,14,Field,No Response,Legal,0
SFL104218,34914,17833,156,Tier 1,Low,Poor,12,Call,Promised,Field,3825
SFL104219,311135,123655,195,Tier 2,Low,Poor,5,Field,No Response,Field,0
SFL104220,806678,555065,292,Tier 1,High,Poor,2,Call,No Response,Call,329800
SFL104221,36409,33896,8,Tier 1,Low,Good,1,Call,Refused,Field,15167
SFL104222,649580,376266,270,Tier 2,Medium,Average,9,Field,No Response,Call,0
SFL104223,705785,351436,145,Tier 1,Low,Average,7,Legal,Refused,Legal,0
SFL104224,69978,61517,87,Tier 3,High,Poor,15,Call,No Response,Call,22321
SFL104225,68377,32781,76,Tier 3,High,Poor,9,Call,No Response,Call,0
SFL104226,28326,20215,47,Tier 3,Medium,Average,9,Call,No Response,Call,0
SFL104227,159408,123788,60,Tier 1,Medium,Average,1,Call,No Response,Call,50774
SFL104228,730038,330127,223,Tier 1,Low,Good,6,Call,Promised,Call,0
SFL104229,422292,274006,51,Tier 2,Medium,Average,1,Call,Promised,Field,132797
SFL104230,992483,849341,335,Tier 1,Low,Poor,1,Call,Paid,Call,0
SFL104231,96358,52281,143,Tier 2,Low,Average,13,Call,No Response,Field,0
SFL104232,855924,331600,301,Tier 1,Low,Average,6,Call,No Response,Field,214361
SFL104233,1038005,964352,147,Tier 2,Medium,Average,13,Field,Promised,Field,0
SFL104234,1127525,1083790,873,Tier 1,Medium,Poor,4,Field,No Response,Call,0
SFL104235,287989,225429,180,Tier 2,High,Poor,7,Field,Refused,Call,0
SFL104236,19703,8390,231,Tier 3,Low,Poor,18,Call,Refused,Call,0
SFL104237,284368,157287,26,Tier 1,High,Poor,2,Field,No Response,Call,0
SFL104238,41016,20209,277,Tier 2,Medium,Average,5,Call,No Response,Field,0
SFL104239,181062,94857,282,Tier 2,High,Average,3,Legal,Promised,Field,0
SFL104240,1109335,1021697,467,Tier 1,Medium,Average,4,Field,Promised,Call,0
SFL104241,214385,117424,271,Tier 2,Low,Poor,4,Call,No Response,Call,0
SFL104242,29542,12485,516,Tier 3,Low,Average,10,Call,Paid,Legal,0
SFL104243,189441,130047,177,Tier 2,Low,Average,5,Call,Paid,Field,34310
SFL104244,732973,558958,18,Tier 2,Medium,Good,12,Call,Paid,Field,475976
SFL104245,228168,155874,58,Tier 2,High,Poor,1,Legal,No Response,Field,0
SFL104246,1102940,1023969,26,Tier 3,High,Poor,17,Call,No Response,Legal,0
SFL104247,69497,41420,332,Tier 2,Low,Good,9,Call,Promised,Field,0
SFL104248,282580,116787,340,Tier 3,Medium,Poor,7,Field,Promised,Call,0
SFL104249,245913,74563,113,Tier 3,Low,Average,3,Call,Promised,Field,30496
SFL104250,283383,143359,313,Tier 2,Medium,Poor,4,Call,Refused,Legal,0
SFL104251,63381,24775,258,Tier 1,Low,Poor,4,Call,No Response,Call,9832
SFL104252,56563,25265,886,Tier 3,Low,Good,6,Field,No Response,Field,6704
SFL104253,119396,90757,251,Tier 3,High,Average,5,Field,Promised,Legal,0
SFL104254,410496,307308,132,Tier 3,Medium,Average,1,Field,No Response,Field,262148
SFL104255,60803,39177,54,Tier 2,Medium,Poor,18,Field,Promised,Call,0
SFL104256,1055795,372510,163,Tier 2,Low,Good,20,Call,Promised,Field,364667
SFL104257,146713,130725,220,Tier 2,High,Poor,5,Field,Refused,Call,49444
SFL104258,262506,154432,178,Tier 2,Medium,Good,5,Call,Paid,Call,118546
SFL104259,470521,449219,37,Tier 1,Medium,Poor,11,Call,No Response,Call,101130
SFL104260,316342,263025,234,Tier 1,Low,Poor,1,Call,No Response,Field,0
SFL104261,26344,21862,77,Tier 2,Medium,Average,12,Call,Refused,Call,0
SFL104262,46674,30727,366,Tier 1,Medium,Good,15,Call,Paid,Call,0
SFL104263,21266,19540,114,Tier 2,Low,Average,10,Field,No Response,Call,0
SFL104264,304262,178244,296,Tier 3,Low,Good,14,Field,Refused,Field,0
SFL104265,264808,118395,510,Tier 2,Medium,Average,1,Call,Refused,Legal,0
SFL104266,77884,71363,85,Tier 1,Medium,Poor,7,Field,No Response,Call,0
SFL104267,192587,73637,175,Tier 1,Medium,Poor,6,Legal,Refused,Field,0
SFL104268,313600,214872,78,Tier 1,Low,Poor,6,Call,No Response,Field,0
SFL104269,632518,210991,66,Tier 3,Medium,Poor,10,Field,Refused,Call,0
SFL104270,20508,12554,144,Tier 1,Low,Average,2,Call,No Response,Field,0
SFL104271,564610,424114,108,Tier 3,Low,Average,6,Field,No Response,Legal,0
SFL104272,23414,16264,119,Tier 3,Medium,Average,9,Call,Refused,Call,0
SFL104273,879552,500045,218,Tier 2,Low,Poor,16,Call,Refused,Legal,0
SFL104274,144938,74873,33,Tier 2,Medium,Good,3,Call,Promised,Call,54381
SFL104275,241408,80577,2,Tier 1,Medium,Average,3,Call,Promised,Call,62174
SFL104276,200096,97461,39,Tier 2,Low,Good,19,Call,No Response,Field,0
SFL104277,50792,48299,70,Tier 1,Medium,Average,6,Call,No Response,Field,26237
SFL104278,150645,103834,29,Tier 3,Medium,Average,17,Call,Promised,Field,24408
SFL104279,284590,118555,76,Tier 1,High,Poor,1,Call,No Response,Call,48172
SFL104280,71414,39735,69,Tier 1,Medium,Poor,2,Legal,No Response,Call,16805
SFL104281,38075,14695,4,Tier 2,Low,Average,5,Call,No Response,Field,9378
SFL104282,293620,282563,279,Tier 2,High,Poor,8,Field,No Response,Call,0
SFL104283,44508,38964,412,Tier 3,Medium,Average,2,Field,Promised,Legal,0
SFL104284,825001,799803,40,Tier 1,Low,Poor,3,Call,Refused,Field,0
SFL104285,846610,781799,189,Tier 3,Low,Average,19,Call,Refused,Field,379561
SFL104286,286067,141847,314,Tier 1,Medium,Average,7,Call,Promised,Field,0
SFL104287,118704,87506,164,Tier 1,Low,Poor,6,Call,Paid,Call,0
SFL104288,546458,363515,237,Tier 2,Medium,Poor,6,Call,Refused,Call,0
SFL104289,61196,47385,94,Tier 3,Medium,Poor,3,Call,Refused,Call,16891
SFL104290,101534,85292,92,Tier 1,Medium,Poor,20,Legal,No Response,Call,0
SFL104291,187233,97508,83,Tier 2,Medium,Poor,1,Field,No Response,Field,0
SFL104292,100331,65868,121,Tier 3,Low,Good,10,Call,Paid,Field,38730
SFL104293,137870,78501,46,Tier 2,High,Poor,8,Call,Paid,Call,29273
SFL104294,520024,491418,76,Tier 2,Low,Average,6,Call,Promised,Legal,308181
SFL104295,16444,15702,171,Tier 2,Low,Average,11,Call,Promised,Call,0
SFL104296,51392,23944,31,Tier 3,Low,Poor,8,Field,No Response,Call,3334
SFL104297,31957,26727,134,Tier 3,Low,Poor,5,Call,Refused,Call,0
SFL104298,326278,265857,118,Tier 2,Medium,Average,16,Field,Promised,Field,0
SFL104299,31327,13598,874,Tier 1,Low,Poor,1,Call,No Response,Legal,0
SFL104300,54548,40508,167,Tier 2,Low,Average,10,Field,Promised,Field,17302
SFL104301,64109,46999,355,Tier 3,High,Good,10,Call,No Response,Field,37788
SFL104302,234016,184244,525,Tier 3,Medium,Good,10,Field,Refused,Field,0
SFL104303,57464,54834,76,Tier 3,Medium,Poor,3,Call,Promised,Call,0
SFL104304,33502,26767,54,Tier 2,Low,Poor,1,Call,No Response,Call,0
SFL104305,210890,74185,210,Tier 2,Medium,Good,5,Field,Paid,Field,48752
SFL104306,184165,171081,52,Tier 2,Low,Average,2,Call,Refused,Call,0
SFL104307,420163,227468,78,Tier 2,Low,Good,3,Field,Paid,Field,206610
SFL104308,56037,49901,861,Tier 3,High,Good,3,Field,Paid,Legal,44905
SFL104309,238260,87907,104,Tier 2,Low,Average,4,Call,No Response,Field,39351
SFL104310,142908,56856,247,Tier 2,High,Average,10,Call,Promised,Call,0
SFL104311,38509,22596,5,Tier 3,Low,Poor,10,Call,Promised,Legal,0
SFL104312,247984,143983,232,Tier 1,Medium,Good,17,Legal,No Response,Call,0
SFL104313,930581,895998,90,Tier 2,Medium,Average,4,Field,No Response,Field,0
SFL104314,14213,5869,229,Tier 1,Low,Average,14,Field,Promised,Legal,0
SFL104315,170281,102237,428,Tier 3,Low,Average,5,Field,Promised,Legal,0
SFL104316,34831,19586,35,Tier 2,Low,Average,4,Field,Paid,Field,0
SFL104317,268923,224899,787,Tier 2,Low,Average,10,Field,Promised,Legal,0
SFL104318,1131717,762243,3,Tier 2,Low,Poor,12,Call,Refused,Call,0
SFL104319,21235,19407,207,Tier 3,Medium,Average,6,Legal,Promised,Field,0
SFL104320,41188,38966,297,Tier 2,Low,Average,19,Call,Refused,Field,0
SFL104321,735358,377258,179,Tier 2,Low,Poor,7,Field,Refused,Call,0
SFL104322,256794,186461,175,Tier 1,Medium,Good,4,Field,No Response,Legal,0
SFL104323,1095682,572164,202,Tier 2,High,Average,10,Call,Refused,Legal,0
SFL104324,23486,13485,348,Tier 3,Medium,Poor,7,Legal,Refused,Call,0
SFL104325,55640,40375,34,Tier 1,Low,Average,6,Call,Promised,Call,24323
SFL104326,71221,24827,193,Tier 3,High,Poor,18,Call,Promised,Legal,0
SFL104327,289380,133072,32,Tier 2,Medium,Poor,9,Field,No Response,Field,0
SFL104328,870839,465416,484,Tier 2,Low,Average,5,Legal,No Response,Field,0
SFL104329,16169,8049,555,Tier 3,Low,Poor,2,Call,Promised,Call,0
SFL104330,1070283,355122,157,Tier 2,High,Average,5,Call,No Response,Field,119675
SFL104331,10676,9093,310,Tier 1,High,Average,4,Field,No Response,Call,0
SFL104332,272125,225122,198,Tier 1,Low,Average,8,Field,Refused,Legal,0
SFL104333,85515,80036,90,Tier 2,Medium,Average,1,Call,Promised,Call,0
SFL104334,862347,765815,64,Tier 3,High,Average,3,Call,Promised,Field,585619
SFL104335,215379,76592,407,Tier 2,Medium,Average,2,Call,Promised,Call,0
SFL104336,427334,413117,158,Tier 1,High,Average,4,Legal,No Response,Call,0
SFL104337,71001,34114,147,Tier 2,Medium,Average,5,Call,Promised,Call,22919
SFL104338,141413,92444,67,Tier 2,High,Good,18,Field,Paid,Field,0
SFL104339,335618,241886,155,Tier 3,High,Poor,6,Legal,No Response,Call,0
SFL104340,28041,16277,53,Tier 2,Low,Average,8,Field,Promised,Field,5365
SFL104341,164762,84789,128,Tier 3,Medium,Average,4,Field,No Response,Field,0
SFL104342,87748,82050,416,Tier 1,High,Average,4,Call,Promised,Call,0
SFL104343,304827,205537,134,Tier 2,Medium,Average,6,Call,Promised,Field,93921
SFL104344,20418,15561,162,Tier 1,High,Poor,1,Field,No Response,Call,0
SFL104345,237751,98808,113,Tier 3,Low,Good,4,Legal,Paid,Field,94412
SFL104346,870044,512258,6,Tier 1,Low,Poor,15,Call,No Response,Field,0
SFL104347,52022,32606,277,Tier 1,Medium,Good,9,Field,No Response,Call,0
SFL104348,26959,14466,80,Tier 2,Medium,Average,10,Call,No Response,Field,0
SFL104349,113753,79541,215,Tier 3,Low,Good,7,Call,No Response,Field,39480
SFL104350,44128,13417,37,Tier 3,Low,Good,7,Call,Paid,Field,7683
SFL104351,333404,274178,100,Tier 2,Medium,Good,16,Field,Paid,Call,168532
SFL104352,730269,647341,42,Tier 1,Medium,Average,4,Call,Refused,Call,0
SFL104353,87145,57694,62,Tier 3,Medium,Good,4,Call,Promised,Call,40514
SFL104354,31463,29617,202,Tier 1,Medium,Average,12,Legal,Refused,Legal,0
SFL104355,31240,26898,52,Tier 3,Low,Poor,20,Call,Refused,Call,0
SFL104356,65938,52286,103,Tier 3,Low,Average,4,Legal,Paid,Field,0
SFL104357,49590,27854,155,Tier 3,Low,Poor,15,Legal,Refused,Call,0
SFL104358,963169,565018,305,Tier 3,Medium,Average,3,Call,No Response,Call,0
SFL104359,67037,50406,204,Tier 2,Medium,Good,4,Call,Refused,Field,0
SFL104360,344757,165694,315,Tier 1,Medium,Good,10,Field,Paid,Call,96028
SFL104361,91818,71553,619,Tier 1,High,Good,1,Call,Paid,Legal,0
SFL104362,54635,41618,274,Tier 2,Low,Good,8,Call,Paid,Field,0
SFL104363,123061,70453,28,Tier 2,High,Poor,10,Field,Promised,Call,0
SFL104364,67279,49867,310,Tier 2,Medium,Average,7,Call,Paid,Field,0
SFL104365,791532,562196,306,Tier 3,Low,Poor,5,Field,Refused,Call,0
SFL104366,655950,344749,30,Tier 3,Low,Good,19,Call,Paid,Call,212378
SFL104367,139468,51711,146,Tier 2,Medium,Average,6,Legal,Promised,Field,20467
SFL104368,284407,266505,801,Tier 3,Medium,Poor,1,Call,No Response,Legal,0
SFL104369,47204,44193,346,Tier 1,Low,Poor,8,Call,No Response,Field,0
SFL104370,74051,27589,142,Tier 2,Low,Poor,8,Legal,No Response,Call,0
SFL104371,17455,11879,165,Tier 3,Low,Average,6,Call,Paid,Call,0
SFL104372,32188,29946,298,Tier 2,Medium,Average,16,Call,Refused,Call,0
SFL104373,32771,23207,319,Tier 2,High,Average,4,Call,No Response,Field,0
SFL104374,332506,272064,87,Tier 1,Medium,Good,5,Legal,Paid,Legal,0
SFL104375,279551,188387,625,Tier 1,Medium,Average,7,Call,No Response,Legal,0
SFL104376,217233,209322,170,Tier 2,Low,Average,8,Field,Promised,Field,0
SFL104377,35670,14312,469,Tier 3,High,Average,5,Call,Refused,Field,0
SFL104378,1094944,600105,109,Tier 2,Medium,Good,2,Call,Promised,Field,463701
SFL104379,1088540,574804,127,Tier 2,Low,Average,2,Call,No Response,Call,0
SFL104380,17872,12978,172,Tier 2,High,Poor,3,Call,Refused,Call,0
SFL104381,49100,17230,65,Tier 3,Low,Poor,13,Call,No Response,Field,0
SFL104382,56097,21233,67,Tier 2,Medium,Average,5,Call,Promised,Field,18670
SFL104383,279845,116361,261,Tier 2,High,Poor,4,Call,Refused,Field,0
SFL104384,966611,730703,557,Tier 1,Low,Poor,10,Legal,No Response,Legal,0
SFL104385,43562,24564,26,Tier 3,Medium,Average,2,Legal,Promised,Legal,0
SFL104386,842656,725835,18,Tier 1,Low,Poor,4,Field,No Response,Field,0
SFL104387,119432,50679,96,Tier 2,Low,Average,8,Legal,No Response,Field,0
SFL104388,39336,17951,198,Tier 2,Medium,Poor,4,Call,No Response,Field,0
SFL104389,38873,14344,38,Tier 3,Low,Average,20,Call,Paid,Legal,5319
SFL104390,59628,51184,9,Tier 2,Medium,Good,4,Field,Promised,Call,29600
SFL104391,74916,62238,131,Tier 1,Medium,Poor,4,Call,Promised,Field,22695
SFL104392,24497,23054,440,Tier 1,Low,Average,6,Call,No Response,Legal,0
SFL104393,259236,193868,319,Tier 1,Low,Average,3,Call,No Response,Field,0
SFL104394,20237,7443,98,Tier 2,High,Average,4,Call,No Response,Call,6511
SFL104395,12404,8485,143,Tier 3,Low,Good,10,Field,Paid,Legal,6229
SFL104396,410196,331975,31,Tier 3,Low,Good,6,Call,Refused,Field,57118
SFL104397,26471,10456,358,Tier 1,Low,Average,6,Call,Promised,Legal,0
SFL104398,817379,478663,184,Tier 1,Low,Poor,7,Call,Refused,Legal,0
SFL104399,19401,11600,788,Tier 2,Medium,Good,1,Legal,Promised,Field,9097
SFL104400,698465,299536,87,Tier 2,Medium,Average,2,Legal,Refused,Field,0
SFL104401,61726,27777,294,Tier 2,High,Poor,4,Call,Refused,Field,0
SFL104402,53044,22860,168,Tier 2,Medium,Average,3,Field,Refused,Field,0
SFL104403,216643,150519,165,Tier 3,High,Average,5,Call,No Response,Field,0
SFL104404,340720,217172,160,Tier 2,Medium,Good,9,Call,Refused,Field,0
SFL104405,253234,237682,128,Tier 3,Medium,Average,20,Call,Promised,Field,0
SFL104406,315221,211111,99,Tier 3,Medium,Average,6,Call,Refused,Legal,0
SFL104407,66326,20693,5,Tier 2,Low,Good,7,Call,Promised,Field,14370
SFL104408,300583,211229,117,Tier 2,Low,Average,7,Call,Paid,Call,57753
SFL104409,41275,24009,8,Tier 2,Low,Average,7,Call,No Response,Call,0
SFL104410,131183,60669,112,Tier 3,Medium,Poor,4,Call,No Response,Call,0
SFL104411,95540,49613,159,Tier 1,Medium,Good,5,Call,No Response,Call,0
SFL104412,144540,103780,731,Tier 3,Medium,Poor,3,Field,Refused,Legal,0
SFL104413,820036,761240,323,Tier 3,Medium,Average,7,Field,Promised,Call,0
SFL104414,332892,296779,274,Tier 2,Medium,Average,4,Call,No Response,Call,151803
SFL104415,288592,115846,523,Tier 2,Medium,Poor,1,Call,Refused,Call,0
SFL104416,71358,29871,157,Tier 3,Low,Good,4,Call,No Response,Field,23303
SFL104417,262371,125164,107,Tier 3,Medium,Good,2,Call,No Response,Field,76964
SFL104418,233800,197349,42,Tier 3,Low,Good,6,Call,No Response,Field,0
SFL104419,50729,31168,117,Tier 2,High,Average,7,Call,Refused,Call,14819
SFL104420,48138,42245,118,Tier 1,Medium,Poor,10,Call,Paid,Call,24228
SFL104421,51534,18350,13,Tier 2,Medium,Average,9,Field,No Response,Call,0
SFL104422,152364,59897,237,Tier 2,Low,Average,13,Call,No Response,Call,0
SFL104423,297053,238224,146,Tier 3,Medium,Average,4,Legal,Refused,Call,0
SFL104424,920895,667198,46,Tier 3,Medium,Average,5,Field,No Response,Call,582880
SFL104425,47156,43476,203,Tier 2,High,Average,6,Field,Refused,Field,0
SFL104426,979547,520286,21,Tier 2,Low,Good,7,Call,Refused,Field,0
SFL104427,63597,45433,99,Tier 2,Medium,Poor,5,Legal,Promised,Call,0
SFL104428,224165,72538,279,Tier 2,High,Average,9,Call,Refused,Call,0
SFL104429,17387,16176,338,Tier 1,Medium,Average,1,Call,Paid,Legal,0
SFL104430,18828,8307,40,Tier 1,Low,Poor,10,Call,Promised,Field,0
SFL104431,125749,117323,193,Tier 2,High,Average,5,Legal,No Response,Call,0
SFL104432,97578,64054,310,Tier 2,Low,Average,20,Call,No Response,Field,37403
SFL104433,857232,828329,209,Tier 3,Medium,Average,14,Field,Promised,Field,0
SFL104434,499271,178708,149,Tier 2,Low,Average,2,Call,No Response,Call,0
SFL104435,64048,35083,555,Tier 2,Low,Good,3,Field,Promised,Field,28062
SFL104436,57278,51978,161,Tier 1,Low,Poor,2,Call,No Response,Field,0
SFL104437,62193,44679,91,Tier 3,Low,Average,8,Call,Promised,Field,30893
SFL104438,209359,124010,255,Tier 3,High,Average,6,Legal,Paid,Field,107248
SFL104439,861262,803262,276,Tier 1,Low,Poor,6,Call,Promised,Field,326677
SFL104440,60220,24695,110,Tier 2,Low,Average,8,Field,Promised,Legal,0
SFL104441,26053,12157,107,Tier 2,Low,Average,4,Field,Promised,Call,4906
SFL104442,392984,147466,69,Tier 2,Medium,Poor,1,Legal,Refused,Field,19344
SFL104443,1174039,805845,259,Tier 3,High,Good,9,Legal,No Response,Field,321107
SFL104444,68856,45491,647,Tier 2,Low,Poor,2,Field,No Response,Call,0
SFL104445,55189,31237,491,Tier 1,Medium,Good,4,Field,No Response,Legal,0
SFL104446,72350,29494,189,Tier 1,Low,Good,1,Call,Promised,Call,17638
SFL104447,317853,245018,252,Tier 1,Medium,Poor,8,Call,No Response,Call,0
SFL104448,300922,172040,332,Tier 2,Low,Average,2,Call,Promised,Field,0
SFL104449,30059,19300,90,Tier 1,High,Average,14,Call,Refused,Call,0
SFL104450,108744,86916,230,Tier 3,Low,Poor,7,Call,No Response,Call,0
SFL104451,50470,46767,897,Tier 3,High,Average,2,Call,Refused,Legal,0
SFL104452,696503,321745,91,Tier 2,High,Poor,4,Call,Refused,Legal,0
SFL104453,1165319,900516,234,Tier 1,Low,Average,4,Call,No Response,Call,0
SFL104454,333396,260511,111,Tier 3,Low,Average,2,Call,No Response,Field,145455
SFL104455,51410,23722,108,Tier 2,Low,Good,4,Call,No Response,Field,0
SFL104456,963795,447473,59,Tier 3,Low,Good,6,Call,Promised,Field,305942
SFL104457,34046,31057,106,Tier 3,Low,Average,7,Field,Paid,Call,0
SFL104458,94427,46105,159,Tier 1,Low,Good,9,Call,Promised,Field,41825
SFL104459,73347,46907,279,Tier 1,Medium,Good,6,Legal,Promised,Call,31243
SFL104460,34473,16393,259,Tier 2,High,Poor,5,Legal,Refused,Legal,0
SFL104461,93441,87273,65,Tier 2,Low,Poor,5,Call,No Response,Call,0
SFL104462,1033778,543303,154,Tier 1,Low,Poor,9,Field,No Response,Call,0
SFL104463,112619,93151,60,Tier 1,Low,Average,2,Call,Refused,Field,0
SFL104464,778254,327225,51,Tier 3,Medium,Good,4,Call,Paid,Call,296111
SFL104465,344575,275633,235,Tier 2,High,Poor,5,Call,Paid,Call,0
SFL104466,56564,33802,157,Tier 2,High,Poor,3,Field,No Response,Call,0
SFL104467,22201,10089,45,Tier 2,Low,Average,15,Field,Refused,Field,1249
SFL104468,23466,9364,30,Tier 2,Medium,Poor,4,Call,Promised,Call,0
SFL104469,27332,24401,208,Tier 1,Medium,Poor,8,Call,No Response,Field,0
SFL104470,19919,8608,255,Tier 2,High,Poor,10,Call,No Response,Call,0
SFL104471,20144,17109,130,Tier 2,Low,Average,4,Call,Promised,Legal,4899
SFL104472,69629,40806,50,Tier 2,Medium,Good,4,Call,Refused,Field,0
SFL104473,53610,16813,284,Tier 2,Low,Poor,6,Call,No Response,Call,0
SFL104474,32095,17616,245,Tier 2,Low,Average,6,Legal,No Response,Field,0
SFL104475,38293,26181,175,Tier 3,Low,Average,17,Call,No Response,Field,0
SFL104476,138606,119390,357,Tier 2,Medium,Poor,11,Field,No Response,Legal,0
SFL104477,97340,93744,149,Tier 2,Low,Average,13,Legal,No Response,Field,0
SFL104478,45289,38466,322,Tier 3,Medium,Average,7,Call,Promised,Legal,26823
SFL104479,566666,179801,191,Tier 2,Low,Poor,9,Call,No Response,Field,0
SFL104480,875876,608039,312,Tier 1,Medium,Average,5,Call,No Response,Field,0
SFL104481,1005314,887981,100,Tier 2,Low,Average,1,Field,Refused,Field,0
SFL104482,52399,40985,197,Tier 3,Low,Good,5,Call,Promised,Field,0
SFL104483,69479,60429,33,Tier 2,High,Poor,2,Field,Promised,Field,15766
SFL104484,924065,666180,195,Tier 2,Low,Good,2,Call,Refused,Field,0
SFL104485,521476,423037,127,Tier 3,Low,Average,5,Call,Promised,Field,0
SFL104486,22161,18617,68,Tier 3,Low,Average,1,Call,Promised,Call,4253
SFL104487,772270,274451,887,Tier 1,Medium,Good,6,Call,Paid,Legal,0
SFL104488,784629,685385,68,Tier 3,Low,Good,7,Call,No Response,Call,544487
SFL104489,702520,310070,171,Tier 2,High,Average,1,Legal,Refused,Field,0
SFL104490,39649,12439,98,Tier 1,Low,Average,16,Legal,No Response,Call,0
SFL104491,264776,198093,138,Tier 2,Low,Good,8,Call,Paid,Field,154729
SFL104492,45261,20252,432,Tier 2,High,Poor,7,Call,Refused,Legal,0
SFL104493,436791,304665,8,Tier 2,Low,Average,1,Field,No Response,Field,0
SFL104494,14636,11575,611,Tier 3,Medium,Average,5,Field,Paid,Field,0
SFL104495,51948,42355,171,Tier 2,Low,Good,4,Call,Promised,Call,0
SFL104496,345082,279466,123,Tier 1,Medium,Average,1,Call,Promised,Call,123916
SFL104497,269308,150180,115,Tier 3,High,Average,2,Call,Refused,Call,0
SFL104498,344800,236643,98,Tier 1,Low,Average,5,Field,No Response,Call,0
SFL104499,37398,31433,284,Tier 1,Low,Poor,20,Field,No Response,Field,8332
SFL104500,251024,160135,177,Tier 2,Medium,Poor,8,Call,Promised,Call,50532
SFL104501,68070,24809,118,Tier 2,Medium,Average,6,Call,No Response,Field,19868
SFL104502,14133,8951,169,Tier 3,Medium,Poor,6,Field,No Response,Call,0
SFL104503,58333,28273,19,Tier 2,Medium,Poor,12,Field,Promised,Call,0
SFL104504,40283,19864,269,Tier 3,Low,Poor,12,Call,No Response,Call,0
SFL104505,58142,50700,221,Tier 2,Medium,Poor,8,Legal,Refused,Call,0
SFL104506,873629,727270,108,Tier 3,Low,Average,3,Call,No Response,Field,0
SFL104507,52742,37850,172,Tier 1,Medium,Poor,13,Call,Paid,Call,19952
SFL104508,388224,120423,40,Tier 1,Low,Poor,3,Call,No Response,Call,0
SFL104509,47234,37137,14,Tier 3,High,Poor,6,Call,No Response,Call,0
SFL104510,158162,81289,573,Tier 2,Low,Average,13,Legal,Promised,Call,0
SFL104511,338925,202462,164,Tier 2,Low,Average,6,Call,Promised,Field,74429
SFL104512,24056,12134,179,Tier 1,Medium,Good,7,Call,Promised,Legal,0
SFL104513,69477,29352,63,Tier 2,High,Poor,5,Call,Refused,Legal,0
SFL104514,36709,20156,69,Tier 3,Low,Average,16,Call,No Response,Field,7181
SFL104515,170511,54660,66,Tier 1,Medium,Good,19,Field,Refused,Field,0
SFL104516,67583,50973,117,Tier 3,Medium,Poor,8,Call,No Response,Call,0
SFL104517,795524,329356,160,Tier 1,Low,Average,7,Call,Promised,Call,226478
SFL104518,502677,320513,122,Tier 2,Low,Average,3,Call,Refused,Field,0
SFL104519,305338,141775,171,Tier 2,Medium,Poor,14,Field,No Response,Field,0
SFL104520,1123292,604627,91,Tier 1,Medium,Poor,1,Call,No Response,Legal,0
SFL104521,346070,119507,310,Tier 3,High,Average,15,Call,Paid,Field,46827
SFL104522,67269,60087,85,Tier 2,Medium,Average,7,Call,Promised,Field,24861
SFL104523,83310,76929,832,Tier 3,Low,Average,10,Call,Refused,Field,0
SFL104524,22128,10443,135,Tier 3,Medium,Good,3,Call,Paid,Call,8253
SFL104525,32100,17482,162,Tier 1,Medium,Poor,6,Field,No Response,Call,0
SFL104526,239354,195811,416,Tier 2,Medium,Average,10,Call,Promised,Field,0
SFL104527,62836,41724,205,Tier 2,Low,Average,6,Call,Promised,Call,0
SFL104528,43270,19377,142,Tier 3,Low,Average,7,Call,Refused,Field,0
SFL104529,328363,249549,71,Tier 1,Low,Poor,5,Call,No Response,Call,0
SFL104530,130498,113698,133,Tier 1,Low,Good,4,Call,Paid,Legal,74232
SFL104531,794385,342163,110,Tier 2,Medium,Good,4,Field,Paid,Field,267002
SFL104532,35782,23229,202,Tier 1,Low,Average,8,Field,Refused,Call,0
SFL104533,348861,267652,50,Tier 2,Medium,Poor,5,Call,Paid,Call,91889
SFL104534,47563,32816,43,Tier 1,High,Poor,4,Call,No Response,Field,0
SFL104535,11240,10114,175,Tier 1,Low,Poor,3,Call,Promised,Call,0
SFL104536,287591,148603,96,Tier 2,Low,Average,19,Call,No Response,Field,104468
SFL104537,702620,254346,62,Tier 3,Low,Poor,4,Call,No Response,Call,0
SFL104538,35521,32948,125,Tier 2,High,Poor,2,Call,Paid,Call,0
SFL104539,1028274,610293,38,Tier 3,Medium,Good,6,Call,Promised,Field,465657
SFL104540,64346,43075,48,Tier 1,Medium,Average,9,Field,Refused,Call,0
SFL104541,34888,18001,194,Tier 3,Low,Average,4,Call,No Response,Field,7447
SFL104542,193528,165025,90,Tier 2,Low,Good,6,Call,Paid,Field,89711
SFL104543,132144,115146,298,Tier 1,High,Poor,10,Call,Refused,Call,0
SFL104544,116818,92003,670,Tier 1,Medium,Poor,6,Call,No Response,Call,0
SFL104545,261873,219293,292,Tier 3,Low,Average,5,Legal,Paid,Field,0
SFL104546,19227,13359,84,Tier 3,Low,Average,13,Legal,Paid,Call,7972
SFL104547,135024,40774,304,Tier 2,Low,Poor,5,Field,Promised,Call,0
SFL104548,295473,158674,61,Tier 1,Low,Average,5,Call,Refused,Call,0
SFL104549,210692,179091,149,Tier 2,Low,Good,6,Call,Refused,Field,87747
SFL104550,321563,250967,629,Tier 1,Medium,Average,6,Call,Promised,Legal,0
SFL104551,239084,211314,42,Tier 1,Medium,Poor,4,Field,No Response,Call,0
SFL104552,1015427,401061,504,Tier 1,Medium,Poor,5,Field,Paid,Call,0
SFL104553,50311,24966,218,Tier 2,Medium,Average,6,Call,Promised,Field,0
SFL104554,209466,66833,898,Tier 3,Low,Poor,9,Call,Refused,Field,0
SFL104555,162620,69484,105,Tier 3,Medium,Poor,4,Legal,Promised,Field,35254
SFL104556,57318,45605,76,Tier 3,Medium,Average,4,Call,Refused,Field,17989
SFL104557,64344,36538,266,Tier 1,High,Average,13,Call,Promised,Call,0
SFL104558,435312,344611,216,Tier 3,Low,Poor,5,Legal,No Response,Call,0
SFL104559,1076787,707028,37,Tier 2,High,Good,8,Call,Promised,Field,457631
SFL104560,18198,5739,126,Tier 1,Medium,Poor,5,Call,No Response,Call,1547
SFL104561,1139006,1054729,588,Tier 1,Low,Poor,16,Call,Promised,Field,0
SFL104562,177091,159631,239,Tier 2,Low,Good,3,Call,Promised,Field,0
SFL104563,301466,178099,529,Tier 2,Medium,Good,8,Legal,Paid,Legal,145883
SFL104564,308324,141645,602,Tier 2,Medium,Good,8,Call,Promised,Field,0
SFL104565,81969,36941,50,Tier 2,High,Average,14,Legal,Refused,Field,13448
SFL104566,1121428,783019,44,Tier 2,Medium,Poor,7,Call,Promised,Call,0
SFL104567,13248,7032,111,Tier 2,Low,Poor,8,Legal,Refused,Legal,0
SFL104568,65859,38866,30,Tier 3,Medium,Poor,6,Call,No Response,Call,0
SFL104569,225213,215617,87,Tier 3,Medium,Average,5,Call,No Response,Field,0
SFL104570,330557,246546,291,Tier 3,Medium,Poor,6,Call,Refused,Legal,0
SFL104571,70371,62816,294,Tier 1,Low,Poor,5,Call,Promised,Call,0
SFL104572,247570,214678,129,Tier 2,Low,Poor,5,Field,Refused,Call,0
SFL104573,28963,21680,31,Tier 1,Medium,Good,6,Call,Promised,Call,20335
SFL104574,39690,16166,141,Tier 2,Low,Poor,4,Call,No Response,Call,0
SFL104575,643971,303011,347,Tier 3,Medium,Poor,1,Call,Refused,Call,0
SFL104576,231559,182846,136,Tier 1,Low,Poor,4,Legal,No Response,Call,39973
SFL104577,32248,12781,45,Tier 2,Low,Average,14,Call,Promised,Field,0
SFL104578,91329,88420,104,Tier 2,Low,Poor,9,Call,No Response,Call,0
SFL104579,290010,266443,154,Tier 3,High,Average,4,Call,Promised,Call,0
SFL104580,14790,7266,363,Tier 3,Low,Average,7,Field,No Response,Field,2229
SFL104581,45654,36018,682,Tier 3,Medium,Average,8,Field,No Response,Legal,0
SFL104582,40201,17181,9,Tier 3,High,Poor,11,Field,No Response,Call,0
SFL104583,282414,102572,99,Tier 2,Medium,Poor,2,Call,Promised,Legal,0
SFL104584,16199,7856,689,Tier 1,Medium,Good,6,Call,Promised,Legal,7038
SFL104585,72367,65814,112,Tier 3,Low,Average,4,Field,No Response,Field,0
SFL104586,227650,151625,14,Tier 3,Low,Average,6,Call,Promised,Field,0
SFL104587,217808,98941,82,Tier 2,High,Average,7,Call,No Response,Field,0
SFL104588,527367,455186,83,Tier 3,Low,Good,5,Call,Promised,Field,427303
SFL104589,59730,56388,168,Tier 3,Low,Average,5,Call,No Response,Field,15630
SFL104590,1104993,797536,199,Tier 1,Medium,Average,5,Call,Refused,Call,0
SFL104591,318629,181503,203,Tier 2,Medium,Good,3,Call,No Response,Field,43778
SFL104592,258946,144885,60,Tier 2,High,Average,5,Field,No Response,Field,105934
SFL104593,52334,37076,59,Tier 1,Low,Average,6,Call,Refused,Legal,0
SFL104594,959866,764776,6,Tier 1,Low,Average,15,Field,No Response,Field,0
SFL104595,41199,32775,23,Tier 3,Low,Average,4,Field,Promised,Field,26775
SFL104596,99748,42877,794,Tier 2,Medium,Average,6,Field,Refused,Legal,0
SFL104597,58380,27040,91,Tier 1,Low,Poor,10,Field,Refused,Field,0
SFL104598,632211,349260,292,Tier 1,Medium,Average,2,Call,Refused,Call,131032
SFL104599,40895,15332,84,Tier 1,Low,Poor,2,Call,Promised,Call,0
SFL104600,86753,84073,241,Tier 1,Low,Poor,8,Call,No Response,Call,0
SFL104601,67683,65156,5,Tier 2,Low,Poor,4,Call,No Response,Call,0
SFL104602,105957,50799,183,Tier 3,Medium,Poor,10,Call,No Response,Call,0
SFL104603,277248,244625,3,Tier 1,Low,Good,14,Call,Paid,Call,140261
SFL104604,73153,36685,44,Tier 2,Medium,Poor,5,Legal,No Response,Call,0
SFL104605,304634,268439,177,Tier 2,High,Poor,2,Call,Refused,Field,0
SFL104606,120573,37802,122,Tier 3,High,Average,7,Call,Refused,Field,0
SFL104607,242796,168609,282,Tier 1,Medium,Poor,9,Call,No Response,Call,0
SFL104608,46538,40534,166,Tier 2,Low,Poor,5,Field,No Response,Call,5519
SFL104609,1010629,695087,661,Tier 2,Medium,Average,1,Field,No Response,Call,0
SFL104610,299343,185397,14,Tier 3,Low,Average,4,Call,No Response,Call,89339
SFL104611,161357,129162,790,Tier 1,Medium,Good,13,Call,Paid,Legal,0
SFL104612,181850,84166,4,Tier 2,Medium,Poor,6,Call,Promised,Call,0
SFL104613,159915,127049,62,Tier 3,Low,Average,4,Call,Promised,Call,108400
SFL104614,838673,780947,170,Tier 2,Medium,Average,6,Legal,Refused,Field,0
SFL104615,316119,179926,222,Tier 2,Medium,Poor,2,Call,No Response,Call,0
SFL104616,138544,65308,52,Tier 2,Medium,Average,1,Call,No Response,Field,0
SFL104617,477462,398127,6,Tier 1,Medium,Average,2,Call,No Response,Field,96390
SFL104618,322610,279714,218,Tier 2,Medium,Good,10,Field,Paid,Call,0
SFL104619,69262,49987,90,Tier 2,Medium,Good,1,Field,Paid,Field,27181
SFL104620,116999,80962,193,Tier 2,Low,Poor,10,Field,Promised,Call,0
SFL104621,944041,503888,287,Tier 1,Medium,Poor,1,Call,Refused,Field,0
SFL104622,215078,143368,355,Tier 2,High,Poor,13,Call,Promised,Field,35871
SFL104623,73505,24125,77,Tier 1,Medium,Good,5,Call,Refused,Call,0
SFL104624,54476,25341,772,Tier 2,Medium,Average,4,Field,No Response,Legal,0
SFL104625,38870,30705,677,Tier 2,High,Poor,5,Call,No Response,Legal,0
SFL104626,53839,18807,254,Tier 2,Low,Poor,5,Call,Paid,Legal,0
SFL104627,578328,364523,37,Tier 2,Medium,Poor,3,Legal,No Response,Field,162456
SFL104628,285335,166456,81,Tier 2,Low,Poor,3,Call,Promised,Call,27039
SFL104629,67291,49641,132,Tier 3,Medium,Good,3,Call,Paid,Field,34377
SFL104630,64764,55579,325,Tier 1,Medium,Average,9,Legal,Refused,Field,0
SFL104631,66752,56719,140,Tier 3,Medium,Average,4,Call,Refused,Field,0
SFL104632,32522,12706,566,Tier 3,Medium,Average,6,Field,Promised,Call,0
SFL104633,209882,96608,306,Tier 3,Medium,Good,5,Call,Paid,Field,61105
SFL104634,66487,41288,129,Tier 2,Medium,Poor,3,Legal,Promised,Field,0
SFL104635,320437,106619,49,Tier 1,Low,Poor,5,Call,No Response,Call,0
SFL104636,132485,43953,280,Tier 3,Low,Average,7,Call,No Response,Field,0
SFL104637,636532,405000,548,Tier 3,Low,Poor,2,Call,Promised,Legal,0
SFL104638,68002,56522,7,Tier 2,High,Good,3,Call,No Response,Call,42782
SFL104639,35880,12805,166,Tier 2,High,Good,10,Field,No Response,Field,9309
SFL104640,263418,121577,60,Tier 2,High,Poor,4,Call,Refused,Legal,0
SFL104641,348618,184843,330,Tier 3,Low,Poor,8,Call,No Response,Call,0
SFL104642,60706,36516,307,Tier 2,Low,Good,2,Call,Refused,Field,0
SFL104643,56914,23821,156,Tier 2,Medium,Poor,7,Legal,No Response,Legal,0
SFL104644,167002,95075,248,Tier 2,High,Poor,19,Call,No Response,Field,0
SFL104645,488570,214679,703,Tier 1,High,Average,5,Call,Refused,Legal,0
SFL104646,166708,139651,101,Tier 2,Medium,Good,3,Call,Promised,Legal,0
SFL104647,337685,314984,127,Tier 3,Low,Average,10,Call,No Response,Field,0
SFL104648,1141959,731807,152,Tier 1,Low,Poor,4,Legal,Refused,Field,340733
SFL104649,1022568,969242,645,Tier 2,Low,Average,1,Field,Refused,Legal,0
SFL104650,529415,438439,871,Tier 2,Low,Average,9,Call,Paid,Legal,0
SFL104651,805133,368484,76,Tier 2,Medium,Average,10,Call,No Response,Field,164027
SFL104652,74947,71223,72,Tier 2,High,Good,3,Legal,No Response,Call,58758
SFL104653,351609,180734,180,Tier 1,Medium,Average,10,Call,No Response,Call,129150
SFL104654,342661,157792,152,Tier 1,Low,Average,4,Call,Paid,Call,0
SFL104655,182326,134327,98,Tier 3,Medium,Poor,10,Call,No Response,Field,0
SFL104656,850322,312136,26,Tier 1,Low,Poor,5,Call,No Response,Call,0
SFL104657,25666,11355,329,Tier 3,Medium,Poor,4,Field,No Response,Call,0
SFL104658,39479,25314,100,Tier 2,Medium,Average,12,Call,Refused,Field,0
SFL104659,37029,32892,106,Tier 1,Medium,Poor,5,Field,Promised,Call,0
SFL104660,27580,19628,695,Tier 1,Medium,Poor,10,Call,No Response,Call,0
SFL104661,234240,94880,80,Tier 1,Low,Average,4,Call,No Response,Field,0
SFL104662,24777,12666,44,Tier 3,Medium,Poor,6,Field,Refused,Call,0
SFL104663,834959,412893,154,Tier 1,Medium,Average,5,Field,Paid,Call,194537
SFL104664,96666,92798,174,Tier 2,Medium,Average,15,Call,No Response,Field,0
SFL104665,26228,13434,124,Tier 3,Low,Good,13,Call,Promised,Field,8178
SFL104666,65631,58924,322,Tier 2,Medium,Poor,10,Call,No Response,Field,0
SFL104667,33157,18251,229,Tier 3,Low,Average,6,Field,No Response,Field,0
SFL104668,16403,10987,626,Tier 2,Low,Average,3,Field,No Response,Call,0
SFL104669,156049,100900,350,Tier 1,High,Poor,10,Field,No Response,Call,0
SFL104670,1130987,414055,182,Tier 1,Medium,Good,7,Legal,Promised,Field,0
SFL104671,419320,273084,390,Tier 3,Medium,Poor,4,Call,Refused,Field,0
SFL104672,971959,711231,253,Tier 3,Low,Poor,4,Call,Promised,Call,0
SFL104673,322544,191230,8,Tier 3,Low,Poor,4,Field,Promised,Call,0
SFL104674,1092511,535570,198,Tier 2,Low,Good,8,Call,Refused,Field,0
SFL104675,27703,17330,618,Tier 3,Medium,Average,6,Call,No Response,Call,0
SFL104676,182608,167094,287,Tier 1,Medium,Good,1,Call,Paid,Call,90234
SFL104677,42649,39107,212,Tier 1,Medium,Poor,5,Field,No Response,Call,0
SFL104678,44475,23390,228,Tier 2,Medium,Average,9,Legal,No Response,Field,11959
SFL104679,53986,19292,126,Tier 2,Medium,Good,6,Call,Promised,Field,17144
SFL104680,261562,198960,296,Tier 2,High,Average,3,Field,No Response,Field,54622
SFL104681,35066,13965,31,Tier 2,Low,Poor,5,Call,No Response,Call,4543
SFL104682,235467,94421,16,Tier 2,High,Average,2,Call,No Response,Field,0
SFL104683,235809,183770,50,Tier 2,Medium,Good,5,Call,Promised,Call,165323
SFL104684,17581,15630,361,Tier 3,Low,Average,2,Call,No Response,Legal,0
SFL104685,167035,103112,739,Tier 3,Low,Poor,2,Legal,Refused,Legal,0
SFL104686,54412,21310,126,Tier 3,Medium,Average,13,Call,Promised,Field,12622
SFL104687,63456,55698,468,Tier 2,Low,Poor,1,Call,Refused,Legal,0
SFL104688,753406,603390,114,Tier 1,Low,Average,19,Field,Refused,Field,0
SFL104689,12938,7596,760,Tier 1,Low,Poor,4,Field,Promised,Call,0
SFL104690,352656,334540,626,Tier 2,Low,Average,1,Field,Paid,Field,0
SFL104691,61951,23381,170,Tier 1,Low,Poor,6,Call,Promised,Call,0
SFL104692,412273,337827,6,Tier 3,High,Poor,8,Call,Promised,Call,0
SFL104693,47601,20774,156,Tier 2,Low,Average,5,Field,Refused,Legal,0
SFL104694,1040435,903560,87,Tier 2,Low,Average,9,Field,Refused,Call,0
SFL104695,229953,199292,143,Tier 1,Medium,Poor,3,Call,No Response,Field,0
SFL104696,230633,107210,356,Tier 2,Medium,Average,4,Call,No Response,Field,26485
SFL104697,56363,35783,33,Tier 3,High,Good,7,Call,Promised,Field,30943
SFL104698,41803,18809,33,Tier 1,Low,Average,4,Call,Promised,Legal,0
SFL104699,162907,72998,30,Tier 2,Low,Average,5,Field,Promised,Field,0
SFL104700,97094,71100,199,Tier 2,High,Average,4,Call,No Response,Field,0
SFL104701,1082557,652779,347,Tier 3,High,Good,10,Legal,No Response,Field,0
SFL104702,536447,302223,570,Tier 1,Low,Average,5,Call,Refused,Call,0
SFL104703,22682,8203,125,Tier 2,Low,Average,16,Call,No Response,Field,5835
SFL104704,172121,119977,85,Tier 2,Medium,Average,16,Call,Promised,Legal,0
SFL104705,54866,48476,62,Tier 1,Medium,Poor,3,Legal,No Response,Call,0
SFL104706,56001,30288,112,Tier 1,Medium,Poor,3,Call,No Response,Legal,12571
SFL104707,58714,20933,879,Tier 1,Low,Average,19,Legal,No Response,Call,9222
SFL104708,827981,376025,101,Tier 3,High,Average,16,Call,Promised,Field,98457
SFL104709,308499,215972,51,Tier 3,High,Poor,4,Field,Promised,Legal,0
SFL104710,877885,329985,47,Tier 2,Low,Average,1,Call,No Response,Field,0
SFL104711,525917,211611,342,Tier 2,Low,Good,2,Legal,Refused,Field,80271
SFL104712,340533,234405,98,Tier 2,Medium,Average,3,Call,No Response,Field,201704
SFL104713,328153,125356,170,Tier 2,Low,Average,4,Call,No Response,Field,0
SFL104714,307665,162383,3,Tier 3,Medium,Poor,3,Field,Promised,Call,0
SFL104715,12855,7995,155,Tier 2,Medium,Poor,4,Call,No Response,Call,1251
SFL104716,229808,104180,68,Tier 3,High,Good,5,Call,No Response,Call,23261
SFL104717,485421,403039,162,Tier 2,Medium,Average,9,Call,Promised,Call,0
SFL104718,17142,10680,76,Tier 2,High,Good,7,Field,Paid,Field,5717
SFL104719,1170816,415868,312,Tier 3,High,Average,6,Call,Refused,Field,0
SFL104720,1120617,668879,57,Tier 2,Medium,Poor,10,Field,Refused,Call,0
SFL104721,50780,16214,52,Tier 3,High,Poor,10,Field,No Response,Field,0
SFL104722,33197,28913,27,Tier 2,Medium,Average,8,Call,No Response,Field,0
SFL104723,71549,46598,243,Tier 2,Low,Poor,5,Call,No Response,Call,0
SFL104724,28452,11290,242,Tier 2,Low,Poor,4,Legal,Paid,Legal,0
SFL104725,31856,18805,1,Tier 2,High,Poor,7,Call,No Response,Field,0
SFL104726,563798,201140,48,Tier 2,Medium,Good,4,Field,No Response,Field,45723
SFL104727,136262,96480,717,Tier 1,High,Poor,6,Field,Promised,Call,0
SFL104728,70462,25116,188,Tier 3,Medium,Average,2,Legal,Refused,Field,0
SFL104729,54689,23438,174,Tier 2,Medium,Poor,2,Field,No Response,Field,0
SFL104730,314337,116644,303,Tier 2,High,Poor,4,Call,Promised,Legal,0
SFL104731,575268,322799,101,Tier 2,Medium,Poor,10,Field,No Response,Call,0
SFL104732,71523,55584,186,Tier 2,High,Good,5,Legal,No Response,Legal,0
SFL104733,81320,61297,203,Tier 1,Low,Poor,4,Call,Promised,Call,0
SFL104734,187233,128404,291,Tier 2,Medium,Good,14,Call,No Response,Field,0
SFL104735,79333,64963,133,Tier 2,Low,Average,1,Call,No Response,Call,57026
SFL104736,69870,25052,892,Tier 1,Low,Good,6,Legal,No Response,Field,0
SFL104737,226402,209651,255,Tier 1,Medium,Poor,1,Call,No Response,Field,0
SFL104738,131469,73641,74,Tier 1,Medium,Good,19,Field,Refused,Field,0
SFL104739,42040,13770,82,Tier 3,Medium,Poor,6,Call,Promised,Call,0
SFL104740,14102,6125,222,Tier 1,Low,Average,5,Call,Promised,Call,2053
SFL104741,64126,60870,49,Tier 2,Low,Poor,17,Call,No Response,Legal,0
SFL104742,28413,9467,54,Tier 2,High,Average,1,Legal,No Response,Field,0
SFL104743,79649,44973,91,Tier 2,Low,Average,10,Call,No Response,Legal,0
SFL104744,814482,435783,750,Tier 2,Low,Average,4,Field,No Response,Call,0
SFL104745,29201,9814,14,Tier 1,Medium,Average,1,Call,No Response,Call,2805
SFL104746,15574,8953,59,Tier 3,High,Poor,1,Call,Promised,Field,0
SFL104747,70473,54142,496,Tier 1,Low,Average,5,Call,Refused,Legal,0
SFL104748,137250,55092,213,Tier 3,Medium,Poor,7,Call,Refused,Call,0
SFL104749,428252,372375,468,Tier 3,Medium,Poor,1,Legal,Refused,Legal,0
SFL104750,222473,173581,50,Tier 2,Medium,Good,5,Call,Promised,Field,165096
SFL104751,292134,257834,730,Tier 2,Medium,Average,1,Call,No Response,Legal,0
SFL104752,49129,20412,75,Tier 1,Low,Poor,3,Call,Refused,Field,0
SFL104753,469493,145371,148,Tier 2,High,Average,5,Call,No Response,Field,87524
SFL104754,32024,19591,139,Tier 2,Low,Average,8,Call,Promised,Field,0
SFL104755,24558,9010,372,Tier 3,Low,Poor,4,Field,No Response,Legal,0
SFL104756,52527,25812,8,Tier 2,Low,Average,6,Call,Promised,Field,0
SFL104757,172544,85815,97,Tier 1,Low,Good,4,Call,Refused,Call,0
SFL104758,452528,356468,55,Tier 3,Low,Good,2,Call,Paid,Legal,0
SFL104759,25342,16326,153,Tier 3,Medium,Poor,6,Call,No Response,Legal,0
SFL104760,102327,63507,14,Tier 2,Medium,Good,9,Call,Paid,Field,62938
SFL104761,233590,91552,258,Tier 1,Low,Good,9,Legal,No Response,Call,70795
SFL104762,63925,52081,95,Tier 2,High,Average,5,Call,Refused,Field,24616
SFL104763,33853,16028,8,Tier 1,Medium,Average,5,Call,Paid,Call,3684
SFL104764,212560,142403,228,Tier 2,High,Good,6,Field,Paid,Field,0
SFL104765,66000,45952,251,Tier 2,Low,Average,10,Legal,No Response,Field,0
SFL104766,29537,12975,34,Tier 2,High,Poor,1,Call,Refused,Call,0
SFL104767,59313,23752,91,Tier 2,Low,Average,8,Call,Refused,Field,0
SFL104768,1021108,491304,75,Tier 2,Medium,Average,5,Legal,Paid,Field,433771
SFL104769,20353,10653,154,Tier 2,Low,Good,6,Field,No Response,Legal,8796
SFL104770,58482,26161,111,Tier 1,Medium,Poor,15,Call,Refused,Call,0
SFL104771,226517,99994,175,Tier 3,Low,Average,9,Field,No Response,Field,0
SFL104772,831824,554769,21,Tier 1,Low,Good,3,Call,Refused,Field,0
SFL104773,35932,20241,613,Tier 2,Low,Poor,2,Call,No Response,Legal,0
SFL104774,12633,3811,194,Tier 3,Low,Poor,10,Call,Paid,Legal,0
SFL104775,340180,294707,70,Tier 2,Medium,Average,5,Call,Paid,Field,0
SFL104776,494958,337124,243,Tier 2,High,Poor,13,Call,No Response,Field,0
SFL104777,295602,191170,195,Tier 3,Medium,Average,5,Field,Promised,Field,0
SFL104778,42844,32391,303,Tier 2,Medium,Average,8,Call,Paid,Legal,14197
SFL104779,640778,259554,127,Tier 1,Low,Average,2,Call,No Response,Call,107089
SFL104780,165888,81161,160,Tier 3,High,Good,7,Field,Promised,Field,41379
SFL104781,70387,63353,34,Tier 3,Medium,Average,1,Call,Promised,Field,30173
SFL104782,55247,45846,384,Tier 1,Medium,Average,12,Call,Promised,Field,31571
SFL104783,557561,194686,315,Tier 1,Low,Average,4,Field,No Response,Call,64832
SFL104784,309083,154940,22,Tier 3,Medium,Good,5,Field,Promised,Field,84381
SFL104785,73038,23110,125,Tier 2,Medium,Average,2,Field,No Response,Field,9949
SFL104786,41813,40402,92,Tier 3,Medium,Average,16,Field,Refused,Legal,12632
SFL104787,310700,128677,128,Tier 2,Low,Average,1,Field,Paid,Call,0
SFL104788,170574,95302,81,Tier 1,Low,Average,13,Call,Refused,Call,12206
SFL104789,19406,13815,537,Tier 1,Medium,Average,10,Call,Promised,Call,0
SFL104790,883275,771439,126,Tier 2,Low,Average,4,Call,Paid,Call,338628
SFL104791,201764,190655,499,Tier 1,Medium,Average,7,Legal,No Response,Legal,0
SFL104792,46443,30748,14,Tier 2,Medium,Average,11,Field,No Response,Call,0
SFL104793,21290,14345,119,Tier 3,Low,Poor,5,Call,Promised,Call,0
SFL104794,27290,18756,105,Tier 3,High,Good,10,Call,Paid,Field,17892
SFL104795,221174,177497,237,Tier 1,Medium,Good,7,Call,Paid,Call,150566
SFL104796,155417,104677,132,Tier 2,Medium,Average,9,Field,No Response,Field,79932
SFL104797,391573,321104,548,Tier 3,Medium,Poor,8,Call,Refused,Call,0
SFL104798,660619,563025,327,Tier 2,High,Average,9,Field,No Response,Field,0
SFL104799,513222,255657,28,Tier 1,Medium,Good,11,Field,No Response,Field,163424
SFL104800,202274,104156,107,Tier 2,Medium,Poor,8,Field,No Response,Field,60097
SFL104801,236209,127833,220,Tier 1,Low,Average,5,Call,No Response,Call,0
SFL104802,21119,20120,269,Tier 3,Medium,Good,9,Field,Refused,Field,0
SFL104803,13386,4059,790,Tier 3,Low,Good,9,Call,Promised,Legal,0
SFL104804,51471,24078,76,Tier 1,Low,Average,6,Call,No Response,Call,0
SFL104805,306596,180675,324,Tier 1,Medium,Poor,14,Field,No Response,Field,0
SFL104806,347350,158813,179,Tier 2,Medium,Average,5,Call,Promised,Call,56088
SFL104807,865843,668735,307,Tier 3,High,Poor,13,Legal,No Response,Call,0
SFL104808,1159172,758931,154,Tier 2,Low,Poor,5,Call,No Response,Field,0
SFL104809,26822,20779,295,Tier 1,Medium,Poor,6,Legal,No Response,Call,0
SFL104810,619199,279666,149,Tier 1,High,Average,15,Call,Refused,Call,0
SFL104811,68704,33567,213,Tier 2,Low,Average,1,Call,Promised,Field,13888
SFL104812,64434,35498,764,Tier 2,Medium,Average,6,Call,Refused,Call,9156
SFL104813,41025,22253,293,Tier 3,Low,Poor,14,Field,Paid,Call,0
SFL104814,130116,49693,584,Tier 2,Medium,Average,10,Call,No Response,Legal,39564
SFL104815,37622,22430,74,Tier 2,High,Poor,13,Call,Promised,Call,0
SFL104816,56297,21589,98,Tier 3,Low,Average,2,Call,Paid,Field,18718
SFL104817,17849,11416,531,Tier 3,High,Good,2,Call,Paid,Call,0
SFL104818,59354,46331,554,Tier 2,Low,Good,7,Field,Paid,Legal,0
SFL104819,66227,50245,354,Tier 1,High,Average,1,Field,Refused,Field,7044
SFL104820,282450,195031,114,Tier 1,Medium,Poor,3,Call,No Response,Call,0
SFL104821,58828,46696,405,Tier 1,Low,Poor,9,Call,No Response,Legal,0
SFL104822,37135,19687,14,Tier 3,Low,Poor,2,Call,No Response,Call,0
SFL104823,54391,42245,25,Tier 3,Low,Average,4,Legal,No Response,Field,0
SFL104824,257277,129657,141,Tier 2,Medium,Average,3,Call,No Response,Field,0
SFL104825,20580,11657,271,Tier 3,Low,Average,4,Call,Refused,Field,0
SFL104826,134297,105162,449,Tier 1,Medium,Average,20,Field,Paid,Legal,0
SFL104827,1060258,368217,60,Tier 2,High,Average,13,Call,No Response,Field,155515
SFL104828,43056,35219,455,Tier 3,Low,Poor,2,Field,Promised,Legal,4250
SFL104829,162955,120720,70,Tier 2,Low,Poor,15,Call,No Response,Call,0
SFL104830,63657,45799,17,Tier 1,Medium,Poor,9,Legal,No Response,Legal,0
SFL104831,673113,624742,316,Tier 3,Medium,Poor,9,Call,Promised,Legal,0
SFL104832,805289,745809,406,Tier 2,Low,Good,4,Call,Refused,Call,0
SFL104833,39218,28051,112,Tier 2,Medium,Average,1,Field,No Response,Call,0
SFL104834,125207,61619,182,Tier 3,Low,Average,10,Field,Promised,Field,0
SFL104835,199641,69965,59,Tier 1,Low,Good,1,Field,No Response,Legal,0
SFL104836,54522,17923,310,Tier 2,Medium,Poor,3,Call,Promised,Legal,0
SFL104837,35803,22792,259,Tier 3,Medium,Average,12,Call,No Response,Field,6235
SFL104838,63861,37926,18,Tier 3,Low,Good,1,Field,No Response,Legal,29507
SFL104839,771846,579066,344,Tier 1,Medium,Poor,1,Call,Promised,Call,0
SFL104840,47115,39612,234,Tier 3,Low,Average,4,Legal,No Response,Field,16343
SFL104841,23504,14794,174,Tier 3,Medium,Average,16,Call,Refused,Field,0
SFL104842,15475,8742,248,Tier 2,Low,Good,12,Call,Promised,Field,0
SFL104843,46752,27770,101,Tier 3,Low,Poor,4,Call,Refused,Call,0
SFL104844,80670,59892,3,Tier 2,Low,Average,5,Legal,No Response,Call,0
SFL104845,31750,11555,110,Tier 1,Medium,Average,6,Call,No Response,Call,0
SFL104846,303484,212010,173,Tier 2,Low,Average,4,Call,No Response,Field,176732
SFL104847,423191,234735,103,Tier 2,High,Average,4,Call,Promised,Field,120964
SFL104848,64234,53224,78,Tier 2,Low,Poor,11,Field,No Response,Call,0
SFL104849,174502,98027,329,Tier 3,Medium,Average,18,Call,Refused,Field,0
SFL104850,413131,345270,209,Tier 1,High,Average,10,Legal,Promised,Call,113534
SFL104851,338694,301951,820,Tier 2,High,Average,3,Field,Promised,Field,0
SFL104852,16119,8767,89,Tier 3,High,Poor,7,Call,Promised,Call,0
SFL104853,22221,6758,29,Tier 2,Medium,Average,5,Field,Paid,Call,1984
SFL104854,28568,26874,180,Tier 2,Medium,Good,2,Call,No Response,Field,18491
SFL104855,66837,44528,316,Tier 3,Medium,Poor,12,Call,Promised,Call,0
SFL104856,505736,232372,53,Tier 2,Medium,Average,6,Call,No Response,Field,0
SFL104857,239461,81912,243,Tier 2,Low,Average,2,Field,Refused,Field,0
SFL104858,954200,448744,347,Tier 1,Low,Good,19,Call,Paid,Legal,0
SFL104859,1119329,770731,308,Tier 3,Low,Poor,9,Field,No Response,Call,0
SFL104860,118317,51721,218,Tier 3,Medium,Average,1,Call,No Response,Field,0
SFL104861,711932,339903,243,Tier 2,Medium,Poor,7,Call,Refused,Call,0
SFL104862,69349,34185,72,Tier 2,High,Good,4,Legal,Promised,Field,23020
SFL104863,115959,75627,68,Tier 3,High,Poor,17,Field,No Response,Legal,0
SFL104864,68350,45227,62,Tier 3,Medium,Poor,20,Call,No Response,Legal,0
SFL104865,44868,26752,102,Tier 3,Medium,Good,1,Call,Promised,Field,23996
SFL104866,1092429,610140,823,Tier 2,Low,Good,9,Legal,No Response,Legal,0
SFL104867,323104,244856,421,Tier 2,Medium,Poor,8,Call,No Response,Legal,0
SFL104868,196598,155695,193,Tier 2,Low,Poor,1,Legal,No Response,Call,0
SFL104869,233360,99225,7,Tier 3,Medium,Poor,6,Call,No Response,Call,0
SFL104870,71413,50948,146,Tier 1,Medium,Average,2,Call,Promised,Call,0
SFL104871,284711,131729,65,Tier 3,Low,Poor,1,Call,Refused,Call,0
SFL104872,12792,12024,636,Tier 3,Medium,Average,4,Field,Refused,Field,0
SFL104873,161006,141144,201,Tier 3,Low,Average,10,Call,No Response,Field,0
SFL104874,119438,42529,91,Tier 2,Medium,Average,7,Call,Promised,Field,0
SFL104875,234737,107671,50,Tier 3,Low,Average,16,Field,Promised,Call,0
SFL104876,52630,45584,81,Tier 1,High,Average,9,Call,Promised,Call,31777
SFL104877,143597,121634,151,Tier 1,Low,Average,19,Field,Refused,Call,38666
SFL104878,18515,12795,78,Tier 2,Low,Average,18,Call,Promised,Call,0
SFL104879,191659,177348,102,Tier 1,Low,Poor,14,Call,Paid,Call,0
SFL104880,317409,283550,189,Tier 2,Low,Average,5,Call,Refused,Field,0
SFL104881,42508,24246,230,Tier 2,Low,Average,4,Call,Promised,Field,0
SFL104882,65429,52297,167,Tier 2,Medium,Poor,6,Legal,No Response,Call,0
SFL104883,388020,145150,255,Tier 2,Low,Good,6,Call,Promised,Field,82617
SFL104884,54710,34665,159,Tier 2,Medium,Average,3,Call,Promised,Field,17604
SFL104885,165577,147012,837,Tier 1,Low,Good,8,Call,Promised,Legal,0
SFL104886,393976,247323,73,Tier 3,Medium,Good,4,Call,Paid,Field,246467
SFL104887,893986,389204,815,Tier 2,Medium,Average,1,Field,No Response,Field,0
SFL104888,133842,83733,2,Tier 1,Medium,Average,1,Call,Paid,Field,34689
SFL104889,189916,123648,156,Tier 3,High,Poor,9,Field,No Response,Field,67691
SFL104890,59519,50359,232,Tier 2,High,Poor,17,Field,Promised,Field,10391
SFL104891,22004,20093,309,Tier 2,Low,Average,6,Call,Promised,Field,9513
SFL104892,161320,150593,140,Tier 3,Low,Poor,19,Call,No Response,Call,0
SFL104893,60327,51097,219,Tier 2,Low,Poor,6,Call,No Response,Field,0
SFL104894,296854,271313,195,Tier 2,Medium,Poor,10,Call,No Response,Call,0
SFL104895,165803,86659,142,Tier 1,High,Poor,9,Field,No Response,Call,0
SFL104896,57309,43248,620,Tier 2,Medium,Average,4,Legal,Refused,Legal,0
SFL104897,145437,127478,97,Tier 2,Low,Average,7,Call,Paid,Call,91229
SFL104898,28510,20135,331,Tier 2,Low,Good,2,Call,Refused,Field,0
SFL104899,64929,51015,16,Tier 3,High,Good,6,Field,Paid,Field,27874
SFL104900,347997,149592,221,Tier 1,Low,Average,4,Call,No Response,Legal,0
SFL104901,260248,123229,272,Tier 2,Medium,Good,3,Field,No Response,Field,90134
SFL104902,71203,21616,357,Tier 3,Medium,Average,14,Call,Promised,Field,10012
SFL104903,339704,228066,491,Tier 3,Low,Poor,3,Field,Refused,Legal,0
SFL104904,70265,46530,172,Tier 2,Medium,Average,4,Call,Promised,Call,0
SFL104905,25446,15643,111,Tier 1,Low,Average,10,Field,Refused,Call,0
SFL104906,957456,470097,101,Tier 2,Medium,Average,13,Call,No Response,Legal,0
SFL104907,69409,28956,16,Tier 3,Low,Average,4,Call,No Response,Call,0
SFL104908,830460,789570,297,Tier 3,Low,Poor,7,Call,Promised,Call,0
SFL104909,94434,88592,63,Tier 3,Medium,Average,7,Field,No Response,Field,0
SFL104910,405027,131339,98,Tier 1,Low,Average,4,Call,No Response,Legal,0
SFL104911,333163,323135,139,Tier 1,Medium,Average,4,Field,Refused,Call,0
SFL104912,59897,29926,104,Tier 2,Low,Average,20,Legal,No Response,Call,10224
SFL104913,34221,24904,129,Tier 2,Medium,Poor,5,Call,Promised,Call,0
SFL104914,40132,37084,187,Tier 2,High,Average,10,Call,No Response,Call,24243
SFL104915,32079,24786,9,Tier 1,Medium,Average,2,Field,No Response,Call,0
SFL104916,234716,138818,57,Tier 2,Medium,Average,20,Legal,Promised,Field,0
SFL104917,26494,8685,263,Tier 3,High,Poor,3,Call,Refused,Call,0
SFL104918,204807,90222,140,Tier 2,Low,Poor,10,Call,Promised,Legal,0
SFL104919,1107313,475451,217,Tier 3,High,Poor,5,Call,No Response,Call,0
SFL104920,47552,41310,149,Tier 2,Medium,Good,5,Call,Promised,Call,22787
SFL104921,114928,36363,120,Tier 3,Low,Good,5,Call,No Response,Field,0
SFL104922,20785,12486,33,Tier 2,Low,Poor,9,Field,No Response,Call,3556
SFL104923,36107,21378,158,Tier 3,Low,Average,15,Field,Refused,Field,0
SFL104924,279352,152235,120,Tier 1,Medium,Poor,2,Call,No Response,Call,0
SFL104925,1173572,368993,117,Tier 1,Low,Average,6,Call,Promised,Field,195316
SFL104926,100579,83085,356,Tier 3,Low,Poor,5,Call,No Response,Call,0
SFL104927,513189,359451,249,Tier 3,High,Poor,8,Call,No Response,Call,0
SFL104928,60265,39921,154,Tier 2,Medium,Average,6,Call,Refused,Call,0
SFL104929,61276,23855,132,Tier 3,Low,Average,1,Field,Refused,Field,0
SFL104930,149679,70758,123,Tier 2,Low,Average,9,Call,No Response,Field,0
SFL104931,246387,167980,84,Tier 2,High,Average,4,Field,Refused,Field,0
SFL104932,627067,252915,225,Tier 3,Low,Average,1,Field,Paid,Field,0
SFL104933,1088718,508500,129,Tier 2,Low,Poor,3,Call,Promised,Call,0
SFL104934,177586,106370,136,Tier 2,Low,Poor,7,Call,No Response,Call,0
SFL104935,63186,26124,60,Tier 3,Medium,Poor,4,Call,Promised,Call,0
SFL104936,1117165,790319,631,Tier 3,High,Average,7,Call,Refused,Legal,0
SFL104937,746542,514406,104,Tier 2,Low,Average,9,Call,Promised,Field,0
SFL104938,52477,15763,317,Tier 1,High,Average,5,Field,Refused,Call,0
SFL104939,20017,10821,95,Tier 1,Medium,Good,10,Field,Promised,Call,9704
SFL104940,28359,9603,23,Tier 2,Medium,Average,2,Call,No Response,Legal,6219
SFL104941,25327,20175,44,Tier 2,High,Average,10,Call,No Response,Field,13871
SFL104942,19964,13344,117,Tier 2,High,Average,6,Call,Promised,Field,4215
SFL104943,46252,30893,84,Tier 1,Low,Average,5,Call,No Response,Call,0
SFL104944,39956,34626,123,Tier 2,Medium,Poor,1,Field,No Response,Call,0
SFL104945,233849,105428,263,Tier 3,Low,Average,5,Call,No Response,Field,0
SFL104946,86264,62881,519,Tier 2,Medium,Good,8,Legal,No Response,Field,28704
SFL104947,69493,30594,566,Tier 2,Low,Poor,4,Field,Refused,Field,0
SFL104948,69909,58637,335,Tier 1,Low,Good,8,Field,No Response,Call,0
SFL104949,1070499,416257,192,Tier 1,High,Good,10,Field,No Response,Call,166546
SFL104950,283418,185597,315,Tier 2,High,Poor,1,Call,No Response,Legal,0
SFL104951,101756,84690,332,Tier 1,Medium,Poor,6,Legal,Promised,Legal,0
SFL104952,179841,130701,137,Tier 1,Medium,Poor,16,Field,No Response,Call,0
SFL104953,54371,45371,588,Tier 1,Low,Poor,4,Call,No Response,Call,11074
SFL104954,65955,55455,224,Tier 1,Medium,Poor,14,Call,No Response,Field,0
SFL104955,172434,124982,63,Tier 2,Low,Good,3,Field,Paid,Field,122534
SFL104956,262410,244127,32,Tier 3,Medium,Average,9,Call,Refused,Field,0
SFL104957,12146,9299,526,Tier 2,High,Poor,7,Field,No Response,Call,0
SFL104958,299502,151001,253,Tier 1,Low,Poor,6,Field,Refused,Call,0
SFL104959,1185178,479482,498,Tier 3,Low,Good,3,Legal,No Response,Field,0
SFL104960,27708,22278,160,Tier 2,Low,Average,8,Call,Promised,Field,0
SFL104961,38196,30979,256,Tier 1,Medium,Poor,1,Field,Paid,Legal,0
SFL104962,261443,142213,32,Tier 3,High,Average,5,Legal,Refused,Field,71811
SFL104963,91803,50889,176,Tier 2,Low,Poor,14,Field,Refused,Legal,0
SFL104964,260936,168569,120,Tier 1,High,Average,13,Call,No Response,Call,0
SFL104965,62277,26904,159,Tier 3,Low,Average,5,Field,Refused,Field,0
SFL104966,1013726,832813,296,Tier 1,Low,Good,8,Call,Promised,Call,0
SFL104967,20856,7668,255,Tier 1,Medium,Poor,8,Call,Promised,Field,0
SFL104968,247529,166880,58,Tier 1,Low,Good,8,Call,Promised,Call,0
SFL104969,58447,56680,191,Tier 3,Low,Poor,10,Call,No Response,Legal,0
SFL104970,147304,57123,121,Tier 1,Low,Good,4,Field,Promised,Call,53324
SFL104971,274931,156132,59,Tier 1,High,Average,2,Call,Paid,Call,32168
SFL104972,251687,145615,171,Tier 1,High,Average,5,Field,Promised,Call,89659
SFL104973,288794,184931,264,Tier 2,Low,Good,13,Call,Promised,Field,0
SFL104974,41270,13215,37,Tier 3,High,Good,2,Call,No Response,Field,3447
SFL104975,213685,173834,366,Tier 2,Medium,Average,8,Field,No Response,Field,124323
SFL104976,454214,402225,121,Tier 2,Medium,Poor,12,Call,No Response,Field,0
SFL104977,224456,88678,39,Tier 1,Medium,Average,8,Field,No Response,Call,0
SFL104978,24048,22581,55,Tier 2,High,Poor,4,Legal,No Response,Field,0
SFL104979,273404,126112,342,Tier 2,Low,Average,10,Call,Paid,Field,0
SFL104980,169580,63626,52,Tier 2,Medium,Average,2,Field,Promised,Field,21375
SFL104981,36733,34023,572,Tier 2,Low,Average,17,Field,Refused,Field,0
SFL104982,240064,134137,856,Tier 3,Low,Average,5,Call,Promised,Field,34569
SFL104983,166993,71408,287,Tier 1,Medium,Poor,5,Call,No Response,Field,0
SFL104984,23590,13960,247,Tier 3,Low,Poor,11,Call,Refused,Legal,0
SFL104985,115095,60477,119,Tier 3,Medium,Good,3,Call,No Response,Call,0
SFL104986,93282,30728,110,Tier 2,Low,Good,6,Call,Refused,Field,0
SFL104987,137306,112805,124,Tier 1,Low,Poor,10,Legal,Refused,Field,0
SFL104988,42158,23228,303,Tier 1,Medium,Good,2,Call,Promised,Legal,14827
SFL104989,312062,128078,103,Tier 2,High,Poor,2,Call,Refused,Field,0
SFL104990,297659,128582,254,Tier 1,Medium,Good,9,Call,Paid,Call,117380
SFL104991,17876,16264,40,Tier 2,Low,Average,4,Call,No Response,Field,0
SFL104992,292665,274979,234,Tier 1,Low,Good,5,Call,Refused,Call,0
SFL104993,243288,211391,60,Tier 1,Medium,Average,8,Call,Promised,Legal,190229
SFL104994,188050,142175,856,Tier 2,High,Average,16,Call,No Response,Call,0
SFL104995,296356,106928,118,Tier 1,Low,Average,9,Call,No Response,Field,42062
SFL104996,54003,51664,110,Tier 2,High,Average,4,Call,Paid,Field,42940
SFL104997,65680,49218,178,Tier 2,Low,Poor,3,Field,No Response,Call,0
SFL104998,1112781,521304,166,Tier 2,High,Average,4,Call,No Response,Field,0
SFL104999,63715,43960,126,Tier 3,Low,Average,15,Call,Promised,Call,36712
SFL105000,37110,29084,816,Tier 1,Low,Poor,10,Field,Paid,Field,11054
SFL105001,345416,291122,48,Tier 2,High,Poor,5,Call,Promised,Legal,0
SFL105002,61204,59074,68,Tier 3,Low,Average,6,Call,Promised,Field,0
SFL105003,124202,100983,361,Tier 3,Medium,Average,5,Call,No Response,Field,0
SFL105004,59158,31253,539,Tier 3,Medium,Poor,15,Call,Paid,Field,0
SFL105005,40916,36816,261,Tier 2,Medium,Average,12,Call,Paid,Call,0
SFL105006,45445,20612,44,Tier 3,High,Average,2,Field,No Response,Call,14738
SFL105007,26623,12473,842,Tier 2,Medium,Average,17,Call,Promised,Field,0
SFL105008,118329,75480,155,Tier 2,High,Good,1,Field,Promised,Field,47837
SFL105009,320782,183420,96,Tier 1,Medium,Good,8,Field,No Response,Call,55547
SFL105010,313053,147221,325,Tier 1,Low,Average,3,Field,Refused,Field,0
SFL105011,450468,193558,328,Tier 2,Medium,Poor,2,Call,Refused,Field,58450
SFL105012,16842,7366,122,Tier 2,Low,Average,1,Call,No Response,Legal,0
SFL105013,295800,109245,82,Tier 3,High,Poor,6,Call,Paid,Call,42173
SFL105014,176261,145682,346,Tier 3,Medium,Average,6,Call,Refused,Field,0
SFL105015,121050,105910,584,Tier 2,Medium,Average,8,Field,Promised,Field,34170
SFL105016,122260,57547,52,Tier 2,Medium,Average,9,Legal,Promised,Field,27257
SFL105017,723303,406371,280,Tier 2,Low,Average,1,Field,Paid,Legal,0
SFL105018,182821,127021,132,Tier 3,Low,Average,17,Field,Promised,Field,0
SFL105019,17294,5776,38,Tier 3,High,Average,10,Call,Promised,Call,0
SFL105020,21887,11820,286,Tier 3,Low,Poor,3,Call,No Response,Legal,0
SFL105021,62850,30926,250,Tier 3,Medium,Poor,12,Field,No Response,Legal,0
SFL105022,1122356,773276,387,Tier 1,Low,Average,8,Call,Paid,Call,0
SFL105023,60891,42546,83,Tier 2,High,Average,8,Legal,No Response,Field,14792
SFL105024,1052194,900523,25,Tier 1,Low,Average,4,Field,Promised,Call,0
SFL105025,191829,172472,192,Tier 2,Medium,Poor,1,Call,Refused,Call,0
SFL105026,1176146,386238,197,Tier 2,Low,Poor,6,Field,Refused,Call,84664
SFL105027,129179,106801,99,Tier 3,High,Average,4,Call,Promised,Field,0
SFL105028,594470,470702,49,Tier 3,Low,Average,1,Legal,Refused,Field,0
SFL105029,217743,109661,22,Tier 3,Low,Average,8,Field,No Response,Call,0
SFL105030,184154,92004,331,Tier 1,Low,Average,7,Call,Paid,Call,0
SFL105031,47757,20027,172,Tier 1,Medium,Average,6,Call,Promised,Call,6003
SFL105032,560779,441328,72,Tier 3,Medium,Average,2,Call,No Response,Field,388596
SFL105033,120307,68025,126,Tier 1,Low,Poor,8,Call,No Response,Field,0
SFL105034,31344,28083,101,Tier 1,Low,Average,19,Field,No Response,Call,20901
SFL105035,61661,37691,245,Tier 2,Low,Poor,4,Field,Promised,Field,0
SFL105036,541577,394753,286,Tier 1,Low,Average,3,Call,Refused,Field,0
SFL105037,12909,7393,179,Tier 3,Low,Poor,5,Field,No Response,Call,0
SFL105038,135382,96250,88,Tier 1,Low,Average,9,Call,No Response,Call,0
SFL105039,811079,354568,217,Tier 3,Low,Good,6,Field,Paid,Field,0
SFL105040,1079944,769689,108,Tier 2,Low,Average,5,Call,Promised,Field,0
SFL105041,69440,65455,38,Tier 3,High,Average,13,Field,Promised,Field,0
SFL105042,653427,203056,165,Tier 1,High,Good,5,Call,Refused,Field,0
SFL105043,66592,50806,226,Tier 1,High,Poor,1,Field,Refused,Call,0
SFL105044,1180112,837799,681,Tier 3,Medium,Poor,2,Call,Refused,Legal,0
SFL105045,311758,128736,726,Tier 1,Low,Poor,8,Call,Refused,Legal,0
SFL105046,72293,31137,83,Tier 2,Medium,Poor,5,Call,Promised,Call,0
SFL105047,66143,62013,24,Tier 1,Medium,Poor,19,Call,No Response,Field,0
SFL105048,42972,29039,88,Tier 1,High,Good,5,Legal,Promised,Call,28463
SFL105049,1014931,736426,14,Tier 1,Low,Average,8,Field,Paid,Field,0
SFL105050,249304,117467,58,Tier 1,Low,Poor,8,Call,No Response,Legal,24154
SFL105051,38799,26886,219,Tier 1,Low,Average,4,Call,Promised,Call,13640
SFL105052,48985,25514,84,Tier 1,Medium,Average,19,Call,Refused,Field,0
SFL105053,72273,65055,248,Tier 2,Low,Poor,4,Field,Refused,Call,27159
SFL105054,25964,22876,16,Tier 3,Low,Good,2,Call,No Response,Field,0
SFL105055,97383,69869,5,Tier 3,Low,Average,6,Field,Promised,Field,34334
SFL105056,19732,7301,379,Tier 2,Low,Good,1,Call,Paid,Call,0
SFL105057,28094,13833,57,Tier 1,Low,Poor,8,Legal,Refused,Field,0
SFL105058,46729,28593,45,Tier 2,Medium,Good,12,Field,Paid,Call,22906
SFL105059,35999,33910,134,Tier 2,Medium,Average,10,Call,Promised,Field,0
SFL105060,474417,308690,119,Tier 3,Low,Average,4,Call,No Response,Field,0
SFL105061,180833,123671,177,Tier 3,Medium,Poor,1,Call,Refused,Field,0
SFL105062,48946,34549,150,Tier 1,High,Good,1,Field,No Response,Call,0
SFL105063,181297,133757,353,Tier 2,Medium,Average,2,Call,No Response,Field,0
SFL105064,10009,5704,133,Tier 2,Medium,Average,7,Field,No Response,Field,0
SFL105065,340598,238435,736,Tier 3,Low,Poor,7,Call,No Response,Legal,0
SFL105066,135664,43319,260,Tier 2,Low,Poor,10,Call,Paid,Call,0
SFL105067,591888,322877,161,Tier 3,Low,Good,5,Call,No Response,Call,98885
SFL105068,68287,53746,147,Tier 3,Low,Poor,10,Field,No Response,Call,0
SFL105069,12553,6275,687,Tier 2,Medium,Poor,8,Call,Refused,Field,0
SFL105070,63216,32938,203,Tier 2,Medium,Poor,16,Call,No Response,Call,13149
SFL105071,818735,612269,240,Tier 2,Low,Good,10,Call,Refused,Call,0
SFL105072,73382,44836,665,Tier 3,Low,Poor,9,Call,No Response,Legal,0
SFL105073,477748,429996,349,Tier 1,High,Average,8,Call,Refused,Call,0
SFL105074,426757,133530,888,Tier 2,Medium,Average,5,Call,No Response,Legal,0
SFL105075,266307,241131,30,Tier 1,Medium,Average,6,Call,Paid,Call,206604
SFL105076,159279,83123,228,Tier 3,Medium,Average,9,Call,Promised,Field,73336
SFL105077,41084,22185,125,Tier 3,Low,Average,4,Call,Promised,Call,5145
SFL105078,183495,118173,91,Tier 3,Medium,Average,2,Field,Paid,Field,64181
SFL105079,130826,57047,216,Tier 2,High,Poor,19,Call,No Response,Call,0
SFL105080,628594,414295,132,Tier 2,High,Average,6,Call,Promised,Field,0
SFL105081,53397,26968,253,Tier 3,High,Good,6,Legal,Refused,Field,0
SFL105082,258666,177693,63,Tier 2,Medium,Good,8,Call,No Response,Call,35790
SFL105083,41350,27750,207,Tier 3,Low,Poor,1,Call,Promised,Call,0
SFL105084,297485,170882,106,Tier 3,Medium,Poor,7,Legal,No Response,Field,0
SFL105085,408088,320640,240,Tier 3,Low,Poor,1,Call,Refused,Field,0
SFL105086,29641,23252,358,Tier 2,Medium,Poor,2,Call,No Response,Field,2386
SFL105087,44571,39388,91,Tier 2,Medium,Average,5,Legal,Refused,Field,0
SFL105088,69463,66636,807,Tier 1,High,Average,2,Legal,Promised,Field,57234
SFL105089,252207,99853,353,Tier 3,High,Poor,7,Field,No Response,Call,0
SFL105090,51476,29883,140,Tier 1,Medium,Average,8,Field,No Response,Field,20282
SFL105091,74867,46652,701,Tier 3,Medium,Good,12,Field,Paid,Call,46089
SFL105092,190156,169329,341,Tier 2,Low,Poor,8,Field,No Response,Field,0
SFL105093,219074,104052,154,Tier 2,Medium,Average,1,Field,No Response,Field,0
SFL105094,32213,22599,370,Tier 2,Low,Average,5,Legal,No Response,Field,0
SFL105095,337622,193723,88,Tier 1,Low,Good,11,Call,No Response,Field,0
SFL105096,36961,25063,189,Tier 2,Low,Good,11,Field,No Response,Field,0
SFL105097,880393,558580,85,Tier 1,Medium,Good,1,Call,Promised,Field,307012
SFL105098,55788,37574,495,Tier 2,Low,Average,3,Legal,Refused,Legal,0
SFL105099,137918,62016,261,Tier 1,Low,Good,17,Call,Paid,Call,48917
SFL105100,1147156,1052314,286,Tier 1,Medium,Good,2,Call,Promised,Field,726106
SFL105101,267733,200146,77,Tier 1,Low,Poor,10,Call,Refused,Call,0
SFL105102,214342,140255,108,Tier 3,Low,Average,8,Field,No Response,Field,0
SFL105103,730972,709028,304,Tier 3,Low,Good,1,Call,Promised,Call,562782
SFL105104,237071,179276,209,Tier 1,High,Average,1,Call,No Response,Call,0
SFL105105,758650,569161,132,Tier 2,Medium,Average,8,Call,Paid,Call,0
SFL105106,37564,31069,54,Tier 3,Low,Good,5,Field,No Response,Field,0
SFL105107,73123,24973,108,Tier 2,Low,Poor,12,Field,Refused,Call,0
SFL105108,281199,253771,102,Tier 1,Medium,Good,1,Field,Paid,Call,134720
SFL105109,65889,29041,158,Tier 1,Medium,Average,1,Call,No Response,Field,13350
SFL105110,102646,72351,177,Tier 1,Medium,Poor,9,Call,Paid,Field,0
SFL105111,26919,21005,144,Tier 2,Low,Good,10,Call,No Response,Legal,0
SFL105112,55685,20757,228,Tier 3,High,Poor,17,Legal,Promised,Field,0
SFL105113,283140,90123,576,Tier 1,Low,Average,14,Call,No Response,Legal,0
SFL105114,50020,41984,691,Tier 2,Medium,Good,7,Legal,No Response,Legal,0
SFL105115,81573,56086,174,Tier 1,Medium,Average,4,Field,Refused,Field,27150
SFL105116,324322,124220,405,Tier 2,Low,Poor,6,Legal,Promised,Legal,0
SFL105117,652964,486509,525,Tier 3,Medium,Average,5,Call,No Response,Field,0
SFL105118,42255,13352,216,Tier 3,High,Poor,6,Call,Refused,Field,0
SFL105119,135252,121285,142,Tier 2,High,Poor,18,Legal,No Response,Call,0
SFL105120,43303,27953,48,Tier 1,Medium,Average,3,Call,Paid,Call,12917
SFL105121,463256,433871,121,Tier 1,Medium,Good,3,Call,Promised,Call,244865
SFL105122,58784,44369,72,Tier 3,Low,Poor,8,Field,No Response,Field,0
SFL105123,309948,126478,259,Tier 3,Low,Average,5,Call,Promised,Field,65989
SFL105124,64457,38126,277,Tier 2,Low,Average,1,Call,Promised,Field,14334
SFL105125,800869,526075,281,Tier 2,Medium,Good,6,Call,Promised,Field,271161
SFL105126,91793,44308,88,Tier 2,Low,Poor,3,Call,Promised,Call,20837
SFL105127,1026873,953599,687,Tier 2,Medium,Poor,7,Call,No Response,Call,0
SFL105128,112751,80260,158,Tier 2,Medium,Average,12,Call,Promised,Field,0
SFL105129,104743,36440,64,Tier 2,Medium,Poor,6,Field,No Response,Legal,0
SFL105130,63728,48097,174,Tier 1,Medium,Average,13,Call,No Response,Call,0
SFL105131,160086,55206,10,Tier 3,Low,Poor,7,Legal,Refused,Call,0
SFL105132,20518,9272,355,Tier 1,High,Average,3,Call,Refused,Call,0
SFL105133,326564,130384,121,Tier 3,Low,Average,4,Call,Refused,Field,0
SFL105134,841997,458658,619,Tier 1,Medium,Good,1,Call,No Response,Call,0
SFL105135,1018993,847826,110,Tier 2,Medium,Poor,6,Call,No Response,Legal,0
SFL105136,22047,18414,230,Tier 1,Low,Average,14,Field,Promised,Call,0
SFL105137,34514,27949,28,Tier 2,Low,Average,6,Call,Promised,Call,0
SFL105138,292352,156772,132,Tier 1,Medium,Average,3,Call,No Response,Field,0
SFL105139,266243,151049,117,Tier 3,Low,Average,6,Call,No Response,Field,0
SFL105140,29971,27231,579,Tier 2,High,Average,1,Field,No Response,Field,0
SFL105141,113310,92820,555,Tier 3,Low,Poor,3,Field,Refused,Field,0
SFL105142,199410,174877,362,Tier 3,Low,Poor,7,Field,No Response,Field,0
SFL105143,283079,270910,302,Tier 2,High,Poor,5,Legal,No Response,Legal,0
SFL105144,93889,60364,43,Tier 3,High,Poor,12,Call,No Response,Call,0
SFL105145,274222,212345,75,Tier 1,Low,Average,6,Field,Refused,Call,0
SFL105146,195397,166757,153,Tier 2,Low,Average,5,Field,Paid,Field,0
SFL105147,73138,38902,220,Tier 2,Low,Average,6,Call,Promised,Field,0
SFL105148,33349,11399,351,Tier 1,Medium,Average,10,Call,Refused,Call,0
SFL105149,53677,23940,159,Tier 1,High,Poor,5,Field,Refused,Call,0
SFL105150,136780,81302,7,Tier 2,Medium,Average,7,Call,Refused,Field,14124
SFL105151,20327,12029,70,Tier 2,Medium,Average,9,Call,Promised,Field,9698
SFL105152,62837,26999,781,Tier 3,High,Average,9,Call,Refused,Field,0
SFL105153,215141,130903,308,Tier 1,Low,Average,5,Field,Refused,Legal,0
SFL105154,53664,48591,78,Tier 3,Medium,Good,6,Call,Promised,Field,33348
SFL105155,111572,79503,104,Tier 3,Low,Poor,6,Field,Refused,Call,0
SFL105156,45609,38548,96,Tier 3,Medium,Average,5,Legal,Promised,Field,0
SFL105157,149388,83079,525,Tier 2,Low,Average,9,Call,Promised,Legal,0
SFL105158,239646,222058,87,Tier 2,Medium,Good,8,Call,No Response,Field,63833
SFL105159,241760,126317,74,Tier 3,Medium,Poor,2,Call,No Response,Call,0
SFL105160,317918,171573,142,Tier 1,Low,Poor,18,Call,Promised,Field,0
SFL105161,13924,9055,45,Tier 2,High,Average,8,Field,No Response,Field,3477
SFL105162,41134,32972,46,Tier 3,Low,Average,13,Call,Paid,Legal,0
SFL105163,12974,7231,285,Tier 1,High,Good,2,Field,Promised,Call,6466
SFL105164,195211,114273,295,Tier 2,Low,Average,8,Field,Refused,Field,0
SFL105165,235595,96379,701,Tier 2,Low,Good,9,Call,Paid,Field,78342
SFL105166,66572,56887,80,Tier 2,Low,Poor,8,Call,No Response,Field,0
SFL105167,337064,200600,283,Tier 1,High,Average,10,Call,Promised,Call,0
SFL105168,349528,328280,278,Tier 2,Low,Average,2,Call,Promised,Call,0
SFL105169,130536,108069,476,Tier 2,Medium,Poor,9,Call,Refused,Call,0
SFL105170,28563,17899,267,Tier 1,Low,Poor,9,Field,No Response,Call,0
SFL105171,132339,126242,48,Tier 2,High,Poor,6,Legal,Promised,Field,23395
SFL105172,40608,38632,230,Tier 3,Medium,Poor,3,Field,No Response,Call,0
SFL105173,187327,81800,352,Tier 2,Low,Poor,10,Call,No Response,Call,0
SFL105174,27625,15057,53,Tier 3,High,Average,16,Call,Refused,Field,0
SFL105175,332452,135932,843,Tier 1,Medium,Poor,6,Call,Refused,Legal,0
SFL105176,75164,25896,76,Tier 2,Low,Average,5,Field,Paid,Field,0
SFL105177,1181276,918340,284,Tier 2,Low,Poor,2,Field,No Response,Call,0
SFL105178,12908,12417,607,Tier 1,High,Good,9,Call,Promised,Call,0
SFL105179,329728,167230,99,Tier 1,Low,Poor,9,Call,Refused,Field,0
SFL105180,44980,40254,696,Tier 2,Medium,Good,13,Field,Promised,Field,28070
SFL105181,11927,10376,423,Tier 1,Medium,Average,8,Field,Promised,Legal,0
SFL105182,954726,682421,759,Tier 1,High,Good,13,Call,Promised,Legal,0
SFL105183,44785,21750,99,Tier 2,Low,Average,4,Call,No Response,Legal,0
SFL105184,31832,12588,104,Tier 2,Medium,Good,6,Call,Promised,Call,7407
SFL105185,667171,371050,319,Tier 1,High,Poor,2,Call,No Response,Call,0
SFL105186,195389,151654,92,Tier 2,High,Average,17,Call,No Response,Call,61044
SFL105187,35290,15637,113,Tier 2,Low,Poor,11,Field,Refused,Field,0
SFL105188,875698,378808,88,Tier 2,Medium,Good,3,Call,Paid,Field,261883
SFL105189,36651,12086,87,Tier 3,High,Poor,6,Call,Refused,Field,0
SFL105190,619428,588210,99,Tier 2,High,Average,13,Call,Refused,Field,0
SFL105191,44451,30800,304,Tier 1,Low,Average,8,Field,Refused,Call,6671
SFL105192,71374,50171,87,Tier 1,Medium,Poor,3,Call,Refused,Call,15203
SFL105193,88693,63080,110,Tier 2,High,Poor,11,Field,No Response,Call,0
SFL105194,33299,14056,885,Tier 2,High,Average,1,Field,Promised,Field,4257
SFL105195,103026,54328,87,Tier 1,Low,Poor,10,Field,No Response,Call,0
SFL105196,39420,12761,581,Tier 3,Medium,Poor,5,Field,No Response,Call,0
SFL105197,51219,25209,360,Tier 1,High,Average,4,Call,Refused,Call,0
SFL105198,494907,355937,16,Tier 3,Low,Good,4,Field,No Response,Field,0
SFL105199,46837,27792,80,Tier 2,Low,Average,8,Call,Promised,Field,16069
SFL105200,302102,287828,391,Tier 2,Medium,Poor,6,Field,Promised,Legal,0
SFL105201,23241,17612,780,Tier 2,High,Average,17,Call,Refused,Legal,0
SFL105202,23072,10823,126,Tier 3,Medium,Good,6,Legal,Paid,Field,5491
SFL105203,157673,110404,137,Tier 1,Low,Average,7,Call,No Response,Call,0
SFL105204,83092,70198,171,Tier 2,Low,Poor,5,Call,Promised,Call,0
SFL105205,245182,94722,430,Tier 1,Medium,Poor,14,Call,Refused,Legal,0
SFL105206,322579,200291,780,Tier 3,Low,Average,2,Field,Promised,Legal,131411
SFL105207,973087,788922,342,Tier 3,Medium,Good,10,Call,Promised,Field,589295
SFL105208,491441,380886,124,Tier 3,Medium,Poor,5,Field,Refused,Call,0
SFL105209,45153,32240,205,Tier 2,Medium,Average,10,Call,No Response,Call,7370
SFL105210,37355,26652,110,Tier 1,Medium,Average,1,Call,Refused,Legal,8353
SFL105211,44308,27163,124,Tier 3,Low,Poor,17,Call,Promised,Call,0
SFL105212,276567,114543,189,Tier 2,Low,Poor,16,Field,No Response,Field,0
SFL105213,164139,85851,89,Tier 2,High,Poor,10,Call,No Response,Field,0
SFL105214,332071,228469,337,Tier 3,Medium,Average,16,Field,Refused,Call,0
SFL105215,63392,38571,126,Tier 1,Medium,Good,1,Field,Promised,Call,21525
SFL105216,60087,50175,196,Tier 1,High,Good,5,Call,Promised,Call,28903
SFL105217,11186,6136,109,Tier 2,Low,Poor,7,Call,Refused,Call,0
SFL105218,54998,50083,350,Tier 3,Low,Average,15,Call,Refused,Field,0
SFL105219,671243,474057,116,Tier 2,Medium,Average,13,Field,Promised,Field,0
SFL105220,76439,47828,280,Tier 2,Medium,Good,3,Field,Promised,Field,26056
SFL105221,242911,234276,17,Tier 1,Medium,Average,5,Field,Promised,Call,51948
SFL105222,40373,39060,579,Tier 1,Low,Average,5,Call,Promised,Legal,0
SFL105223,59955,37650,203,Tier 3,Low,Poor,11,Legal,Refused,Legal,0
SFL105224,171731,115366,102,Tier 2,High,Poor,1,Field,No Response,Call,0
SFL105225,300669,166007,473,Tier 3,Medium,Average,4,Field,Refused,Field,0
SFL105226,74973,41348,73,Tier 3,Low,Poor,5,Call,Promised,Call,0
SFL105227,431436,191246,55,Tier 2,Low,Average,5,Call,Promised,Field,0
SFL105228,56056,24113,148,Tier 2,High,Average,1,Field,Promised,Call,14804
SFL105229,70956,22829,120,Tier 1,Low,Good,7,Call,Paid,Legal,0
SFL105230,119692,92189,74,Tier 3,Medium,Poor,9,Call,No Response,Field,0
SFL105231,147106,89319,118,Tier 2,Medium,Poor,10,Call,Promised,Field,0
SFL105232,17711,14123,133,Tier 2,Medium,Average,5,Field,Refused,Field,0
SFL105233,68445,54387,145,Tier 2,High,Poor,4,Field,No Response,Field,0
SFL105234,10267,9194,133,Tier 2,High,Poor,10,Call,Refused,Call,0
SFL105235,1152321,431823,350,Tier 1,Low,Good,7,Field,Refused,Field,74604
SFL105236,614186,266010,742,Tier 2,Low,Poor,8,Legal,Refused,Field,0
SFL105237,13371,12261,136,Tier 3,Medium,Average,6,Call,Promised,Call,0
SFL105238,48127,45932,386,Tier 2,Medium,Average,6,Call,Paid,Field,0
SFL105239,21084,20340,825,Tier 2,Medium,Average,6,Call,Promised,Legal,0
SFL105240,827232,250980,4,Tier 2,Low,Poor,5,Call,Refused,Field,0
SFL105241,210107,168336,461,Tier 2,Medium,Poor,1,Call,Promised,Legal,0
SFL105242,589204,364856,632,Tier 2,Low,Poor,7,Legal,Refused,Legal,0
SFL105243,24507,10107,179,Tier 3,Low,Average,7,Field,No Response,Call,0
SFL105244,71942,61814,716,Tier 1,Low,Good,5,Call,Refused,Field,24233
SFL105245,263703,134905,12,Tier 1,Medium,Poor,11,Call,Promised,Call,14990
SFL105246,93198,33368,283,Tier 1,Low,Average,3,Call,Refused,Call,0
SFL105247,41748,39831,154,Tier 1,Low,Good,2,Call,Refused,Call,0
SFL105248,170726,73316,696,Tier 1,High,Average,9,Call,No Response,Legal,0
SFL105249,44476,22523,115,Tier 1,Low,Average,1,Call,Promised,Field,0
SFL105250,129660,87040,152,Tier 2,Low,Average,6,Call,Promised,Field,77184
SFL105251,272512,159115,286,Tier 2,Medium,Average,3,Field,Refused,Field,0
SFL105252,926559,858399,29,Tier 1,Low,Average,2,Field,No Response,Call,511868
SFL105253,561336,415699,107,Tier 3,Low,Good,4,Call,Paid,Legal,0
SFL105254,43829,42070,344,Tier 2,Low,Average,9,Legal,No Response,Field,28193
SFL105255,69930,64702,123,Tier 1,Low,Poor,6,Legal,Refused,Call,0
SFL105256,243354,227596,152,Tier 3,Low,Poor,10,Call,Refused,Call,0
SFL105257,265152,214472,58,Tier 2,Low,Poor,4,Call,Refused,Field,0
SFL105258,198423,111481,7,Tier 1,Low,Poor,7,Field,Refused,Legal,0
SFL105259,10890,8028,29,Tier 2,High,Poor,5,Legal,Refused,Field,0
SFL105260,30491,16343,41,Tier 2,Low,Poor,1,Legal,Refused,Legal,0
SFL105261,54824,17310,595,Tier 3,Low,Average,4,Call,Promised,Field,0
SFL105262,588097,474753,195,Tier 2,High,Poor,9,Call,Refused,Field,0
SFL105263,16065,11501,168,Tier 2,Low,Poor,9,Field,No Response,Field,0
SFL105264,219184,199643,12,Tier 3,Low,Good,5,Call,Refused,Field,0
SFL105265,14956,11920,182,Tier 3,Medium,Average,6,Call,Promised,Field,3704
SFL105266,315301,246022,41,Tier 2,Medium,Poor,9,Legal,No Response,Call,0
SFL105267,270963,230091,200,Tier 1,Low,Poor,6,Legal,No Response,Call,0
SFL105268,276197,184311,120,Tier 3,Medium,Poor,11,Field,Refused,Field,0
SFL105269,17478,10002,110,Tier 3,Low,Average,3,Legal,No Response,Field,0
SFL105270,883389,396796,314,Tier 2,Medium,Poor,5,Call,Refused,Legal,0
SFL105271,460091,185480,223,Tier 1,Medium,Good,1,Call,No Response,Call,0
SFL105272,210463,196033,22,Tier 3,Low,Good,4,Call,Refused,Field,0
SFL105273,894831,797649,124,Tier 2,Medium,Poor,7,Call,Promised,Field,0
SFL105274,25654,16565,118,Tier 1,Medium,Poor,2,Field,No Response,Field,0
SFL105275,69240,47425,205,Tier 2,High,Good,12,Field,Promised,Call,33782
SFL105276,158413,93173,852,Tier 3,Low,Poor,8,Call,Refused,Legal,0
SFL105277,22812,18893,193,Tier 2,Low,Poor,2,Call,Refused,Field,0
SFL105278,166322,123489,374,Tier 1,Low,Average,20,Field,No Response,Call,0
SFL105279,47236,42659,12,Tier 2,Medium,Poor,20,Call,Refused,Call,0
SFL105280,36594,15266,131,Tier 2,Low,Poor,9,Call,No Response,Call,0
SFL105281,137750,63402,123,Tier 1,High,Average,6,Field,Refused,Call,0
SFL105282,13001,9294,24,Tier 2,High,Average,9,Field,Promised,Legal,0
SFL105283,27576,15699,145,Tier 2,Low,Poor,4,Legal,Promised,Call,0
SFL105284,235713,109287,97,Tier 1,Medium,Poor,2,Call,No Response,Field,12707
SFL105285,504027,181292,438,Tier 2,Medium,Average,10,Field,Promised,Legal,0
SFL105286,210339,187126,178,Tier 2,Low,Poor,2,Call,No Response,Call,0
SFL105287,167611,142183,151,Tier 3,Medium,Poor,5,Call,No Response,Legal,0
SFL105288,40897,13163,116,Tier 3,Low,Good,4,Field,Refused,Field,0
SFL105289,307071,227982,670,Tier 3,Medium,Good,10,Call,Paid,Field,0
SFL105290,201935,113609,13,Tier 3,Low,Poor,5,Call,Promised,Legal,0
SFL105291,299187,286591,538,Tier 1,High,Poor,8,Call,No Response,Legal,0
SFL105292,380557,270593,129,Tier 3,High,Poor,3,Call,No Response,Call,0
SFL105293,363429,233356,23,Tier 2,High,Average,1,Field,Refused,Call,108899
SFL105294,31112,24909,17,Tier 3,Low,Good,19,Legal,Promised,Call,0
SFL105295,59410,25487,84,Tier 2,Low,Poor,7,Call,Refused,Field,0
SFL105296,766905,483590,131,Tier 2,Medium,Average,2,Call,No Response,Field,0
SFL105297,281837,251383,57,Tier 1,Low,Average,4,Field,Paid,Call,0
SFL105298,17632,16143,48,Tier 1,Medium,Good,6,Field,Paid,Field,8486
SFL105299,44620,27329,52,Tier 3,Medium,Poor,2,Field,No Response,Call,0
SFL105300,256423,224950,125,Tier 1,Medium,Average,5,Field,No Response,Legal,0
SFL105301,43483,21091,166,Tier 3,Low,Poor,1,Field,Paid,Call,0
SFL105302,65946,49729,18,Tier 3,Medium,Good,3,Field,Promised,Field,31487
SFL105303,625399,447621,92,Tier 1,Medium,Average,9,Field,No Response,Call,171642
SFL105304,40647,39266,252,Tier 1,High,Poor,7,Field,No Response,Call,21815
SFL105305,302001,160658,262,Tier 3,Low,Average,2,Legal,Refused,Call,0
SFL105306,298047,179217,115,Tier 3,Medium,Average,3,Call,Promised,Field,0
SFL105307,211269,108573,77,Tier 2,Medium,Average,6,Call,No Response,Field,69687
SFL105308,29950,10930,31,Tier 2,Medium,Poor,4,Call,Refused,Field,0
SFL105309,389814,156887,10,Tier 2,Low,Average,2,Call,Refused,Field,47545
SFL105310,299639,146616,153,Tier 1,Medium,Average,9,Call,No Response,Field,0
SFL105311,206133,112334,238,Tier 1,High,Average,2,Call,No Response,Call,0
SFL105312,22505,19798,515,Tier 3,Medium,Average,18,Call,Paid,Legal,7939
SFL105313,235724,99844,269,Tier 2,Medium,Poor,6,Call,No Response,Field,0
SFL105314,37355,26399,452,Tier 2,Medium,Good,18,Call,No Response,Legal,0
SFL105315,67962,56126,557,Tier 3,Medium,Average,20,Call,No Response,Legal,0
SFL105316,1078311,597576,437,Tier 1,High,Poor,2,Field,Promised,Call,0
SFL105317,47627,18459,142,Tier 2,Medium,Average,7,Legal,Promised,Field,14618
SFL105318,21456,17439,163,Tier 1,Low,Average,10,Call,No Response,Legal,0
SFL105319,68198,61935,262,Tier 3,Low,Average,10,Call,No Response,Legal,0
SFL105320,23675,10499,2,Tier 3,Low,Poor,12,Call,No Response,Field,0
SFL105321,246100,167155,75,Tier 2,Medium,Good,20,Legal,Paid,Call,160869
SFL105322,189828,173141,15,Tier 2,High,Poor,5,Field,No Response,Call,0
SFL105323,241989,84383,35,Tier 2,High,Average,8,Field,No Response,Call,0
SFL105324,34391,33109,153,Tier 1,Low,Average,8,Call,Paid,Call,24087
SFL105325,57838,50750,266,Tier 1,High,Poor,3,Call,Promised,Call,27416
SFL105326,51508,17115,59,Tier 1,Low,Good,2,Call,Promised,Field,14403
SFL105327,188140,178696,107,Tier 2,Medium,Poor,3,Field,Paid,Field,0
SFL105328,15579,14133,140,Tier 2,High,Average,8,Call,Promised,Field,10919
SFL105329,314999,235401,230,Tier 2,Medium,Average,8,Field,No Response,Field,0
SFL105330,40988,37131,212,Tier 2,Low,Good,8,Call,Paid,Field,0
SFL105331,57879,20652,130,Tier 1,High,Poor,1,Call,No Response,Call,0
SFL105332,21951,18414,84,Tier 2,Low,Average,4,Call,No Response,Field,0
SFL105333,52895,47352,127,Tier 2,Medium,Poor,15,Call,No Response,Call,0
SFL105334,26159,9974,105,Tier 3,Low,Average,6,Call,Promised,Field,5416
SFL105335,65103,50373,338,Tier 1,Medium,Good,5,Field,Paid,Call,43852
SFL105336,62176,31011,895,Tier 2,Medium,Poor,11,Call,Promised,Call,0
SFL105337,869852,557372,119,Tier 2,Low,Average,8,Legal,Promised,Field,423792
SFL105338,109151,82028,300,Tier 2,High,Average,4,Field,Promised,Call,71422
SFL105339,216550,124421,271,Tier 1,Medium,Good,4,Call,Promised,Call,109295
SFL105340,177590,68226,93,Tier 1,High,Poor,20,Call,Promised,Call,0
SFL105341,40228,24881,54,Tier 1,Low,Average,12,Call,Promised,Field,0
SFL105342,60187,48709,197,Tier 2,High,Good,6,Field,Promised,Call,0
SFL105343,147948,114240,172,Tier 1,Medium,Average,11,Call,Refused,Call,37068
SFL105344,19471,8448,883,Tier 1,Low,Good,9,Field,Refused,Call,0
SFL105345,363902,345019,71,Tier 2,Medium,Poor,6,Legal,Promised,Call,0
SFL105346,639199,459485,466,Tier 2,Medium,Average,10,Call,Paid,Legal,0
SFL105347,27400,17746,36,Tier 3,Medium,Good,9,Call,No Response,Call,0
SFL105348,622448,343672,811,Tier 3,Low,Average,15,Field,No Response,Legal,0
SFL105349,72312,38405,577,Tier 1,Low,Poor,9,Call,Promised,Call,0
SFL105350,935797,294210,36,Tier 3,Medium,Poor,6,Legal,Refused,Call,0
SFL105351,135959,96168,363,Tier 1,Medium,Good,4,Field,No Response,Call,0
SFL105352,329650,229973,310,Tier 3,Medium,Average,4,Field,Promised,Call,0
SFL105353,151047,67848,65,Tier 2,Medium,Poor,4,Field,Paid,Field,0
SFL105354,670604,419719,145,Tier 3,High,Poor,8,Call,Refused,Field,0
SFL105355,931306,343259,156,Tier 3,Low,Poor,8,Call,No Response,Field,0
SFL105356,207295,194095,97,Tier 1,Low,Average,2,Legal,Refused,Legal,0
SFL105357,32793,20804,33,Tier 1,Low,Average,7,Call,Promised,Field,5324
SFL105358,188417,157750,538,Tier 3,Medium,Average,5,Field,Promised,Call,0
SFL105359,387171,129388,97,Tier 2,Low,Good,9,Call,Promised,Field,115510
SFL105360,303322,230585,148,Tier 3,High,Average,5,Field,Refused,Field,0
SFL105361,19600,13408,362,Tier 2,High,Poor,6,Call,No Response,Legal,0
SFL105362,175215,68923,45,Tier 3,High,Good,18,Call,Paid,Legal,0
SFL105363,244854,234047,350,Tier 2,High,Poor,18,Call,No Response,Legal,0
SFL105364,48729,30802,280,Tier 3,Low,Average,9,Field,Paid,Field,9711
SFL105365,331617,309219,17,Tier 3,High,Poor,1,Call,Refused,Call,0
SFL105366,319091,100364,287,Tier 3,Low,Average,2,Field,Refused,Field,0
SFL105367,441402,406013,122,Tier 3,Low,Average,7,Call,No Response,Call,0
SFL105368,39566,14812,41,Tier 3,Low,Good,4,Call,No Response,Field,13330
SFL105369,43404,37457,246,Tier 3,High,Poor,5,Call,Paid,Call,16439
SFL105370,36654,11370,633,Tier 2,Medium,Poor,5,Field,Promised,Field,0
SFL105371,17433,5396,208,Tier 2,Medium,Average,7,Field,Refused,Field,0
SFL105372,23840,7958,122,Tier 1,Medium,Poor,3,Field,Promised,Field,0
SFL105373,63732,38982,476,Tier 2,Low,Poor,9,Legal,No Response,Legal,0
SFL105374,12355,4557,419,Tier 3,Medium,Poor,10,Call,Refused,Field,0
SFL105375,20105,7939,66,Tier 1,High,Poor,15,Field,No Response,Call,0
SFL105376,1170728,386606,173,Tier 3,High,Average,3,Legal,No Response,Field,0
SFL105377,161088,75572,157,Tier 1,Low,Poor,2,Call,Refused,Call,0
SFL105378,304949,112467,174,Tier 1,Medium,Poor,8,Call,No Response,Legal,0
SFL105379,891814,501468,137,Tier 2,Medium,Average,1,Field,Promised,Field,308907
SFL105380,62614,59383,144,Tier 2,Medium,Good,8,Field,Paid,Call,0
SFL105381,58313,18444,142,Tier 2,High,Good,10,Call,Paid,Field,17092
SFL105382,46142,25597,150,Tier 1,Low,Average,10,Call,No Response,Call,0
SFL105383,45353,31878,220,Tier 3,Low,Poor,6,Call,Promised,Call,0
SFL105384,85822,52128,336,Tier 3,Medium,Poor,4,Call,Refused,Field,29322
SFL105385,833844,379891,693,Tier 2,Low,Poor,2,Field,No Response,Call,0
SFL105386,334670,108738,133,Tier 3,Low,Average,10,Field,Promised,Field,87834
SFL105387,166319,135678,263,Tier 3,Low,Poor,4,Call,Refused,Call,0
SFL105388,51714,45487,64,Tier 1,High,Average,8,Field,No Response,Call,0
SFL105389,407392,249674,48,Tier 3,Medium,Good,4,Field,No Response,Field,81222
SFL105390,679653,411747,152,Tier 2,Medium,Poor,5,Field,Promised,Call,0
SFL105391,157180,98842,137,Tier 2,Low,Poor,4,Legal,Refused,Field,0
SFL105392,303345,97122,134,Tier 1,Medium,Poor,3,Field,No Response,Field,0
SFL105393,74570,65987,76,Tier 1,High,Good,5,Call,Promised,Field,54401
SFL105394,987127,323021,53,Tier 3,High,Poor,4,Call,No Response,Field,0
SFL105395,540882,477254,363,Tier 2,Medium,Average,4,Call,No Response,Call,410969
SFL105396,74482,45593,111,Tier 3,High,Average,10,Call,No Response,Field,0
SFL105397,79521,69295,842,Tier 1,Low,Poor,8,Call,Refused,Field,0
SFL105398,77178,40222,2,Tier 2,Medium,Average,7,Call,Refused,Field,20842
SFL105399,40478,30824,109,Tier 3,Medium,Poor,2,Call,Refused,Call,12598
SFL105400,130617,74863,104,Tier 2,High,Average,3,Legal,Promised,Field,37680
SFL105401,21191,12996,120,Tier 2,High,Average,10,Legal,Promised,Field,10621
SFL105402,344353,122000,275,Tier 2,High,Average,1,Field,Promised,Field,0
SFL105403,32523,29204,290,Tier 1,High,Average,13,Field,Refused,Call,0
SFL105404,230019,140417,254,Tier 1,Low,Average,19,Field,No Response,Legal,0
SFL105405,129290,49678,101,Tier 1,Low,Average,9,Call,No Response,Legal,25043
SFL105406,204702,101662,85,Tier 2,Low,Good,2,Call,Promised,Call,93759
SFL105407,501785,176664,126,Tier 3,Medium,Average,7,Field,Paid,Field,93383
SFL105408,57096,18379,156,Tier 2,Low,Average,4,Field,No Response,Field,13640
SFL105409,34443,24568,25,Tier 2,Low,Poor,6,Field,No Response,Legal,0
SFL105410,53975,19819,91,Tier 2,Low,Poor,6,Field,No Response,Call,0
SFL105411,44539,14282,120,Tier 2,Medium,Good,2,Call,Promised,Call,7356
SFL105412,45989,30318,7,Tier 2,Low,Average,3,Field,Refused,Call,0
SFL105413,54695,48473,255,Tier 2,Medium,Average,5,Call,Refused,Field,0
SFL105414,258276,93495,345,Tier 2,Low,Average,6,Legal,Refused,Field,0
SFL105415,70637,37366,178,Tier 2,Medium,Poor,17,Call,No Response,Field,0
SFL105416,12743,8437,300,Tier 2,Medium,Poor,1,Call,No Response,Call,0
SFL105417,957163,595231,299,Tier 2,Low,Average,3,Call,Promised,Legal,0
SFL105418,104746,72957,7,Tier 3,Medium,Good,6,Field,Promised,Field,65887
SFL105419,699777,649647,26,Tier 2,Medium,Poor,3,Legal,No Response,Legal,0
SFL105420,56654,41529,103,Tier 3,Medium,Good,5,Call,Paid,Call,0
SFL105421,96534,33456,171,Tier 1,Low,Average,10,Call,Refused,Call,0
SFL105422,24774,13189,67,Tier 2,Medium,Average,12,Call,Paid,Call,11029
SFL105423,1153540,640068,641,Tier 2,High,Average,16,Call,No Response,Legal,0
SFL105424,175165,148597,143,Tier 3,High,Average,7,Field,Promised,Field,0
SFL105425,67586,39788,212,Tier 2,Low,Poor,7,Field,Refused,Call,0
SFL105426,328956,286990,41,Tier 2,Low,Average,5,Call,Refused,Call,0
SFL105427,49502,47614,123,Tier 1,Low,Average,2,Field,Refused,Call,0
SFL105428,162086,118205,21,Tier 3,Medium,Poor,1,Field,No Response,Call,0
SFL105429,299198,244792,51,Tier 2,Medium,Poor,5,Call,Promised,Field,0
SFL105430,146234,130877,57,Tier 3,Low,Poor,17,Legal,Promised,Field,0
SFL105431,57982,34668,59,Tier 2,Low,Average,3,Call,No Response,Field,0
SFL105432,15122,7259,247,Tier 1,Medium,Poor,1,Call,Refused,Call,0
SFL105433,62045,44910,179,Tier 2,Low,Average,5,Call,Promised,Call,13168
SFL105434,1028719,703626,83,Tier 1,Low,Average,8,Call,Paid,Call,0
SFL105435,29896,26263,119,Tier 1,High,Average,8,Call,No Response,Call,10862
SFL105436,54602,21298,46,Tier 3,Low,Poor,8,Field,Refused,Call,6981
SFL105437,1139365,634976,179,Tier 2,Low,Average,10,Field,No Response,Field,0
SFL105438,73489,30135,90,Tier 2,Medium,Average,9,Legal,Promised,Call,0
SFL105439,549975,174797,278,Tier 3,High,Poor,2,Field,Refused,Call,0
SFL105440,932422,751044,353,Tier 3,Low,Good,5,Call,Promised,Call,407947
SFL105441,168363,144024,673,Tier 2,Low,Poor,13,Call,Refused,Legal,0
SFL105442,240976,118243,111,Tier 1,Low,Good,13,Call,Paid,Call,0
SFL105443,24843,10640,340,Tier 3,Low,Average,4,Call,Paid,Call,2656
SFL105444,312433,117094,231,Tier 3,Medium,Good,2,Legal,No Response,Field,0
SFL105445,46550,43476,77,Tier 2,Medium,Poor,3,Call,Promised,Call,0
SFL105446,180785,141139,62,Tier 1,Low,Average,5,Call,Promised,Call,33860
SFL105447,285283,195950,145,Tier 1,Medium,Average,2,Call,Refused,Call,114604
SFL105448,82559,27417,16,Tier 3,Low,Poor,14,Call,Paid,Field,12074
SFL105449,1105497,754621,167,Tier 3,Low,Average,5,Legal,Refused,Field,0
SFL105450,193063,71267,59,Tier 2,Low,Good,11,Legal,Promised,Field,57776
SFL105451,312095,192100,148,Tier 2,Low,Good,18,Call,Refused,Call,58511
SFL105452,73834,66776,128,Tier 1,Low,Poor,3,Field,Promised,Legal,0
SFL105453,443067,240747,50,Tier 3,Medium,Average,9,Field,Promised,Field,0
SFL105454,307293,130232,316,Tier 1,High,Poor,6,Call,Promised,Call,0
SFL105455,38590,28553,80,Tier 2,Low,Average,1,Call,Promised,Field,22730
SFL105456,108033,44701,785,Tier 3,High,Good,7,Call,No Response,Field,0
SFL105457,50105,28531,4,Tier 1,Low,Average,6,Call,Promised,Call,0
SFL105458,248981,97337,172,Tier 1,Medium,Good,2,Call,Refused,Legal,0
SFL105459,38394,29812,7,Tier 1,Medium,Average,5,Call,No Response,Call,26506
SFL105460,280419,119708,155,Tier 3,Low,Good,3,Field,No Response,Field,0
SFL105461,585925,313634,232,Tier 3,Medium,Good,2,Call,No Response,Call,211701
SFL105462,244858,175804,271,Tier 2,Medium,Good,11,Field,Refused,Field,0
SFL105463,24061,16620,30,Tier 1,Medium,Good,17,Field,Paid,Call,8783
SFL105464,197546,94533,60,Tier 1,High,Good,1,Call,Paid,Call,67839
SFL105465,66500,21307,77,Tier 2,Low,Average,3,Call,No Response,Call,0
SFL105466,31334,21574,2,Tier 3,Low,Average,14,Call,No Response,Field,0
SFL105467,62221,32882,181,Tier 2,Low,Poor,2,Call,No Response,Call,0
SFL105468,1011675,594141,203,Tier 3,Medium,Average,4,Call,Paid,Field,0
SFL105469,807094,731040,317,Tier 1,Medium,Poor,6,Call,No Response,Legal,0
SFL105470,39669,18273,46,Tier 1,Low,Poor,8,Call,No Response,Field,0
SFL105471,13666,11671,475,Tier 2,Low,Poor,20,Call,No Response,Legal,0
SFL105472,1120764,614369,217,Tier 1,Medium,Average,7,Call,No Response,Call,159665
SFL105473,1092399,533871,22,Tier 2,Low,Average,6,Call,Refused,Legal,0
SFL105474,49353,34269,14,Tier 3,Low,Good,2,Legal,No Response,Call,28217
SFL105475,262039,149955,247,Tier 2,Medium,Average,6,Field,No Response,Call,0
SFL105476,68589,61921,771,Tier 3,Medium,Average,10,Legal,Promised,Legal,0
SFL105477,104784,81740,153,Tier 3,Medium,Average,9,Field,No Response,Field,0
SFL105478,23631,19432,755,Tier 1,Low,Poor,5,Call,No Response,Legal,0
SFL105479,193945,88656,144,Tier 3,Low,Good,1,Field,Promised,Legal,0
SFL105480,17545,9058,121,Tier 2,High,Average,8,Call,Paid,Field,6076
SFL105481,42035,34065,165,Tier 1,Medium,Poor,8,Call,No Response,Field,0
SFL105482,461566,441366,43,Tier 1,Low,Average,6,Call,No Response,Call,0
SFL105483,277897,137248,177,Tier 2,Medium,Good,6,Call,Promised,Legal,0
SFL105484,1142953,372214,41,Tier 1,High,Average,9,Legal,Paid,Call,83522
SFL105485,56988,48940,102,Tier 3,Low,Average,10,Call,Refused,Field,0
SFL105486,69616,37390,9,Tier 1,Medium,Good,6,Call,Paid,Legal,0
SFL105487,60874,38295,344,Tier 1,Medium,Poor,5,Legal,Promised,Field,0
SFL105488,169176,107896,635,Tier 1,Medium,Average,5,Legal,Promised,Legal,0
SFL105489,17598,14428,732,Tier 3,High,Poor,5,Call,Refused,Field,0
SFL105490,545396,321563,354,Tier 2,High,Average,4,Call,Paid,Field,0
SFL105491,63018,24189,268,Tier 3,High,Average,7,Field,Promised,Call,0
SFL105492,242184,74979,3,Tier 1,Medium,Good,17,Call,Promised,Call,42960
SFL105493,40871,24869,610,Tier 2,Low,Good,15,Call,Promised,Call,0
SFL105494,54249,35517,597,Tier 1,Low,Good,1,Call,Paid,Call,0
SFL105495,55191,45987,197,Tier 2,Low,Poor,12,Legal,Paid,Field,0
SFL105496,36649,21291,475,Tier 3,Medium,Average,5,Field,No Response,Field,0
SFL105497,150177,64313,149,Tier 1,High,Poor,6,Legal,Refused,Call,0
SFL105498,11081,6516,308,Tier 2,High,Poor,7,Call,Refused,Legal,0
SFL105499,45985,14980,187,Tier 1,Medium,Average,9,Legal,Refused,Call,0
SFL105500,18152,8242,118,Tier 2,High,Average,8,Call,Promised,Field,5717
SFL105501,270764,119517,76,Tier 2,Low,Average,10,Call,Promised,Legal,0
SFL105502,213585,95245,72,Tier 3,Low,Poor,6,Call,Refused,Legal,0
SFL105503,617069,296228,171,Tier 2,Low,Average,16,Field,No Response,Call,0
SFL105504,168129,79394,550,Tier 1,Low,Average,1,Call,Promised,Call,25507
SFL105505,18559,6089,24,Tier 3,Medium,Average,3,Call,Paid,Legal,0
SFL105506,37797,13884,139,Tier 1,Medium,Poor,7,Legal,No Response,Call,0
SFL105507,99781,73073,99,Tier 2,Low,Average,6,Legal,Promised,Call,0
SFL105508,11045,10000,257,Tier 2,Medium,Poor,4,Call,Refused,Call,0
SFL105509,44252,18746,99,Tier 3,Medium,Average,8,Call,No Response,Call,0
SFL105510,669207,529700,334,Tier 2,Low,Average,1,Field,No Response,Field,0
SFL105511,134359,41247,169,Tier 1,Low,Average,10,Call,Promised,Legal,0
SFL105512,886807,853494,16,Tier 1,Medium,Average,3,Call,No Response,Field,715904
SFL105513,143689,54713,188,Tier 1,High,Average,4,Call,Refused,Call,29527
SFL105514,333065,162514,66,Tier 2,Low,Average,1,Call,Promised,Field,65930
SFL105515,189131,58724,816,Tier 1,Medium,Good,4,Legal,No Response,Legal,0
SFL105516,91034,55279,81,Tier 3,High,Average,9,Legal,Paid,Field,30304
SFL105517,706122,508978,100,Tier 1,High,Poor,19,Call,No Response,Legal,0
SFL105518,998968,923926,158,Tier 3,Medium,Average,4,Field,Promised,Field,206385
SFL105519,52457,26488,439,Tier 2,Medium,Average,17,Call,Paid,Legal,12810
SFL105520,109941,70455,82,Tier 1,Medium,Average,4,Call,Refused,Call,0
SFL105521,39247,17170,212,Tier 2,Low,Average,8,Legal,Paid,Field,14692
SFL105522,131820,116796,312,Tier 2,High,Average,5,Field,No Response,Legal,0
SFL105523,106945,42339,51,Tier 1,Medium,Poor,6,Call,Promised,Call,21687
SFL105524,25290,17414,30,Tier 3,Low,Average,5,Legal,Promised,Call,0
SFL105525,56048,44680,241,Tier 1,Medium,Good,5,Legal,Paid,Field,36909
SFL105526,227743,135010,130,Tier 3,Low,Good,6,Field,No Response,Field,86823
SFL105527,32549,20406,143,Tier 3,Low,Average,4,Call,No Response,Call,0
SFL105528,25962,9652,107,Tier 1,Low,Poor,4,Field,Promised,Call,0
SFL105529,59485,53062,64,Tier 3,High,Average,5,Call,Promised,Field,0
SFL105530,45865,19043,149,Tier 1,Medium,Poor,1,Call,No Response,Field,0
SFL105531,72493,34729,25,Tier 2,Low,Good,4,Call,Paid,Field,31810
SFL105532,75465,28873,129,Tier 3,Low,Poor,10,Legal,Refused,Field,0
SFL105533,73130,23183,308,Tier 2,Medium,Poor,4,Field,Refused,Legal,0
SFL105534,67348,50345,865,Tier 2,High,Average,7,Field,Promised,Legal,0
SFL105535,341522,244568,380,Tier 1,Medium,Good,6,Call,Promised,Legal,194936
SFL105536,236882,112435,247,Tier 2,Low,Average,3,Call,Refused,Field,30761
SFL105537,29505,16324,100,Tier 3,High,Average,17,Field,No Response,Field,0
SFL105538,41296,24774,102,Tier 2,Low,Average,8,Call,Paid,Field,18655
SFL105539,322385,261380,350,Tier 1,High,Average,6,Call,Promised,Call,0
SFL105540,27158,20949,102,Tier 1,Low,Poor,2,Call,Promised,Call,10140
SFL105541,277628,174212,46,Tier 2,Medium,Poor,4,Legal,No Response,Call,0
SFL105542,69982,23752,152,Tier 2,Low,Average,9,Legal,Refused,Legal,0
SFL105543,34695,20182,244,Tier 3,Medium,Average,8,Call,Paid,Field,11179
SFL105544,210596,189845,155,Tier 1,Medium,Average,6,Call,Paid,Call,111397
SFL105545,71386,66418,29,Tier 2,High,Poor,10,Field,Paid,Call,0
SFL105546,67663,44153,349,Tier 2,Low,Poor,12,Field,Refused,Call,0
SFL105547,461983,408099,2,Tier 3,Medium,Average,2,Field,No Response,Call,0
SFL105548,290986,101358,427,Tier 3,Low,Average,2,Call,Promised,Legal,61777
SFL105549,713192,341231,164,Tier 1,Medium,Average,3,Call,No Response,Legal,302078
SFL105550,40517,21173,320,Tier 1,Low,Poor,7,Field,No Response,Legal,0
SFL105551,848342,514009,856,Tier 1,Medium,Average,6,Legal,Refused,Call,0
SFL105552,15570,7317,121,Tier 1,Medium,Average,9,Call,No Response,Call,0
SFL105553,57304,35483,374,Tier 2,Medium,Poor,6,Legal,No Response,Legal,0
SFL105554,60067,35112,174,Tier 3,Medium,Poor,16,Legal,No Response,Field,0
SFL105555,236666,132277,411,Tier 1,Low,Poor,9,Field,No Response,Call,0
SFL105556,53489,39440,827,Tier 2,Medium,Good,10,Call,Refused,Field,0
SFL105557,78693,47084,6,Tier 3,Medium,Poor,4,Call,Promised,Call,18319
SFL105558,15496,8832,18,Tier 1,Medium,Poor,10,Legal,No Response,Field,0
SFL105559,330857,143801,122,Tier 1,Medium,Poor,4,Call,No Response,Field,0
SFL105560,67806,25951,866,Tier 3,High,Average,3,Legal,Promised,Legal,0
SFL105561,238080,97224,278,Tier 2,Medium,Average,2,Legal,Promised,Call,86426
SFL105562,828994,262756,111,Tier 1,Low,Average,2,Call,Promised,Legal,0
SFL105563,622950,439300,101,Tier 3,Medium,Average,1,Call,No Response,Call,0
SFL105564,291144,273150,161,Tier 3,Low,Good,6,Call,No Response,Field,186532
SFL105565,143687,50631,673,Tier 1,Low,Good,10,Field,Promised,Call,0
SFL105566,673937,236294,92,Tier 2,Medium,Good,1,Field,Paid,Field,201366
SFL105567,127708,73124,14,Tier 3,Low,Poor,3,Field,Refused,Field,0
SFL105568,26299,10855,421,Tier 2,Low,Poor,12,Call,Refused,Call,0
SFL105569,38087,16781,116,Tier 3,High,Poor,5,Call,Refused,Field,0
SFL105570,21883,20433,225,Tier 2,Low,Average,6,Call,Promised,Field,15985
SFL105571,19863,11398,98,Tier 1,Low,Poor,10,Field,Promised,Field,0
SFL105572,13221,8581,334,Tier 2,Medium,Poor,4,Call,Refused,Call,0
SFL105573,18174,13057,662,Tier 3,Low,Good,14,Call,Promised,Call,0
SFL105574,317047,251626,838,Tier 2,High,Poor,15,Call,Paid,Field,0
SFL105575,192493,150676,101,Tier 1,High,Average,19,Call,No Response,Call,0
SFL105576,219908,183001,37,Tier 2,Low,Good,10,Field,Paid,Field,169475
SFL105577,57632,36479,264,Tier 2,Low,Poor,4,Legal,No Response,Call,0
SFL105578,856998,779802,169,Tier 2,Low,Good,18,Call,No Response,Field,0
SFL105579,195011,176352,261,Tier 3,Medium,Average,2,Field,Promised,Field,71695
SFL105580,228445,103495,79,Tier 2,Low,Poor,4,Call,Refused,Call,0
SFL105581,56191,48674,788,Tier 3,Low,Average,9,Call,No Response,Field,0
SFL105582,63071,49912,116,Tier 3,Low,Poor,7,Field,Refused,Call,0
SFL105583,49184,15198,183,Tier 3,Medium,Poor,9,Field,Refused,Legal,0
SFL105584,63447,32362,348,Tier 1,Medium,Poor,7,Call,No Response,Call,0
SFL105585,728043,620157,102,Tier 1,Low,Poor,10,Call,No Response,Call,0
SFL105586,658408,395729,83,Tier 1,Low,Good,6,Call,Paid,Call,308292
SFL105587,841810,735631,82,Tier 3,High,Average,5,Field,Refused,Call,0
SFL105588,225313,208531,135,Tier 2,Medium,Average,11,Field,No Response,Field,0
SFL105589,105124,53435,72,Tier 3,Medium,Average,3,Call,Promised,Call,13039
SFL105590,159439,99637,222,Tier 3,High,Poor,8,Call,No Response,Field,0
SFL105591,60577,24215,143,Tier 3,Low,Average,8,Legal,Promised,Field,0
SFL105592,29952,13432,175,Tier 2,High,Good,9,Field,No Response,Field,0
SFL105593,175593,83257,894,Tier 3,Low,Poor,1,Call,No Response,Legal,0
SFL105594,977513,677544,36,Tier 2,Medium,Good,2,Field,No Response,Field,316224
SFL105595,64576,54359,93,Tier 3,Low,Average,5,Call,Paid,Call,0
SFL105596,1025798,419772,300,Tier 2,High,Good,17,Legal,Promised,Field,251247
SFL105597,187089,157613,125,Tier 3,Low,Good,4,Field,Paid,Call,110778
SFL105598,273343,135875,351,Tier 2,Medium,Average,1,Call,Refused,Field,78937
SFL105599,50880,19088,111,Tier 1,Low,Good,4,Field,Refused,Call,0
SFL105600,256371,160044,129,Tier 2,Medium,Poor,9,Legal,No Response,Call,0
SFL105601,286302,112296,30,Tier 2,Low,Poor,4,Call,No Response,Call,0
SFL105602,869794,342588,326,Tier 3,High,Average,4,Field,Promised,Call,0
SFL105603,66470,20679,315,Tier 1,High,Average,3,Call,Paid,Call,8687
SFL105604,28374,10126,112,Tier 3,Low,Good,4,Call,Promised,Field,9173
SFL105605,35759,25028,108,Tier 1,Medium,Average,2,Call,Refused,Call,0
SFL105606,74049,45715,184,Tier 3,High,Poor,6,Call,No Response,Call,11180
SFL105607,57992,44693,325,Tier 3,Medium,Poor,12,Call,Refused,Call,0
SFL105608,128799,113596,122,Tier 1,Low,Poor,19,Call,Promised,Call,0
SFL105609,52110,45298,74,Tier 2,High,Average,7,Call,No Response,Call,0
SFL105610,19064,11221,364,Tier 1,Low,Poor,8,Call,No Response,Call,4962
SFL105611,97139,48469,102,Tier 1,Low,Average,10,Call,No Response,Legal,0
SFL105612,1127599,440114,98,Tier 2,Medium,Poor,8,Field,Refused,Call,237058
SFL105613,174752,145049,27,Tier 2,Low,Poor,1,Legal,No Response,Field,0
SFL105614,56641,36572,90,Tier 1,Low,Average,10,Field,No Response,Field,17457
SFL105615,21184,12851,456,Tier 1,High,Poor,5,Field,No Response,Field,0
SFL105616,48720,27062,149,Tier 1,Medium,Average,5,Call,No Response,Field,0
SFL105617,477221,230559,707,Tier 3,High,Poor,5,Legal,Refused,Field,0
SFL105618,1132642,802640,119,Tier 2,Low,Average,9,Call,Promised,Legal,0
SFL105619,12264,4113,128,Tier 3,Medium,Poor,4,Call,No Response,Call,0
SFL105620,12957,4801,108,Tier 3,Medium,Poor,4,Call,No Response,Call,0
SFL105621,49670,24702,165,Tier 1,High,Average,10,Call,Refused,Call,3335
SFL105622,220706,118236,57,Tier 3,Low,Average,9,Legal,Promised,Field,26436
SFL105623,47808,35798,122,Tier 1,Low,Poor,13,Call,Paid,Field,0
SFL105624,70053,25698,66,Tier 3,High,Poor,1,Call,No Response,Call,0
SFL105625,107505,65037,29,Tier 1,Low,Poor,1,Call,No Response,Call,0
SFL105626,284396,231418,143,Tier 1,Low,Poor,16,Field,Refused,Legal,0
SFL105627,16115,14829,149,Tier 2,Low,Average,6,Field,Paid,Call,0
SFL105628,775083,649069,5,Tier 2,High,Poor,13,Call,No Response,Field,110049
SFL105629,331374,182128,24,Tier 2,Low,Average,6,Legal,Paid,Call,0
SFL105630,12087,10626,34,Tier 1,Low,Poor,9,Call,Refused,Call,0
SFL105631,779217,363471,8,Tier 1,Medium,Average,4,Field,No Response,Call,230421
SFL105632,14445,5151,276,Tier 3,Low,Average,4,Call,Promised,Field,0
SFL105633,64120,37738,295,Tier 3,Medium,Average,5,Call,Refused,Field,0
SFL105634,12054,10475,24,Tier 1,High,Average,2,Field,Refused,Call,0
SFL105635,144825,70785,101,Tier 3,Low,Average,20,Field,No Response,Field,0
SFL105636,574894,352410,293,Tier 2,Medium,Poor,4,Field,Promised,Call,0
SFL105637,17826,9379,285,Tier 1,Low,Poor,4,Call,No Response,Call,0
SFL105638,28029,10345,61,Tier 3,Medium,Good,3,Field,No Response,Field,0
SFL105639,24013,16601,117,Tier 1,Low,Average,18,Field,Paid,Field,0
SFL105640,46898,44061,184,Tier 2,Low,Poor,5,Call,Promised,Call,6156
SFL105641,800443,568951,323,Tier 3,High,Poor,16,Call,No Response,Call,0
SFL105642,29648,23875,62,Tier 3,Low,Poor,5,Field,No Response,Legal,0
SFL105643,197615,176305,97,Tier 3,Low,Poor,1,Call,Promised,Field,0
SFL105644,587131,215837,61,Tier 2,Medium,Good,8,Call,Paid,Call,186267
SFL105645,35213,14796,298,Tier 2,Low,Good,5,Call,Paid,Legal,11028
SFL105646,1132672,904077,318,Tier 3,Medium,Poor,15,Legal,Promised,Field,0
SFL105647,126887,86538,362,Tier 1,High,Good,6,Call,Refused,Call,0
SFL105648,228565,108322,199,Tier 3,Medium,Average,16,Call,Promised,Field,0
SFL105649,33864,14669,544,Tier 3,Low,Average,11,Legal,No Response,Field,0
SFL105650,1053585,326879,18,Tier 2,Low,Average,2,Call,No Response,Field,0
SFL105651,35713,27133,15,Tier 3,High,Poor,5,Call,Promised,Call,12053
SFL105652,246262,143646,93,Tier 3,High,Poor,6,Legal,Refused,Call,0
SFL105653,66706,43895,202,Tier 2,Low,Good,2,Call,Promised,Field,24662
SFL105654,165306,63754,22,Tier 2,Low,Poor,6,Call,No Response,Call,0
SFL105655,251793,156913,657,Tier 3,Medium,Poor,4,Call,No Response,Legal,0
SFL105656,126947,112192,129,Tier 1,High,Poor,5,Call,Refused,Call,0
SFL105657,86800,67430,103,Tier 3,Medium,Poor,14,Legal,Refused,Legal,0
SFL105658,1095304,523604,76,Tier 3,Low,Average,12,Call,Paid,Field,184267
SFL105659,559042,485140,223,Tier 3,High,Average,10,Call,Refused,Field,251556
SFL105660,36721,34781,246,Tier 2,Low,Poor,5,Field,Refused,Field,0
SFL105661,229140,104313,191,Tier 2,High,Poor,20,Call,No Response,Call,0
SFL105662,294934,259601,643,Tier 3,Low,Average,4,Call,Promised,Field,57467
SFL105663,48305,19010,321,Tier 3,High,Average,18,Call,Paid,Field,0
SFL105664,90362,73850,44,Tier 3,Low,Good,9,Field,Paid,Field,38297
SFL105665,14352,11202,143,Tier 3,High,Good,7,Call,No Response,Call,3317
SFL105666,50531,27860,548,Tier 1,Low,Good,1,Field,Paid,Call,0
SFL105667,207429,127047,183,Tier 2,Low,Poor,4,Call,Promised,Field,0
SFL105668,1164058,407497,551,Tier 1,High,Poor,5,Legal,Promised,Legal,0
SFL105669,1124026,877605,680,Tier 1,Medium,Poor,5,Call,Refused,Legal,0
SFL105670,1045661,461922,644,Tier 1,Medium,Poor,1,Field,Refused,Call,0
SFL105671,47490,44487,290,Tier 2,High,Average,6,Call,Promised,Call,0
SFL105672,775223,245437,84,Tier 2,High,Poor,9,Field,No Response,Call,0
SFL105673,48544,17401,806,Tier 2,Low,Good,2,Field,No Response,Legal,4273
SFL105674,865572,572732,171,Tier 3,Low,Average,13,Call,No Response,Call,0
SFL105675,958748,373741,73,Tier 2,Medium,Average,4,Call,Promised,Field,333568
SFL105676,115580,40855,385,Tier 3,Low,Good,9,Field,Paid,Field,0
SFL105677,1193493,382040,70,Tier 2,Medium,Good,3,Call,Paid,Call,309482
SFL105678,116694,112951,41,Tier 2,Medium,Poor,4,Call,No Response,Field,0
SFL105679,38888,11792,278,Tier 1,Low,Average,3,Field,Paid,Field,10376
SFL105680,326478,170227,229,Tier 1,Low,Average,20,Call,No Response,Call,0
SFL105681,652099,565493,7,Tier 3,High,Poor,6,Legal,Refused,Call,0
SFL105682,221148,104482,857,Tier 1,Low,Poor,1,Legal,No Response,Call,0
SFL105683,21035,13335,7,Tier 2,Low,Poor,9,Call,No Response,Legal,0
SFL105684,162271,152111,88,Tier 3,Low,Good,11,Call,Promised,Field,0
SFL105685,56024,52769,306,Tier 2,High,Poor,3,Field,Refused,Call,0
SFL105686,17561,12768,673,Tier 3,Low,Average,17,Call,Paid,Field,0
SFL105687,275923,146853,669,Tier 3,Medium,Poor,6,Call,No Response,Legal,0
SFL105688,295022,259208,815,Tier 2,Low,Average,1,Call,Paid,Field,0
SFL105689,66592,47788,540,Tier 3,Medium,Poor,6,Field,No Response,Call,24124
SFL105690,491325,386788,744,Tier 2,Medium,Average,10,Field,No Response,Legal,0
SFL105691,50271,29776,713,Tier 2,Low,Poor,14,Call,Refused,Call,0
SFL105692,66629,61271,22,Tier 3,High,Poor,16,Legal,Promised,Call,0
SFL105693,1013964,596873,266,Tier 1,Low,Poor,5,Field,No Response,Field,0
SFL105694,765275,278539,138,Tier 2,Low,Poor,8,Field,No Response,Field,0
SFL105695,25607,11175,253,Tier 1,Medium,Poor,6,Call,No Response,Legal,0
SFL105696,47293,31539,326,Tier 3,Low,Average,8,Field,No Response,Legal,0
SFL105697,41602,22692,750,Tier 1,Low,Average,5,Legal,Refused,Legal,0
SFL105698,740770,265677,118,Tier 1,Low,Good,4,Field,Promised,Field,0
SFL105699,15949,11094,80,Tier 3,Medium,Poor,2,Call,Promised,Call,0
SFL105700,1131728,386950,329,Tier 2,Medium,Average,2,Call,Promised,Field,97471
SFL105701,101693,37471,288,Tier 3,Medium,Poor,2,Call,No Response,Call,0
SFL105702,40090,16592,342,Tier 3,High,Good,9,Call,Paid,Call,0
SFL105703,133536,61960,170,Tier 3,Medium,Good,8,Field,Promised,Field,47338
SFL105704,31070,13590,168,Tier 2,Medium,Poor,7,Call,Paid,Call,0
SFL105705,54787,28187,110,Tier 2,Low,Good,5,Call,Paid,Field,16073
SFL105706,893260,632879,317,Tier 3,Low,Poor,5,Call,No Response,Call,0
SFL105707,122752,93314,548,Tier 2,High,Poor,7,Legal,Promised,Call,0
SFL105708,266031,160713,48,Tier 2,High,Poor,10,Legal,Paid,Legal,0
SFL105709,20844,15088,127,Tier 3,Medium,Poor,7,Call,No Response,Call,0
SFL105710,10551,9858,191,Tier 2,Medium,Average,3,Call,Refused,Call,0
SFL105711,342342,153125,166,Tier 3,Low,Average,19,Call,Promised,Field,0
SFL105712,265967,143043,174,Tier 2,Low,Average,7,Field,Promised,Call,80939
SFL105713,19352,6898,286,Tier 1,Low,Poor,14,Field,Refused,Call,0
SFL105714,19756,9085,265,Tier 2,Medium,Average,13,Call,Paid,Field,7703
SFL105715,13612,4254,18,Tier 3,Medium,Poor,3,Call,Refused,Field,699
SFL105716,259582,183383,279,Tier 2,Low,Good,5,Call,No Response,Legal,64258
SFL105717,486760,234802,482,Tier 1,Low,Poor,4,Call,Refused,Legal,0
SFL105718,295314,273872,121,Tier 2,Medium,Poor,5,Call,No Response,Field,119611
SFL105719,47533,15287,278,Tier 2,Low,Average,18,Call,Promised,Call,0
SFL105720,894299,396123,154,Tier 2,Medium,Average,7,Call,Promised,Call,139890
SFL105721,543260,428902,157,Tier 2,Medium,Poor,17,Call,Promised,Call,0
SFL105722,137512,101140,93,Tier 2,Medium,Average,5,Call,Refused,Field,0
SFL105723,41014,13317,331,Tier 2,Medium,Average,18,Field,Promised,Field,0
SFL105724,148049,129583,239,Tier 3,Medium,Average,13,Field,No Response,Field,0
SFL105725,66374,26899,806,Tier 3,Medium,Average,5,Call,No Response,Call,0
SFL105726,167674,93306,127,Tier 2,Low,Poor,6,Call,Refused,Call,0
SFL105727,588773,439687,310,Tier 1,Medium,Average,8,Call,No Response,Legal,0
SFL105728,321181,235937,72,Tier 2,Medium,Poor,8,Call,No Response,Call,0
SFL105729,544610,344682,197,Tier 3,Medium,Good,3,Field,Paid,Field,191112
SFL105730,12833,5985,59,Tier 2,High,Average,10,Field,Promised,Field,4862
SFL105731,37660,13204,29,Tier 2,High,Average,4,Call,Promised,Field,6791
SFL105732,580308,556841,152,Tier 2,Medium,Poor,9,Call,Refused,Call,0
SFL105733,78356,41009,858,Tier 3,Medium,Average,14,Field,Promised,Field,0
SFL105734,53861,22304,39,Tier 3,High,Poor,3,Field,No Response,Call,0
SFL105735,200079,124636,68,Tier 1,Low,Average,7,Field,Paid,Call,50419
SFL105736,174138,61817,64,Tier 2,Low,Good,5,Field,Refused,Field,8128
SFL105737,486016,156868,341,Tier 2,Low,Poor,8,Field,Promised,Call,0
SFL105738,37423,29663,8,Tier 1,Medium,Average,14,Field,Promised,Call,0
SFL105739,11511,6985,199,Tier 2,Low,Poor,14,Field,No Response,Call,0
SFL105740,299757,139257,461,Tier 2,Low,Poor,20,Call,No Response,Legal,0
SFL105741,14413,4429,122,Tier 2,Low,Poor,6,Call,Refused,Legal,0
SFL105742,40239,36371,186,Tier 3,Low,Average,8,Field,Promised,Field,0
SFL105743,899030,567245,290,Tier 3,High,Average,5,Field,Promised,Field,0
SFL105744,24209,17376,105,Tier 2,Medium,Average,5,Call,No Response,Call,0
SFL105745,794874,698097,176,Tier 2,Medium,Average,15,Legal,Promised,Field,0
SFL105746,713490,469817,339,Tier 2,Medium,Poor,8,Call,No Response,Call,0
SFL105747,39946,25936,108,Tier 2,Medium,Poor,5,Field,Refused,Call,0
SFL105748,906403,671056,217,Tier 1,Low,Poor,5,Field,Paid,Call,0
SFL105749,1055222,774582,516,Tier 2,High,Poor,1,Call,No Response,Legal,0
SFL105750,142110,43848,114,Tier 1,High,Average,5,Field,Promised,Field,18463
SFL105751,427970,392645,79,Tier 3,Low,Average,10,Call,No Response,Field,0
SFL105752,1189551,876334,92,Tier 3,Medium,Average,5,Call,No Response,Legal,0
SFL105753,610927,282064,458,Tier 1,Low,Poor,6,Call,Refused,Field,0
SFL105754,67899,38823,107,Tier 1,Medium,Average,5,Field,No Response,Field,0
SFL105755,171772,76711,22,Tier 1,Low,Good,7,Field,Refused,Call,0
SFL105756,30434,12831,23,Tier 3,Medium,Poor,3,Field,Promised,Call,1963
SFL105757,139605,62422,216,Tier 3,Medium,Good,3,Call,Promised,Field,46044
SFL105758,23292,17955,48,Tier 2,Low,Average,5,Call,No Response,Field,0
SFL105759,204682,89089,173,Tier 2,Low,Average,4,Call,Promised,Field,0
SFL105760,947672,566787,709,Tier 2,High,Poor,6,Call,No Response,Legal,0
SFL105761,171662,132539,157,Tier 1,Low,Average,17,Call,Promised,Field,39022
SFL105762,62625,40524,51,Tier 2,Low,Poor,4,Field,Refused,Field,16226
SFL105763,41379,21233,62,Tier 1,Low,Average,6,Call,Refused,Field,0
SFL105764,35420,32673,67,Tier 1,Medium,Average,4,Field,Promised,Legal,0
SFL105765,65141,28854,68,Tier 3,Low,Good,3,Call,Promised,Call,0
SFL105766,325396,147173,457,Tier 2,High,Average,17,Field,No Response,Field,132116
SFL105767,22396,14363,111,Tier 1,Medium,Poor,3,Call,No Response,Field,0
SFL105768,26802,11400,785,Tier 3,Low,Average,10,Field,Refused,Legal,0
SFL105769,277967,183630,171,Tier 2,Medium,Average,4,Legal,No Response,Field,0
SFL105770,44567,25933,771,Tier 3,Low,Average,20,Call,Paid,Legal,0
SFL105771,62431,26354,458,Tier 3,Low,Average,7,Legal,No Response,Field,10483
SFL105772,33189,11899,248,Tier 2,Medium,Poor,2,Call,Refused,Legal,0
SFL105773,63818,41474,49,Tier 1,High,Average,6,Call,No Response,Call,0
SFL105774,226718,141037,755,Tier 3,Medium,Average,3,Field,Refused,Field,32262
SFL105775,1152961,421000,232,Tier 1,Medium,Good,10,Call,Paid,Field,235746
SFL105776,586309,528281,134,Tier 1,High,Poor,3,Call,Refused,Field,229228
SFL105777,58798,20875,113,Tier 2,Medium,Average,11,Legal,Paid,Field,6786
SFL105778,43488,34058,241,Tier 3,Medium,Poor,6,Call,Promised,Call,0
SFL105779,1117524,745071,276,Tier 2,Low,Average,1,Field,No Response,Field,0
SFL105780,74476,63614,356,Tier 3,Medium,Average,8,Call,Promised,Field,0
SFL105781,595789,364225,248,Tier 1,Low,Poor,6,Call,Promised,Field,0
SFL105782,668176,641833,191,Tier 2,Medium,Average,9,Field,Promised,Call,0
SFL105783,244139,160711,670,Tier 3,Low,Average,6,Call,Promised,Legal,0
SFL105784,14950,12164,321,Tier 2,Low,Poor,6,Field,No Response,Call,0
SFL105785,30855,17092,190,Tier 3,Medium,Average,10,Call,Refused,Field,0
SFL105786,54649,36372,18,Tier 1,Medium,Poor,6,Call,No Response,Field,0
SFL105787,1118601,1026599,335,Tier 2,Medium,Average,6,Call,Paid,Field,0
SFL105788,33082,30441,127,Tier 2,Low,Good,12,Field,Promised,Field,24506
SFL105789,71315,25661,487,Tier 3,Low,Poor,5,Call,Refused,Field,0
SFL105790,43515,22241,106,Tier 2,High,Average,4,Call,Promised,Field,12256
SFL105791,74907,27585,17,Tier 2,Low,Poor,13,Field,Refused,Call,0
SFL105792,74771,28789,26,Tier 2,Low,Average,11,Call,Refused,Field,0
SFL105793,634228,202182,133,Tier 3,High,Poor,10,Call,No Response,Call,0
SFL105794,1077164,781102,242,Tier 3,Medium,Good,2,Call,Paid,Legal,620808
SFL105795,983311,867538,285,Tier 1,Low,Average,9,Call,Paid,Call,623181
SFL105796,63519,50671,10,Tier 2,Low,Poor,1,Call,No Response,Call,0
SFL105797,134760,78609,49,Tier 3,Low,Average,10,Field,Promised,Field,51497
SFL105798,47219,14931,365,Tier 1,Medium,Average,1,Call,Paid,Call,9772
SFL105799,58505,20677,9,Tier 2,High,Poor,7,Field,No Response,Call,0
SFL105800,22649,16586,36,Tier 1,High,Good,5,Call,Paid,Call,14862
SFL105801,23666,14914,134,Tier 3,Low,Poor,7,Call,No Response,Call,0
SFL105802,218999,193883,46,Tier 3,Low,Good,4,Field,Promised,Field,183328
SFL105803,1074084,1027968,155,Tier 3,Low,Poor,12,Call,No Response,Legal,0
SFL105804,942360,690222,735,Tier 1,Low,Poor,10,Field,Refused,Legal,0
SFL105805,38631,11854,171,Tier 2,High,Poor,18,Call,No Response,Field,0
SFL105806,631229,437398,337,Tier 1,Medium,Good,3,Field,Paid,Legal,311966
SFL105807,37438,35428,292,Tier 2,Low,Average,20,Field,Paid,Call,13689
SFL105808,44338,14709,702,Tier 2,Low,Average,6,Field,Promised,Field,0
SFL105809,347812,114754,177,Tier 1,High,Average,7,Legal,No Response,Call,0
SFL105810,890812,795231,91,Tier 2,Medium,Poor,4,Call,No Response,Call,0
SFL105811,146089,56282,144,Tier 1,Medium,Poor,1,Call,Refused,Call,22207
SFL105812,66603,38696,868,Tier 1,Medium,Good,6,Call,Promised,Legal,0
SFL105813,20241,18913,449,Tier 2,High,Poor,6,Legal,No Response,Call,0
SFL105814,204910,86258,123,Tier 1,Low,Average,6,Field,Refused,Call,0
SFL105815,47657,14706,170,Tier 3,Medium,Average,10,Legal,No Response,Call,6492
SFL105816,53958,17638,99,Tier 3,Medium,Poor,10,Call,No Response,Call,6573
SFL105817,141393,55278,101,Tier 2,Low,Poor,6,Field,Refused,Call,0
SFL105818,69686,47371,216,Tier 3,Low,Average,7,Field,Refused,Field,15811
SFL105819,43630,32125,27,Tier 2,Low,Average,5,Call,Promised,Field,10356
SFL105820,193429,85345,316,Tier 3,Low,Average,4,Call,No Response,Legal,0
SFL105821,10210,7561,162,Tier 3,Medium,Good,5,Call,Promised,Field,6757
SFL105822,167589,87618,247,Tier 1,Low,Average,4,Call,No Response,Field,0
SFL105823,33123,28300,629,Tier 2,Medium,Good,18,Field,Promised,Legal,19359
SFL105824,258821,139470,121,Tier 1,Medium,Average,4,Field,No Response,Field,123549
SFL105825,295439,120892,153,Tier 3,Low,Good,7,Call,Promised,Field,97836
SFL105826,295047,271178,153,Tier 2,Low,Average,2,Call,Promised,Field,163922
SFL105827,314136,120600,639,Tier 2,Medium,Poor,6,Call,Refused,Field,0
SFL105828,735673,250473,331,Tier 1,Low,Poor,18,Field,No Response,Call,0
SFL105829,316879,229504,111,Tier 1,Medium,Poor,4,Field,No Response,Call,0
SFL105830,20502,13656,300,Tier 2,Low,Good,7,Call,No Response,Field,0
SFL105831,57021,28879,353,Tier 3,High,Good,16,Field,Paid,Field,24387
SFL105832,63671,23217,102,Tier 2,Low,Good,8,Call,Promised,Call,17122
SFL105833,38501,27302,28,Tier 2,Medium,Good,13,Call,No Response,Field,0
SFL105834,153620,123917,14,Tier 1,Low,Average,6,Field,Paid,Legal,47207
SFL105835,27085,15472,319,Tier 3,Medium,Average,10,Call,No Response,Legal,0
SFL105836,710324,337637,330,Tier 2,Low,Good,13,Field,No Response,Call,0
SFL105837,555736,514302,224,Tier 2,Low,Poor,2,Field,No Response,Field,231120
SFL105838,70503,61017,206,Tier 2,Medium,Poor,5,Call,No Response,Legal,34345
SFL105839,670568,254682,78,Tier 1,Medium,Good,7,Call,Paid,Call,233100
SFL105840,291349,127572,119,Tier 3,Medium,Good,12,Field,No Response,Field,0
SFL105841,1186552,1083992,564,Tier 1,Low,Average,12,Call,Promised,Legal,0
SFL105842,29505,18745,114,Tier 3,Low,Poor,9,Field,No Response,Legal,0
SFL105843,1169663,611763,65,Tier 1,Low,Poor,9,Legal,Refused,Call,0
SFL105844,21259,9028,177,Tier 1,Medium,Average,5,Call,No Response,Field,0
SFL105845,105627,90609,24,Tier 3,Low,Good,12,Call,Promised,Call,49642
SFL105846,54830,19969,161,Tier 3,Low,Average,8,Call,Refused,Field,0
SFL105847,829347,367727,59,Tier 3,High,Good,9,Call,Paid,Call,321910
SFL105848,60703,49538,195,Tier 1,Low,Poor,11,Field,No Response,Call,0
SFL105849,1170962,1044359,63,Tier 1,Low,Poor,20,Call,No Response,Legal,0
SFL105850,687068,316082,116,Tier 3,High,Average,5,Field,Paid,Field,84199
SFL105851,745079,296596,276,Tier 1,Low,Poor,4,Field,Promised,Legal,0
SFL105852,251070,234923,110,Tier 2,Low,Good,7,Field,Paid,Field,228124
SFL105853,1099084,392128,138,Tier 2,Low,Average,19,Call,No Response,Call,0
SFL105854,680333,479340,767,Tier 2,Low,Average,7,Field,No Response,Legal,0
SFL105855,30632,21310,166,Tier 1,High,Average,5,Field,Refused,Call,0
SFL105856,300220,288461,361,Tier 1,High,Average,5,Field,No Response,Call,0
SFL105857,336524,180208,160,Tier 3,Medium,Poor,16,Field,No Response,Call,0
SFL105858,48593,16160,258,Tier 2,Low,Poor,5,Call,Refused,Call,0
SFL105859,252345,81600,19,Tier 2,Low,Good,4,Call,Paid,Field,77102
SFL105860,276262,237999,255,Tier 2,Medium,Average,6,Field,No Response,Legal,84564
SFL105861,52561,40883,134,Tier 3,Low,Average,10,Legal,Promised,Field,33673
SFL105862,73964,57960,143,Tier 3,Medium,Poor,8,Legal,Refused,Field,0
SFL105863,84809,32106,240,Tier 2,High,Average,7,Legal,No Response,Field,0
SFL105864,43957,24622,20,Tier 3,Low,Average,20,Call,Refused,Call,0
SFL105865,210684,145227,224,Tier 2,Low,Poor,20,Call,Refused,Call,0
SFL105866,317313,283750,71,Tier 2,Medium,Average,4,Call,No Response,Field,159905
SFL105867,44299,15017,156,Tier 2,Low,Poor,3,Call,Paid,Call,0
SFL105868,1023837,925580,693,Tier 1,Low,Average,5,Call,No Response,Field,0
SFL105869,44825,13847,63,Tier 2,Low,Average,7,Call,Paid,Legal,0
SFL105870,44759,15243,37,Tier 2,Low,Poor,8,Call,Refused,Call,0
SFL105871,324383,213414,207,Tier 1,Medium,Poor,7,Call,Refused,Call,0
SFL105872,148938,78951,814,Tier 2,Medium,Good,7,Call,Promised,Field,0
SFL105873,276121,234029,488,Tier 2,Low,Poor,10,Call,Refused,Legal,0
SFL105874,72222,57676,57,Tier 2,High,Average,7,Legal,No Response,Field,0
SFL105875,134679,48856,49,Tier 3,Low,Poor,3,Call,No Response,Field,0
SFL105876,796263,762890,40,Tier 2,High,Poor,12,Field,No Response,Call,0
SFL105877,61784,26907,822,Tier 1,Low,Poor,17,Field,Refused,Legal,0
SFL105878,18918,12429,209,Tier 1,Low,Average,14,Field,No Response,Call,0
SFL105879,262057,93220,88,Tier 2,Low,Average,6,Call,Promised,Legal,0
SFL105880,893114,807429,130,Tier 1,Low,Average,2,Call,No Response,Call,540585
SFL105881,173798,144428,404,Tier 1,High,Average,10,Field,No Response,Legal,0
SFL105882,59210,19710,695,Tier 2,Medium,Good,4,Field,Refused,Legal,0
SFL105883,1023304,572661,95,Tier 3,High,Average,7,Field,No Response,Field,201612
SFL105884,16637,7551,645,Tier 3,Low,Poor,7,Call,No Response,Legal,0
SFL105885,1043498,839256,238,Tier 3,High,Poor,2,Field,Refused,Call,0
SFL105886,159191,90973,141,Tier 3,Low,Average,13,Legal,No Response,Field,0
SFL105887,54167,48179,5,Tier 1,Low,Poor,8,Call,No Response,Call,0
SFL105888,263540,183779,51,Tier 2,Low,Poor,8,Legal,No Response,Field,21299
SFL105889,374002,277916,651,Tier 3,Medium,Poor,9,Call,Promised,Legal,0
SFL105890,599919,257146,195,Tier 3,Medium,Average,5,Field,Paid,Field,0
SFL105891,267674,151862,816,Tier 2,High,Poor,2,Field,Refused,Field,0
SFL105892,212092,91482,122,Tier 2,Medium,Poor,9,Call,Promised,Call,0
SFL105893,40643,25734,80,Tier 1,Low,Average,19,Call,Refused,Field,0
SFL105894,349715,319806,63,Tier 3,Low,Poor,19,Call,No Response,Call,167241
SFL105895,780732,317448,25,Tier 2,Low,Average,8,Call,No Response,Field,92224
SFL105896,723318,227583,118,Tier 3,Medium,Good,3,Call,Paid,Field,170526
SFL105897,958093,790019,182,Tier 1,High,Average,3,Call,No Response,Call,0
SFL105898,989543,654064,312,Tier 1,Low,Poor,2,Call,No Response,Field,0
SFL105899,63399,32143,102,Tier 2,High,Good,5,Call,Promised,Field,31503
SFL105900,18898,14562,213,Tier 1,High,Poor,8,Legal,No Response,Field,2659
SFL105901,72304,29329,224,Tier 1,High,Average,20,Call,Promised,Call,19567
SFL105902,214518,80177,162,Tier 1,Medium,Good,6,Legal,Paid,Call,71415
SFL105903,1094392,1058436,141,Tier 2,High,Average,9,Field,Refused,Field,0
SFL105904,974480,758278,618,Tier 2,High,Average,13,Legal,No Response,Call,0
SFL105905,15001,5152,164,Tier 3,High,Average,9,Field,Promised,Call,1325
SFL105906,46825,38998,207,Tier 2,Low,Average,17,Field,No Response,Field,0
SFL105907,310919,214256,263,Tier 3,Medium,Poor,8,Call,Refused,Legal,0
SFL105908,161622,104732,12,Tier 2,Medium,Average,1,Call,Refused,Call,0
SFL105909,67520,20669,817,Tier 1,High,Average,14,Field,Promised,Call,0
SFL105910,157471,120184,173,Tier 2,Low,Average,6,Call,Promised,Field,62222
SFL105911,33023,16425,112,Tier 3,Low,Poor,4,Call,Promised,Call,0
SFL105912,37811,19141,81,Tier 3,Medium,Average,10,Field,Paid,Field,13378
SFL105913,56185,34036,153,Tier 2,Medium,Good,7,Call,Paid,Call,26741
SFL105914,44357,37022,195,Tier 1,High,Poor,9,Call,Refused,Call,5950
SFL105915,199273,124186,18,Tier 2,High,Good,3,Field,No Response,Field,29094
SFL105916,136091,97399,131,Tier 2,Low,Average,4,Call,No Response,Call,33246
SFL105917,67860,28628,260,Tier 2,Low,Average,17,Call,Refused,Call,0
SFL105918,34323,15939,22,Tier 3,High,Good,18,Field,Promised,Call,13851
SFL105919,324597,209238,99,Tier 1,High,Average,1,Call,Paid,Call,88394
SFL105920,194058,126353,55,Tier 3,Medium,Good,14,Call,Refused,Field,0
SFL105921,327535,191433,11,Tier 3,Medium,Average,1,Field,Promised,Field,0
SFL105922,262481,173213,35,Tier 1,Medium,Average,6,Field,Promised,Call,0
SFL105923,55284,51715,131,Tier 3,Medium,Poor,4,Call,No Response,Call,0
SFL105924,82171,54611,121,Tier 2,High,Poor,2,Call,Refused,Call,0
SFL105925,28547,22077,10,Tier 2,High,Poor,15,Field,No Response,Call,10023
SFL105926,385077,129645,565,Tier 2,Low,Average,15,Call,No Response,Field,0
SFL105927,62015,26053,280,Tier 2,Medium,Good,1,Call,Promised,Field,21578
SFL105928,68485,29292,46,Tier 1,High,Good,20,Field,Promised,Call,19622
SFL105929,68185,37322,144,Tier 3,Low,Good,4,Call,Paid,Field,34888
SFL105930,76215,28972,9,Tier 1,Low,Average,3,Legal,No Response,Field,0
SFL105931,59547,50865,5,Tier 1,Medium,Average,4,Field,No Response,Call,17463
SFL105932,1157264,660184,50,Tier 3,Low,Good,1,Field,Paid,Field,0
SFL105933,39402,32272,177,Tier 2,Medium,Poor,5,Call,Refused,Call,12236
SFL105934,18471,7925,14,Tier 2,Low,Poor,6,Call,No Response,Call,0
SFL105935,1151660,870134,42,Tier 3,Low,Average,6,Call,Promised,Field,0
SFL105936,259849,106322,67,Tier 2,High,Poor,6,Call,Paid,Legal,0
SFL105937,296116,129015,654,Tier 2,High,Good,9,Field,No Response,Field,47504
SFL105938,345620,167920,119,Tier 2,Medium,Poor,10,Call,Paid,Call,0
SFL105939,60923,31839,173,Tier 2,Low,Average,8,Field,No Response,Field,26700
SFL105940,13558,6865,73,Tier 2,Medium,Good,8,Call,Promised,Field,4280
SFL105941,157118,96208,6,Tier 2,High,Average,1,Field,No Response,Field,41641
SFL105942,204470,137285,505,Tier 2,Medium,Poor,8,Call,Refused,Legal,0
SFL105943,633401,607540,81,Tier 2,Low,Good,20,Call,Paid,Call,0
SFL105944,348640,187463,133,Tier 2,Medium,Good,19,Field,Promised,Call,0
SFL105945,312596,183654,346,Tier 2,Medium,Average,14,Field,Paid,Call,0
SFL105946,206096,134037,256,Tier 3,Low,Good,17,Field,Paid,Field,0
SFL105947,57216,30414,324,Tier 2,High,Good,6,Legal,Promised,Field,0
SFL105948,20550,17801,54,Tier 3,Medium,Average,19,Call,Paid,Call,0
SFL105949,38769,14573,248,Tier 1,High,Average,8,Call,No Response,Call,0
SFL105950,394118,150851,81,Tier 3,Low,Poor,6,Call,Promised,Legal,0
SFL105951,12850,10556,648,Tier 3,High,Average,9,Call,Promised,Call,0
SFL105952,304004,240317,4,Tier 2,Low,Good,4,Field,Paid,Field,137994
SFL105953,79343,40812,70,Tier 2,Medium,Poor,5,Field,Promised,Call,14904
SFL105954,204084,167571,50,Tier 2,Low,Poor,3,Field,No Response,Field,56660
SFL105955,208245,121186,65,Tier 1,High,Good,17,Call,Promised,Call,90692
SFL105956,873831,530737,15,Tier 2,Low,Poor,4,Field,No Response,Field,0
SFL105957,10566,9229,141,Tier 2,Low,Poor,9,Call,No Response,Call,0
SFL105958,71368,23767,125,Tier 2,Medium,Average,5,Call,Refused,Field,0
SFL105959,1193623,908388,129,Tier 2,High,Poor,1,Legal,Promised,Call,0
SFL105960,603731,330590,471,Tier 3,Medium,Poor,5,Call,No Response,Field,0
SFL105961,301339,273110,667,Tier 1,Low,Good,12,Call,Refused,Legal,73222
SFL105962,184678,78372,324,Tier 2,Low,Poor,10,Call,No Response,Field,0
SFL105963,90417,57284,482,Tier 3,Medium,Poor,3,Call,No Response,Legal,0
SFL105964,69908,67635,861,Tier 2,Low,Average,15,Field,Promised,Field,0
SFL105965,48046,16724,149,Tier 2,Low,Poor,2,Call,No Response,Field,0
SFL105966,183517,60501,518,Tier 3,Medium,Poor,2,Call,Refused,Legal,0
SFL105967,23990,19863,327,Tier 1,Low,Average,1,Field,No Response,Field,0
SFL105968,1078302,909361,355,Tier 2,Medium,Good,4,Field,Paid,Field,507293
SFL105969,63477,25307,259,Tier 2,Medium,Good,7,Call,Promised,Legal,0
SFL105970,57667,24898,318,Tier 3,Low,Average,4,Legal,Promised,Call,0
SFL105971,57265,48364,58,Tier 2,Medium,Poor,8,Call,No Response,Legal,0
SFL105972,57754,46003,178,Tier 3,Medium,Good,9,Call,No Response,Field,26362
SFL105973,46229,42178,106,Tier 3,Low,Good,11,Call,Promised,Field,0
SFL105974,190484,176220,155,Tier 3,Medium,Good,9,Call,Promised,Field,166543
SFL105975,318667,217674,103,Tier 2,Low,Poor,9,Legal,Promised,Call,0
SFL105976,84278,71655,150,Tier 1,High,Poor,17,Field,No Response,Call,0
SFL105977,75687,33590,44,Tier 3,Medium,Poor,1,Field,No Response,Field,0
SFL105978,43994,26282,5,Tier 3,High,Average,1,Field,Promised,Field,11829
SFL105979,241583,132312,104,Tier 1,Low,Average,8,Call,Promised,Field,33971
SFL105980,61425,27652,312,Tier 2,Low,Good,20,Legal,Paid,Call,23197
SFL105981,49356,32690,87,Tier 2,Low,Poor,20,Call,Refused,Call,0
SFL105982,66767,57579,134,Tier 3,Medium,Good,3,Call,Paid,Field,33024
SFL105983,185261,156726,162,Tier 3,High,Poor,5,Call,Promised,Call,0
SFL105984,31017,24023,114,Tier 3,Medium,Poor,14,Legal,Promised,Legal,0
SFL105985,65511,63079,79,Tier 1,Low,Poor,3,Field,No Response,Call,0
SFL105986,56599,53328,71,Tier 3,Low,Average,10,Call,Promised,Call,0
SFL105987,611422,539591,853,Tier 2,Low,Average,14,Field,No Response,Legal,0
SFL105988,1076302,840786,44,Tier 2,Low,Good,4,Call,Promised,Call,710969
SFL105989,137568,105253,440,Tier 1,Medium,Average,6,Call,Promised,Call,75386
SFL105990,38916,23704,115,Tier 1,Medium,Poor,10,Legal,Paid,Field,0
SFL105991,435582,315265,160,Tier 1,Low,Poor,6,Field,No Response,Field,0
SFL105992,588207,328449,43,Tier 2,High,Good,14,Call,Promised,Field,297523
SFL105993,962535,623154,88,Tier 1,Low,Good,15,Field,Paid,Call,562843
SFL105994,666712,618885,36,Tier 2,Medium,Poor,6,Legal,Refused,Field,0
SFL105995,280831,142827,22,Tier 1,Low,Average,6,Field,Refused,Field,0
SFL105996,17640,15105,2,Tier 3,Medium,Poor,5,Call,No Response,Field,0
SFL105997,347953,179558,102,Tier 3,Low,Average,4,Call,Promised,Field,0
SFL105998,200159,90081,110,Tier 2,Medium,Average,14,Call,Promised,Call,0
SFL105999,40783,27179,87,Tier 3,Medium,Poor,2,Legal,Refused,Call,0
SFL106000,286810,267300,13,Tier 2,Low,Average,6,Field,Promised,Field,158219
SFL106001,1055508,929465,635,Tier 3,Low,Average,5,Field,Promised,Field,511447
SFL106002,1025796,958105,32,Tier 3,High,Average,4,Call,No Response,Legal,750520
SFL106003,69165,64632,865,Tier 2,High,Poor,4,Field,No Response,Field,0
SFL106004,36460,14379,307,Tier 2,Medium,Average,13,Call,Refused,Field,8403
SFL106005,896232,864131,297,Tier 2,Low,Average,11,Field,Paid,Field,0
SFL106006,1018295,587566,64,Tier 2,High,Poor,16,Call,Refused,Call,0
SFL106007,296297,89253,556,Tier 3,Medium,Average,10,Legal,Refused,Legal,0
SFL106008,51063,17792,51,Tier 1,Low,Good,4,Legal,Paid,Field,10218
SFL106009,313981,172573,523,Tier 2,Medium,Good,11,Field,Promised,Legal,102246
SFL106010,244666,230917,336,Tier 3,Low,Poor,12,Call,Refused,Field,0
SFL106011,893062,503009,310,Tier 2,Medium,Average,4,Call,Paid,Field,0
SFL106012,116746,81935,215,Tier 1,Medium,Poor,11,Legal,No Response,Call,0
SFL106013,67090,36929,195,Tier 1,Medium,Poor,3,Call,No Response,Legal,0
SFL106014,24994,15970,152,Tier 2,Medium,Average,11,Field,Refused,Field,0
SFL106015,194189,71545,157,Tier 2,Medium,Poor,5,Call,Paid,Field,36236
SFL106016,202446,61334,219,Tier 3,Medium,Average,7,Call,No Response,Field,20265
SFL106017,46849,30986,356,Tier 2,Medium,Average,10,Call,No Response,Legal,0
SFL106018,33196,13011,811,Tier 3,Medium,Average,20,Call,No Response,Legal,0
SFL106019,66929,25719,240,Tier 1,High,Average,13,Call,No Response,Field,0
SFL106020,63957,43261,107,Tier 1,Medium,Good,7,Call,Promised,Call,36439
SFL106021,686075,536161,345,Tier 2,Medium,Poor,9,Call,Paid,Call,0
SFL106022,799984,616472,364,Tier 2,Medium,Good,6,Call,Paid,Field,332863
SFL106023,69096,63528,160,Tier 2,Medium,Poor,9,Field,No Response,Call,0
SFL106024,843203,716359,146,Tier 3,Medium,Average,11,Call,No Response,Field,227672
SFL106025,64456,56504,158,Tier 1,Low,Good,10,Field,Promised,Field,0
SFL106026,49568,43970,47,Tier 1,Medium,Average,2,Field,Promised,Call,31160
SFL106027,33662,26476,205,Tier 2,Medium,Good,3,Field,Refused,Field,0
SFL106028,285310,219463,175,Tier 3,Medium,Poor,1,Call,No Response,Call,0
SFL106029,45595,24961,122,Tier 1,High,Good,3,Call,Promised,Field,16802
SFL106030,14253,7160,118,Tier 2,Low,Poor,1,Call,Promised,Call,1675
SFL106031,284928,197105,270,Tier 2,High,Average,10,Call,Promised,Call,0
SFL106032,151970,79852,179,Tier 2,Low,Average,3,Call,Promised,Call,0
SFL106033,54353,32240,20,Tier 1,Low,Average,5,Call,Refused,Field,0
SFL106034,212074,161914,95,Tier 2,High,Average,8,Field,Promised,Field,55508
SFL106035,294485,120880,185,Tier 1,High,Good,9,Field,Paid,Call,116660
SFL106036,20372,14977,471,Tier 1,Low,Poor,7,Call,No Response,Legal,0
SFL106037,593310,431715,94,Tier 3,High,Average,8,Call,Refused,Field,0
SFL106038,304402,134166,291,Tier 1,Medium,Good,3,Call,Paid,Legal,0
SFL106039,27432,11638,64,Tier 2,High,Average,6,Field,No Response,Field,4328
SFL106040,105353,87506,291,Tier 3,Low,Poor,5,Call,Refused,Call,0
SFL106041,60868,24218,145,Tier 3,Low,Average,6,Call,Promised,Legal,5986
SFL106042,267019,87019,157,Tier 1,Low,Poor,4,Field,Promised,Legal,29741
SFL106043,156552,79550,93,Tier 1,Medium,Average,4,Call,No Response,Call,43599
SFL106044,108867,88759,355,Tier 2,Medium,Average,6,Call,Refused,Field,0
SFL106045,227855,113021,59,Tier 1,Low,Average,6,Call,No Response,Legal,0
SFL106046,55300,25872,55,Tier 3,Low,Poor,1,Call,No Response,Call,0
SFL106047,228053,155925,112,Tier 1,High,Poor,4,Legal,No Response,Call,0
SFL106048,120079,103778,292,Tier 1,Low,Poor,13,Field,No Response,Call,0
SFL106049,427807,353853,44,Tier 3,Low,Average,9,Field,Promised,Call,175055
SFL106050,337555,162226,372,Tier 1,Medium,Poor,7,Call,No Response,Call,0
SFL106051,61052,24330,102,Tier 1,Low,Poor,9,Field,No Response,Field,0
SFL106052,557277,262255,606,Tier 3,Low,Poor,6,Call,Refused,Field,0
SFL106053,102652,84213,109,Tier 3,Medium,Poor,10,Call,Promised,Field,0
SFL106054,1060895,373784,8,Tier 1,Low,Average,8,Call,Paid,Call,0
SFL106055,21762,20224,46,Tier 2,High,Poor,11,Field,No Response,Call,0
SFL106056,105691,94991,108,Tier 2,Medium,Good,7,Call,No Response,Field,0
SFL106057,752954,663277,82,Tier 2,Low,Poor,1,Call,Refused,Field,203417
SFL106058,149590,112962,167,Tier 2,Low,Good,6,Call,No Response,Field,37475
SFL106059,687761,508141,152,Tier 1,High,Average,14,Call,No Response,Call,153652
SFL106060,74661,25829,231,Tier 2,High,Average,4,Call,Paid,Field,0
SFL106061,799532,277746,115,Tier 2,Low,Poor,1,Legal,Promised,Legal,0
SFL106062,35281,17727,82,Tier 2,High,Poor,5,Call,Promised,Call,0
SFL106063,69865,23935,77,Tier 2,Low,Poor,3,Field,No Response,Legal,0
SFL106064,12113,7123,873,Tier 3,Low,Average,2,Call,No Response,Legal,0
SFL106065,57195,31068,59,Tier 2,Medium,Average,3,Call,No Response,Field,9945
SFL106066,51745,43375,65,Tier 2,Low,Good,13,Field,Paid,Legal,0
SFL106067,638825,397893,10,Tier 1,Medium,Average,4,Legal,No Response,Call,0
SFL106068,225189,91808,461,Tier 3,Low,Poor,6,Call,Promised,Legal,0
SFL106069,15109,9158,253,Tier 3,Low,Poor,10,Call,No Response,Field,0
SFL106070,252653,223596,50,Tier 3,Medium,Good,2,Call,No Response,Field,177879
SFL106071,31013,12141,88,Tier 1,Medium,Average,10,Field,No Response,Field,0
SFL106072,22755,8485,353,Tier 1,High,Good,7,Call,Promised,Call,5868
SFL106073,135717,56752,20,Tier 2,Low,Poor,10,Call,Refused,Field,0
SFL106074,1190420,959164,239,Tier 3,Low,Average,3,Call,No Response,Field,0
SFL106075,206573,197148,75,Tier 2,Low,Average,20,Call,Promised,Field,0
SFL106076,335833,237082,238,Tier 1,Medium,Good,10,Legal,Promised,Call,0
SFL106077,841206,765573,163,Tier 3,Medium,Average,5,Call,No Response,Call,0
SFL106078,227904,174545,66,Tier 2,Low,Average,8,Call,Promised,Field,107337
SFL106079,39697,34885,379,Tier 3,Medium,Good,4,Field,No Response,Legal,0
SFL106080,199423,95872,125,Tier 3,Low,Average,10,Field,No Response,Field,0
SFL106081,301260,171192,367,Tier 1,Low,Average,6,Call,Paid,Field,0
SFL106082,27675,25698,146,Tier 2,Medium,Average,18,Legal,Promised,Call,0
SFL106083,11087,10494,709,Tier 2,High,Poor,17,Field,Refused,Field,0
SFL106084,185137,144923,86,Tier 2,Low,Average,6,Field,Promised,Field,81370
SFL106085,59674,34302,151,Tier 1,Low,Average,2,Call,Promised,Legal,0
SFL106086,13535,6796,851,Tier 3,Medium,Average,3,Field,No Response,Call,0
SFL106087,65364,27850,90,Tier 3,Low,Poor,5,Legal,No Response,Call,0
SFL106088,205062,69657,169,Tier 2,High,Poor,3,Call,No Response,Call,35851
SFL106089,68834,46437,213,Tier 1,Medium,Average,5,Call,No Response,Field,16618
SFL106090,27045,17265,33,Tier 2,Medium,Poor,6,Field,Refused,Call,0
SFL106091,43042,32012,36,Tier 1,Low,Poor,5,Call,No Response,Legal,0
SFL106092,465530,306536,355,Tier 2,High,Poor,15,Call,Refused,Call,0
SFL106093,972757,826627,55,Tier 2,High,Average,14,Field,Refused,Call,0
SFL106094,178309,71889,51,Tier 1,Medium,Good,4,Call,Promised,Field,59167
SFL106095,74121,23030,235,Tier 1,Low,Poor,1,Call,Refused,Field,0
SFL106096,782890,521014,169,Tier 2,High,Average,3,Field,Promised,Call,0
SFL106097,1182171,539927,222,Tier 1,Low,Poor,3,Field,Promised,Legal,0
SFL106098,16894,14686,542,Tier 3,Low,Good,9,Field,No Response,Legal,4385
SFL106099,167414,57791,305,Tier 1,High,Good,4,Field,No Response,Legal,0
SFL106100,22063,10070,111,Tier 1,Low,Average,4,Field,Refused,Field,0
SFL106101,59973,39794,342,Tier 2,Low,Poor,5,Field,No Response,Legal,0
SFL106102,37164,20876,212,Tier 2,Low,Average,9,Field,Refused,Field,0
SFL106103,1033726,382431,101,Tier 2,Low,Average,20,Call,Promised,Field,0
SFL106104,346169,147462,214,Tier 3,Medium,Poor,6,Call,Refused,Legal,0
SFL106105,252962,90469,341,Tier 3,Medium,Good,3,Call,Promised,Field,0
SFL106106,273099,182796,273,Tier 3,Low,Poor,14,Call,No Response,Field,0
SFL106107,21104,6964,120,Tier 3,High,Poor,1,Legal,Refused,Field,729
SFL106108,71604,60897,52,Tier 2,Low,Poor,20,Call,No Response,Call,0
SFL106109,18515,14102,236,Tier 3,Medium,Average,6,Call,Refused,Field,0
SFL106110,341754,216311,46,Tier 3,High,Good,6,Call,No Response,Call,0
SFL106111,19782,11201,354,Tier 2,Medium,Average,5,Field,No Response,Field,0
SFL106112,63886,30596,621,Tier 3,Medium,Average,7,Legal,Refused,Field,0
SFL106113,330033,200761,289,Tier 3,High,Average,4,Field,Promised,Call,151581
SFL106114,1013702,752426,9,Tier 3,Low,Average,6,Legal,No Response,Field,0
SFL106115,288759,262473,357,Tier 2,Medium,Poor,2,Field,No Response,Call,0
SFL106116,68904,23703,718,Tier 2,Medium,Poor,14,Call,Refused,Call,0
SFL106117,181023,141113,176,Tier 1,Low,Poor,4,Field,No Response,Call,0
SFL106118,19314,12970,71,Tier 1,Low,Average,3,Call,Refused,Field,3303
SFL106119,209029,200606,256,Tier 2,High,Good,4,Field,Refused,Call,81666
SFL106120,50671,27473,273,Tier 3,High,Average,4,Field,Refused,Field,0
SFL106121,48456,19753,276,Tier 3,Medium,Poor,3,Call,No Response,Call,0
SFL106122,74082,56855,60,Tier 1,Low,Poor,15,Call,Refused,Call,10638
SFL106123,980266,860854,228,Tier 2,Medium,Good,12,Call,Promised,Field,630048
SFL106124,66740,58357,107,Tier 1,High,Average,4,Call,No Response,Call,0
SFL106125,1067225,695204,79,Tier 2,Low,Average,6,Field,Promised,Field,587452
SFL106126,139311,111792,284,Tier 3,Low,Average,2,Call,Promised,Call,0
SFL106127,638434,370772,434,Tier 2,Medium,Average,4,Field,Refused,Legal,0
SFL106128,36361,30059,56,Tier 3,Low,Average,6,Legal,No Response,Call,0
SFL106129,34526,26751,599,Tier 1,Low,Average,5,Call,No Response,Legal,0
SFL106130,44221,19570,103,Tier 3,High,Average,1,Call,Promised,Field,13550
SFL106131,277477,99850,109,Tier 2,Medium,Average,8,Call,No Response,Field,77496
SFL106132,239945,143097,148,Tier 1,Medium,Average,5,Call,Paid,Field,83218
SFL106133,68976,60003,201,Tier 1,High,Poor,1,Call,Promised,Call,0
SFL106134,224707,181719,357,Tier 3,Low,Average,1,Call,Promised,Field,153878
SFL106135,315343,181321,172,Tier 1,Medium,Poor,5,Call,Promised,Call,18480
SFL106136,954404,489030,271,Tier 3,Medium,Poor,10,Call,Refused,Field,0
SFL106137,134191,88758,372,Tier 1,Medium,Average,7,Call,No Response,Legal,0
SFL106138,1082653,736907,334,Tier 1,Medium,Average,2,Call,No Response,Field,0
SFL106139,191459,167864,809,Tier 2,Low,Good,3,Call,Paid,Legal,0
SFL106140,26215,9441,43,Tier 2,Medium,Average,2,Call,Refused,Field,0
SFL106141,377560,239788,137,Tier 2,Low,Average,20,Call,Paid,Field,0
SFL106142,279619,129861,187,Tier 1,Medium,Good,16,Legal,Paid,Legal,0
SFL106143,583297,474533,102,Tier 1,Medium,Average,4,Call,No Response,Call,0
SFL106144,64976,58555,332,Tier 1,Medium,Average,7,Legal,No Response,Call,0
SFL106145,202720,190905,140,Tier 1,High,Poor,2,Call,No Response,Call,39888
SFL106146,23727,22949,371,Tier 2,Medium,Poor,8,Field,Refused,Field,0
SFL106147,602019,570340,759,Tier 3,High,Average,2,Field,Refused,Field,0
SFL106148,1124348,795159,289,Tier 3,Medium,Good,5,Field,No Response,Field,0
SFL106149,266019,189911,170,Tier 1,Low,Average,2,Field,No Response,Call,0
SFL106150,247028,75199,67,Tier 2,Low,Average,4,Field,Promised,Field,38208
SFL106151,117025,107691,4,Tier 3,Medium,Average,8,Call,Paid,Field,54817
SFL106152,171414,162642,364,Tier 2,Low,Poor,5,Field,No Response,Call,0
SFL106153,414630,153093,211,Tier 3,Low,Poor,6,Call,Refused,Call,0
SFL106154,43705,31734,14,Tier 3,High,Good,1,Call,Promised,Field,28312
SFL106155,172636,113152,297,Tier 2,Low,Average,6,Field,No Response,Field,0
SFL106156,24031,20705,204,Tier 3,Medium,Average,5,Call,No Response,Field,0
SFL106157,724960,481755,204,Tier 2,Medium,Poor,17,Field,No Response,Call,0
SFL106158,27614,24219,215,Tier 1,Low,Average,1,Call,Promised,Call,0
SFL106159,32236,17637,170,Tier 2,High,Poor,1,Field,Refused,Call,0
SFL106160,478701,231543,257,Tier 3,Low,Average,5,Field,No Response,Call,81630
SFL106161,174889,99585,353,Tier 2,Low,Average,9,Call,No Response,Field,0
SFL106162,744850,529678,164,Tier 2,Low,Average,2,Field,Promised,Field,148927
SFL106163,188270,161723,22,Tier 2,Medium,Average,8,Call,Paid,Call,44439
SFL106164,29766,13472,176,Tier 2,Medium,Average,3,Call,Promised,Field,5001
SFL106165,23085,21886,434,Tier 2,High,Average,2,Field,Promised,Field,0
SFL106166,59054,37719,12,Tier 2,Low,Poor,15,Call,No Response,Call,0
SFL106167,242925,143740,178,Tier 2,Medium,Poor,3,Call,No Response,Call,0
SFL106168,553054,222853,538,Tier 2,Low,Poor,5,Field,Promised,Legal,0
SFL106169,469118,391074,150,Tier 2,Low,Good,6,Call,No Response,Field,0
SFL106170,128621,68850,21,Tier 3,Low,Average,8,Call,Promised,Field,29448
SFL106171,47003,18058,102,Tier 3,Low,Poor,10,Call,Promised,Call,0
SFL106172,66576,64498,70,Tier 2,Medium,Average,5,Call,Paid,Field,53194
SFL106173,539923,178031,97,Tier 3,Medium,Average,4,Call,No Response,Field,0
SFL106174,1002777,690852,481,Tier 2,Medium,Average,7,Call,No Response,Legal,0
SFL106175,18141,5727,730,Tier 2,Medium,Poor,14,Field,Refused,Legal,0
SFL106176,970902,759498,558,Tier 3,Medium,Good,6,Legal,Promised,Call,666791
SFL106177,321183,116355,524,Tier 3,Medium,Average,15,Call,Refused,Legal,0
SFL106178,18786,8464,146,Tier 2,Low,Average,3,Field,No Response,Field,0
SFL106179,14820,8705,622,Tier 3,Medium,Average,5,Call,Promised,Legal,0
SFL106180,56010,35155,111,Tier 2,Medium,Good,6,Field,Promised,Field,28332
SFL106181,591753,553706,493,Tier 2,Medium,Good,13,Legal,No Response,Legal,0
SFL106182,339433,213373,326,Tier 1,Low,Average,3,Call,Refused,Field,0
SFL106183,304307,277704,95,Tier 2,Low,Average,3,Call,Refused,Legal,0
SFL106184,1148649,657905,818,Tier 2,Low,Average,10,Call,Promised,Field,0
SFL106185,1142750,451977,628,Tier 2,Medium,Average,4,Field,Refused,Legal,246698
SFL106186,64259,26098,94,Tier 2,Medium,Average,5,Legal,Refused,Field,0
SFL106187,42912,21424,44,Tier 1,High,Average,2,Call,No Response,Call,12177
SFL106188,17691,12027,262,Tier 2,High,Good,5,Legal,Refused,Field,0
SFL106189,241695,166207,189,Tier 3,Medium,Average,10,Call,Refused,Field,0
SFL106190,999215,352479,56,Tier 2,Low,Average,2,Call,No Response,Field,271553
SFL106191,42165,33773,59,Tier 2,Medium,Poor,7,Call,No Response,Call,12206
SFL106192,32386,19860,271,Tier 3,Medium,Average,4,Legal,No Response,Field,0
SFL106193,209568,122744,265,Tier 2,Low,Average,6,Field,No Response,Call,65537
SFL106194,11016,4202,240,Tier 2,Low,Average,5,Field,No Response,Field,2667
SFL106195,54533,26370,130,Tier 2,Low,Poor,1,Call,No Response,Call,0
SFL106196,57694,18486,241,Tier 3,Medium,Poor,8,Call,Refused,Field,0
SFL106197,380344,158072,35,Tier 2,Medium,Poor,3,Field,Paid,Call,0
SFL106198,72343,22031,39,Tier 3,High,Poor,11,Call,No Response,Field,0
SFL106199,333455,312082,154,Tier 3,High,Poor,9,Call,Refused,Field,0
SFL106200,927977,279059,199,Tier 3,Low,Average,13,Field,No Response,Field,0
SFL106201,49286,40520,25,Tier 1,Low,Average,4,Call,No Response,Field,34641
SFL106202,551674,501310,316,Tier 3,Low,Average,6,Field,Paid,Field,0
SFL106203,116592,70833,797,Tier 2,High,Good,7,Field,Promised,Call,53223
SFL106204,15581,11782,253,Tier 2,Low,Average,7,Call,No Response,Field,5160
SFL106205,55685,20555,159,Tier 1,Medium,Poor,12,Call,No Response,Call,0
SFL106206,438863,262769,103,Tier 3,Medium,Average,12,Field,Promised,Field,0
SFL106207,280886,105332,97,Tier 1,Low,Average,13,Call,No Response,Field,0
SFL106208,1074454,459809,572,Tier 1,Medium,Good,8,Field,No Response,Call,0
SFL106209,11463,5149,301,Tier 1,Low,Average,8,Call,No Response,Legal,0
SFL106210,373777,345294,144,Tier 3,Low,Average,10,Call,Refused,Field,0
SFL106211,871441,413587,841,Tier 2,Low,Poor,5,Call,No Response,Legal,0
SFL106212,10787,4625,107,Tier 3,Medium,Average,1,Field,Promised,Field,0
SFL106213,259718,210196,289,Tier 2,Medium,Poor,7,Field,Refused,Legal,50566
SFL106214,38463,33770,97,Tier 2,Low,Average,7,Call,Refused,Call,0
SFL106215,101180,34202,147,Tier 1,Low,Poor,9,Field,Refused,Field,0
SFL106216,25465,8083,94,Tier 3,Medium,Good,5,Field,Promised,Field,6210
SFL106217,71811,62804,481,Tier 3,Medium,Average,1,Call,Promised,Legal,34678
SFL106218,448252,284343,865,Tier 1,Low,Average,2,Field,No Response,Legal,0
SFL106219,175866,145198,860,Tier 3,Medium,Poor,8,Legal,Promised,Legal,0
SFL106220,579026,313417,717,Tier 1,Low,Average,5,Field,No Response,Call,0
SFL106221,666630,590358,8,Tier 1,Low,Poor,14,Call,Refused,Call,0
SFL106222,750201,363250,94,Tier 2,High,Good,1,Field,Promised,Field,186010
SFL106223,1128058,607457,329,Tier 2,Low,Average,9,Call,No Response,Field,0
SFL106224,60702,45982,244,Tier 2,Low,Average,9,Field,Refused,Field,0
SFL106225,23173,10048,119,Tier 3,Medium,Good,6,Field,Promised,Call,8543
SFL106226,73527,30087,154,Tier 2,Low,Good,11,Call,No Response,Field,0
SFL106227,68338,54315,846,Tier 2,High,Good,7,Call,Paid,Legal,0
SFL106228,262983,214951,17,Tier 1,Medium,Poor,8,Call,Promised,Call,0
SFL106229,1066457,533488,134,Tier 2,Low,Good,10,Call,Promised,Field,0
SFL106230,947624,356767,19,Tier 3,Low,Poor,4,Call,Refused,Call,0
SFL106231,1022833,702791,730,Tier 2,High,Average,7,Call,Promised,Legal,0
SFL106232,1081874,829858,82,Tier 1,Low,Good,7,Call,No Response,Call,469953
SFL106233,129277,39908,123,Tier 3,Medium,Poor,5,Call,No Response,Call,7012
SFL106234,169187,142488,81,Tier 1,Low,Average,7,Field,Promised,Call,53015
SFL106235,91961,53844,36,Tier 2,High,Average,18,Call,Paid,Field,17429
SFL106236,10674,4749,248,Tier 3,Low,Poor,7,Call,Refused,Call,0
SFL106237,873934,820647,150,Tier 1,Low,Average,9,Call,Promised,Field,250466
SFL106238,66053,30180,140,Tier 2,High,Average,6,Field,Paid,Field,11260
SFL106239,803281,336045,492,Tier 2,Medium,Average,8,Field,No Response,Field,0
SFL106240,117182,76448,62,Tier 3,High,Average,7,Call,No Response,Field,0
SFL106241,130393,108288,42,Tier 2,Medium,Average,1,Call,Refused,Field,0
SFL106242,83480,30794,65,Tier 2,Low,Poor,4,Field,No Response,Field,0
SFL106243,13862,8166,116,Tier 1,Low,Poor,2,Call,Promised,Call,0
SFL106244,332879,234856,131,Tier 2,Low,Average,1,Call,Promised,Legal,0
SFL106245,25315,9525,29,Tier 3,Low,Average,4,Field,Paid,Call,0
SFL106246,491658,419606,9,Tier 1,Low,Average,2,Call,Promised,Call,143259
SFL106247,224366,86867,22,Tier 2,Medium,Average,10,Field,Promised,Call,0
SFL106248,26132,16467,272,Tier 3,High,Good,10,Call,Refused,Field,0
SFL106249,29213,19024,196,Tier 3,Low,Poor,2,Call,Refused,Call,0
SFL106250,198925,113304,173,Tier 3,Low,Poor,5,Call,Refused,Call,58974
SFL106251,54492,17047,113,Tier 3,Low,Poor,1,Field,Refused,Legal,0
SFL106252,70437,61544,93,Tier 3,Medium,Average,18,Call,No Response,Field,19667
SFL106253,30137,17174,152,Tier 2,Medium,Average,5,Field,Promised,Field,0
SFL106254,444062,402735,73,Tier 2,High,Average,6,Call,No Response,Field,345282
SFL106255,928909,536866,135,Tier 2,Low,Good,1,Field,Promised,Field,448509
SFL106256,252856,202407,588,Tier 1,Medium,Average,13,Call,Promised,Call,59432
SFL106257,624153,198813,159,Tier 2,Low,Average,17,Call,Refused,Call,0
SFL106258,540886,489956,95,Tier 3,High,Poor,3,Field,No Response,Call,0
SFL106259,80578,63621,15,Tier 2,Medium,Poor,7,Call,No Response,Call,20389
SFL106260,86209,31179,225,Tier 2,Medium,Good,1,Legal,Promised,Legal,0
SFL106261,1153567,527241,104,Tier 2,Medium,Good,7,Call,Paid,Field,0
SFL106262,60154,55492,354,Tier 2,Low,Poor,1,Call,Refused,Field,16697
SFL106263,65302,36120,53,Tier 1,Low,Average,5,Field,Refused,Call,18126
SFL106264,977223,294056,307,Tier 1,Low,Average,15,Call,Refused,Call,0
SFL106265,820978,785490,33,Tier 3,Medium,Average,6,Field,Refused,Legal,0
SFL106266,67717,52655,3,Tier 1,Medium,Poor,3,Call,No Response,Call,0
SFL106267,145434,56563,26,Tier 1,Medium,Poor,14,Field,Refused,Field,0
SFL106268,241786,93068,30,Tier 1,High,Good,2,Call,Promised,Call,92617
SFL106269,348291,220561,149,Tier 2,Medium,Poor,4,Field,Refused,Call,0
SFL106270,44022,29556,162,Tier 2,High,Poor,6,Legal,No Response,Legal,0
SFL106271,837643,377646,194,Tier 1,Medium,Average,6,Legal,Paid,Legal,305783
SFL106272,43218,24476,360,Tier 2,High,Poor,1,Field,No Response,Call,0
SFL106273,26563,20890,291,Tier 2,Low,Average,17,Field,Promised,Field,0
SFL106274,74911,60435,4,Tier 2,Medium,Average,5,Legal,Promised,Call,0
SFL106275,69628,40770,169,Tier 3,Low,Average,9,Call,Promised,Call,8467
SFL106276,300568,290773,572,Tier 3,High,Average,2,Call,No Response,Field,0
SFL106277,257199,164164,131,Tier 2,Medium,Average,7,Legal,Promised,Field,121645
SFL106278,108152,78125,109,Tier 2,Low,Poor,10,Legal,Refused,Field,0
SFL106279,49811,20003,225,Tier 2,Low,Average,4,Call,No Response,Field,7685
SFL106280,340366,169439,118,Tier 1,High,Good,5,Call,Promised,Call,109172
SFL106281,11287,10688,164,Tier 2,Low,Good,18,Field,Promised,Field,5782
SFL106282,50656,45213,178,Tier 2,Medium,Poor,5,Call,No Response,Call,0
SFL106283,149576,129393,501,Tier 3,Medium,Poor,6,Legal,No Response,Call,0
SFL106284,10672,7269,680,Tier 2,High,Average,10,Call,Promised,Call,0
SFL106285,403215,263521,134,Tier 2,Medium,Good,5,Call,No Response,Call,192253
SFL106286,47708,24949,312,Tier 1,High,Average,6,Legal,No Response,Call,13631
SFL106287,54758,42108,350,Tier 3,High,Good,8,Call,Promised,Field,22127
SFL106288,10669,9099,300,Tier 1,Low,Poor,19,Call,Paid,Legal,0
SFL106289,314467,207434,38,Tier 1,Low,Poor,6,Call,Refused,Call,0
SFL106290,108666,78817,116,Tier 3,Medium,Average,10,Field,No Response,Field,62569
SFL106291,487220,433030,96,Tier 1,High,Good,2,Legal,Promised,Call,271968
SFL106292,35824,20003,80,Tier 1,High,Good,8,Call,Refused,Call,4634
SFL106293,37497,18859,335,Tier 2,Medium,Poor,4,Call,Refused,Call,0
SFL106294,102926,32364,91,Tier 2,Medium,Average,10,Call,Paid,Field,8760
SFL106295,601279,508827,58,Tier 3,Medium,Poor,8,Legal,No Response,Call,0
SFL106296,41428,14206,589,Tier 2,High,Average,5,Call,No Response,Field,0
SFL106297,184810,140153,279,Tier 2,High,Good,8,Call,Promised,Call,77732
SFL106298,850210,523147,131,Tier 2,Low,Average,7,Legal,Promised,Field,0
SFL106299,239416,132651,39,Tier 3,Low,Poor,2,Call,Paid,Call,20453
SFL106300,11363,4946,332,Tier 3,Low,Average,5,Call,No Response,Field,4302
SFL106301,22266,10676,476,Tier 1,Medium,Poor,4,Field,Refused,Legal,0
SFL106302,61583,41303,234,Tier 2,Medium,Poor,9,Call,Refused,Field,0
SFL106303,345245,106912,23,Tier 3,Medium,Average,7,Call,Paid,Field,78125
SFL106304,56083,18697,49,Tier 1,Medium,Average,6,Call,Refused,Call,6526
SFL106305,454120,338951,16,Tier 2,Medium,Average,1,Field,Paid,Field,131494
SFL106306,591815,551520,268,Tier 3,Medium,Average,5,Field,Refused,Field,0
SFL106307,180596,152300,200,Tier 2,Medium,Poor,8,Call,Refused,Legal,0
SFL106308,57620,23115,491,Tier 2,Medium,Average,6,Call,Refused,Legal,0
SFL106309,19964,12966,102,Tier 3,Low,Poor,4,Call,Refused,Field,0
SFL106310,80825,67963,315,Tier 1,High,Average,6,Call,No Response,Legal,22127
SFL106311,54099,52056,135,Tier 2,Medium,Average,10,Call,No Response,Legal,0
SFL106312,98404,34322,745,Tier 3,Medium,Average,10,Field,No Response,Legal,0
SFL106313,257400,86009,64,Tier 1,Medium,Average,12,Call,No Response,Legal,0
SFL106314,300475,124879,357,Tier 3,Low,Poor,8,Call,Refused,Call,0
SFL106315,63902,51303,112,Tier 2,Medium,Poor,18,Call,Refused,Call,0
SFL106316,40455,26638,83,Tier 1,Medium,Average,12,Call,Paid,Call,6088
SFL106317,17007,13842,687,Tier 1,Low,Poor,4,Call,No Response,Legal,0
SFL106318,172302,129082,357,Tier 3,Low,Average,1,Field,No Response,Field,0
SFL106319,91197,63780,137,Tier 1,Medium,Poor,1,Call,No Response,Call,0
SFL106320,463980,418584,115,Tier 3,Medium,Average,13,Call,Promised,Field,0
SFL106321,813206,686309,69,Tier 1,Medium,Poor,13,Call,Paid,Field,221577
SFL106322,236465,151715,847,Tier 2,Low,Average,19,Call,Refused,Legal,0
SFL106323,65860,37639,128,Tier 2,Low,Average,1,Call,No Response,Call,0
SFL106324,852499,701357,247,Tier 2,Low,Poor,7,Legal,No Response,Field,0
SFL106325,297093,219617,7,Tier 2,Medium,Poor,3,Legal,Refused,Call,128519
SFL106326,341335,230001,162,Tier 1,Medium,Good,4,Field,Paid,Field,225640
SFL106327,67995,43039,150,Tier 3,Low,Average,10,Field,No Response,Field,0
SFL106328,80837,47805,669,Tier 2,Medium,Average,2,Call,Refused,Field,0
SFL106329,61046,25357,72,Tier 2,Medium,Good,5,Field,Paid,Field,20932
SFL106330,667204,521841,776,Tier 2,Low,Poor,1,Call,Promised,Call,0
SFL106331,78914,56746,257,Tier 3,Medium,Average,9,Field,Promised,Field,0
SFL106332,74744,44300,29,Tier 3,High,Average,2,Call,Refused,Call,25256
SFL106333,31421,18302,309,Tier 2,Low,Good,4,Call,Promised,Field,0
SFL106334,16471,13283,86,Tier 1,Medium,Poor,6,Call,Promised,Call,0
SFL106335,335270,273410,645,Tier 3,Low,Poor,9,Legal,Promised,Legal,0
SFL106336,44246,32423,62,Tier 3,Low,Average,8,Call,No Response,Call,0
SFL106337,327140,219099,118,Tier 3,High,Average,3,Call,Promised,Field,101082
SFL106338,171124,83525,31,Tier 3,Low,Average,3,Call,No Response,Field,0
SFL106339,313745,178310,773,Tier 2,Medium,Poor,6,Call,Paid,Call,0
SFL106340,206252,78531,170,Tier 1,Medium,Poor,1,Legal,No Response,Call,0
SFL106341,345039,177325,84,Tier 1,Low,Poor,5,Call,Refused,Field,0
SFL106342,908500,281824,352,Tier 2,Low,Poor,5,Call,Refused,Field,0
SFL106343,460710,347294,410,Tier 1,High,Poor,5,Call,No Response,Legal,0
SFL106344,29978,26755,783,Tier 2,Low,Good,2,Call,Paid,Legal,17923
SFL106345,13977,12473,86,Tier 2,High,Poor,9,Call,Refused,Field,0
SFL106346,70786,38100,194,Tier 3,Medium,Average,10,Field,Promised,Field,31733
SFL106347,947418,543587,77,Tier 3,Medium,Average,4,Call,No Response,Field,452351
SFL106348,16802,14036,23,Tier 2,Medium,Average,4,Legal,Promised,Call,9558
SFL106349,69139,52077,123,Tier 2,Medium,Poor,3,Call,Promised,Legal,18175
SFL106350,266215,230849,231,Tier 1,Medium,Good,1,Call,Promised,Call,0
SFL106351,161331,152573,144,Tier 1,Low,Average,2,Call,No Response,Field,0
SFL106352,101815,80467,49,Tier 2,Medium,Good,1,Field,Promised,Field,50268
SFL106353,54282,18136,146,Tier 1,Medium,Average,12,Call,Paid,Call,0
SFL106354,15924,10426,148,Tier 1,Low,Average,2,Call,No Response,Call,0
SFL106355,42140,40187,53,Tier 2,High,Average,20,Field,Promised,Field,14732
SFL106356,56767,20633,52,Tier 1,High,Poor,1,Legal,No Response,Call,0
SFL106357,32533,10914,160,Tier 1,Medium,Poor,3,Call,No Response,Call,0
SFL106358,1078756,963865,67,Tier 1,High,Average,2,Legal,Refused,Call,209048
SFL106359,53913,30550,667,Tier 1,Low,Average,8,Legal,Promised,Field,0
SFL106360,639738,561422,6,Tier 2,Low,Poor,2,Legal,No Response,Field,162919
SFL106361,30792,29769,564,Tier 2,Medium,Poor,4,Call,No Response,Field,0
SFL106362,21152,13183,880,Tier 3,Low,Poor,10,Call,Refused,Legal,0
SFL106363,10707,5450,97,Tier 2,Medium,Poor,1,Field,No Response,Call,0
SFL106364,16012,14006,443,Tier 1,Low,Poor,7,Call,No Response,Legal,0
SFL106365,147561,53473,133,Tier 3,Low,Average,6,Field,Promised,Call,44936
SFL106366,333913,165781,278,Tier 2,Medium,Average,4,Legal,Promised,Field,78291
SFL106367,565177,471926,46,Tier 2,Medium,Average,8,Legal,Refused,Field,0
SFL106368,137564,53252,737,Tier 1,Medium,Average,20,Legal,Promised,Call,10831
SFL106369,36827,18689,286,Tier 1,Low,Poor,7,Field,Refused,Legal,0
SFL106370,74185,36721,339,Tier 3,Medium,Average,4,Call,Promised,Field,7891
SFL106371,21552,18056,361,Tier 2,High,Poor,9,Call,Refused,Legal,0
SFL106372,53560,34733,335,Tier 1,Medium,Good,2,Legal,Promised,Call,24605
SFL106373,30192,11732,79,Tier 3,Medium,Poor,7,Legal,No Response,Call,0
SFL106374,28487,21016,252,Tier 2,Low,Poor,3,Call,Refused,Call,0
SFL106375,61153,48871,765,Tier 1,Medium,Average,5,Field,No Response,Legal,0
SFL106376,66096,40950,40,Tier 2,Low,Average,4,Call,Paid,Field,34581
SFL106377,22716,18383,383,Tier 1,Low,Average,4,Call,No Response,Call,0
SFL106378,972967,824871,586,Tier 3,High,Average,10,Call,Promised,Field,618355
SFL106379,20989,14771,27,Tier 2,High,Poor,10,Field,No Response,Call,0
SFL106380,707367,675624,375,Tier 1,Medium,Average,6,Field,Promised,Legal,0
SFL106381,14306,9107,401,Tier 3,Medium,Good,4,Call,Promised,Legal,0
SFL106382,134739,95034,256,Tier 3,Medium,Average,8,Call,Promised,Call,0
SFL106383,157800,78278,248,Tier 3,High,Good,13,Call,Paid,Call,43543
SFL106384,36715,24142,70,Tier 2,Low,Average,3,Field,Promised,Call,10471
SFL106385,184607,158223,335,Tier 1,Medium,Average,4,Call,No Response,Call,0
SFL106386,67528,44346,54,Tier 1,Medium,Poor,18,Call,Refused,Call,0
SFL106387,855857,280196,82,Tier 1,Low,Average,12,Call,Refused,Field,0
SFL106388,26989,8795,236,Tier 1,Low,Average,7,Field,Promised,Legal,0
SFL106389,125041,52474,897,Tier 2,High,Poor,6,Call,Promised,Call,0
SFL106390,135050,117530,53,Tier 1,High,Poor,1,Legal,Refused,Call,0
SFL106391,413923,302192,295,Tier 2,Low,Average,9,Field,Refused,Field,0
SFL106392,116751,90859,139,Tier 3,Medium,Average,9,Call,No Response,Field,23092
SFL106393,785230,332988,433,Tier 1,High,Average,8,Field,No Response,Call,0
SFL106394,221759,162745,189,Tier 2,Medium,Poor,13,Call,No Response,Call,0
SFL106395,520396,302038,104,Tier 2,Low,Good,19,Field,Promised,Legal,0
SFL106396,61398,40583,66,Tier 2,Medium,Poor,2,Field,Refused,Call,0
SFL106397,250315,78464,51,Tier 2,High,Good,5,Call,No Response,Field,45968
SFL106398,166756,116018,153,Tier 1,Low,Poor,5,Call,No Response,Field,0
SFL106399,318748,123416,45,Tier 2,Medium,Average,1,Field,Promised,Field,55855
SFL106400,67257,59445,37,Tier 2,Low,Good,7,Call,Refused,Field,0
SFL106401,842087,448627,239,Tier 2,Medium,Average,10,Call,Promised,Field,0
SFL106402,26733,13828,326,Tier 2,Medium,Average,6,Field,No Response,Call,0
SFL106403,1162029,971411,157,Tier 3,High,Poor,8,Call,No Response,Field,0
SFL106404,184887,176273,318,Tier 1,Medium,Poor,17,Field,No Response,Call,45906
SFL106405,61642,56684,194,Tier 1,Medium,Average,3,Legal,No Response,Call,0
SFL106406,182945,137931,72,Tier 3,Low,Average,12,Field,No Response,Field,0
SFL106407,24874,23677,1,Tier 1,Medium,Good,10,Call,Promised,Legal,17429
SFL106408,20941,11861,288,Tier 3,Low,Poor,6,Field,Refused,Call,0
SFL106409,56304,44296,57,Tier 3,Medium,Poor,17,Call,No Response,Call,0
SFL106410,179352,108500,125,Tier 1,Low,Average,19,Field,Promised,Field,0
SFL106411,74783,70710,472,Tier 2,Low,Poor,4,Call,Promised,Legal,0
SFL106412,12070,4997,5,Tier 1,High,Good,17,Field,No Response,Legal,0
SFL106413,607393,527494,298,Tier 3,Medium,Average,9,Call,Paid,Call,0
SFL106414,114282,38270,328,Tier 3,Low,Good,1,Call,Paid,Call,0
SFL106415,64932,58250,120,Tier 3,Low,Good,6,Call,Paid,Field,34373
SFL106416,45133,27050,300,Tier 3,Medium,Poor,19,Call,Promised,Call,0
SFL106417,1184661,938923,246,Tier 1,Medium,Poor,5,Field,Refused,Call,255130
SFL106418,470871,147087,217,Tier 3,Low,Poor,2,Call,No Response,Call,0
SFL106419,804714,682034,19,Tier 1,Medium,Poor,10,Field,No Response,Field,301301
SFL106420,184488,107315,335,Tier 1,High,Good,12,Field,Promised,Call,84225
SFL106421,68566,59504,178,Tier 1,Medium,Average,10,Field,No Response,Field,14295
SFL106422,577253,188699,121,Tier 1,Low,Average,5,Legal,No Response,Legal,0
SFL106423,86337,34216,120,Tier 3,Medium,Average,6,Legal,No Response,Call,0
SFL106424,783859,319739,68,Tier 2,Low,Poor,19,Call,No Response,Call,0
SFL106425,656401,324052,97,Tier 1,Low,Good,5,Call,Promised,Legal,0
SFL106426,354154,116074,687,Tier 1,Low,Poor,6,Field,No Response,Legal,0
SFL106427,15382,13830,48,Tier 3,Medium,Good,8,Call,Promised,Field,7185
SFL106428,16896,6670,117,Tier 2,Low,Average,2,Field,Promised,Field,0
SFL106429,67710,60894,157,Tier 2,High,Good,8,Legal,Promised,Call,32565
SFL106430,42534,32182,17,Tier 3,High,Average,9,Call,Promised,Call,0
SFL106431,1151538,442020,297,Tier 3,Low,Average,10,Field,Paid,Field,0
SFL106432,461776,306985,235,Tier 2,High,Average,3,Call,No Response,Field,0
SFL106433,170997,100149,120,Tier 2,Medium,Average,1,Legal,Refused,Call,0
SFL106434,29882,10762,101,Tier 3,Medium,Average,5,Call,Promised,Field,0
SFL106435,44972,40206,162,Tier 1,Low,Poor,5,Field,Refused,Field,0
SFL106436,53100,35196,117,Tier 3,High,Average,8,Call,No Response,Call,26542
SFL106437,335467,221266,434,Tier 3,High,Average,10,Call,Promised,Legal,105756
SFL106438,331844,195707,316,Tier 2,Low,Good,3,Field,Refused,Legal,0
SFL106439,179339,79563,146,Tier 1,Low,Average,1,Call,Promised,Call,0
SFL106440,55175,19744,122,Tier 2,Medium,Good,4,Call,No Response,Legal,8467
SFL106441,60622,48376,134,Tier 2,Medium,Average,8,Field,No Response,Field,0
SFL106442,700401,293093,488,Tier 2,High,Poor,8,Call,No Response,Call,0
SFL106443,816310,422891,74,Tier 3,High,Poor,10,Field,No Response,Field,159559
SFL106444,849131,523462,125,Tier 2,Low,Average,3,Legal,Promised,Field,0
SFL106445,606536,436157,85,Tier 1,Low,Average,4,Call,Promised,Legal,0
SFL106446,138002,50614,2,Tier 3,Low,Poor,5,Field,No Response,Call,0
SFL106447,1075806,570536,41,Tier 1,Low,Poor,6,Field,No Response,Field,0
SFL106448,36131,19684,151,Tier 2,Medium,Poor,4,Legal,No Response,Field,0
SFL106449,14258,4611,276,Tier 2,Low,Average,8,Call,Promised,Field,1540
SFL106450,76285,46688,82,Tier 2,Medium,Good,3,Call,Promised,Field,35568
SFL106451,646588,292243,324,Tier 1,Low,Good,3,Field,Promised,Legal,0
SFL106452,19056,11358,131,Tier 2,Low,Average,10,Call,No Response,Call,0
SFL106453,34365,27393,5,Tier 2,Low,Poor,4,Field,Promised,Call,0
SFL106454,39351,27521,33,Tier 2,Low,Average,9,Call,Promised,Legal,0
SFL106455,59731,57216,651,Tier 1,High,Average,13,Call,Refused,Legal,0
SFL106456,60608,40778,147,Tier 2,High,Average,2,Field,No Response,Field,17312
SFL106457,625751,523602,148,Tier 3,High,Average,8,Field,Refused,Field,0
SFL106458,43012,28163,61,Tier 3,Low,Average,6,Field,No Response,Legal,0
SFL106459,329679,105148,805,Tier 2,High,Poor,4,Call,Refused,Field,0
SFL106460,41148,37216,143,Tier 2,Low,Poor,4,Legal,No Response,Call,0
SFL106461,104249,98688,108,Tier 3,Medium,Average,4,Call,No Response,Call,0
SFL106462,35473,30851,359,Tier 3,Medium,Good,15,Field,Promised,Field,22959
SFL106463,787613,354145,201,Tier 2,Medium,Average,10,Field,Refused,Call,0
SFL106464,171784,89720,99,Tier 3,Low,Average,4,Field,Promised,Field,63749
SFL106465,60824,22119,205,Tier 2,High,Average,11,Field,No Response,Field,6283
SFL106466,49762,34139,138,Tier 3,Medium,Average,19,Field,Promised,Field,12296
SFL106467,241783,133107,24,Tier 3,Medium,Good,8,Call,Promised,Call,85189
SFL106468,155571,55734,177,Tier 3,Low,Average,5,Call,No Response,Field,0
SFL106469,24432,21004,33,Tier 3,Medium,Average,19,Legal,No Response,Field,0
SFL106470,62924,33305,704,Tier 3,Low,Poor,20,Field,Refused,Field,0
SFL106471,15119,4865,842,Tier 3,Low,Poor,3,Call,Refused,Legal,0
SFL106472,57266,47987,47,Tier 2,Low,Poor,8,Call,Refused,Call,0
SFL106473,31525,26630,83,Tier 1,Medium,Average,8,Call,Promised,Legal,0
SFL106474,106274,40177,318,Tier 1,Low,Average,10,Call,No Response,Call,0
SFL106475,326965,287651,576,Tier 1,High,Poor,6,Legal,Refused,Legal,0
SFL106476,321902,305023,16,Tier 2,Low,Good,4,Call,Paid,Call,162513
SFL106477,267166,215273,206,Tier 3,Low,Poor,8,Call,No Response,Call,0
SFL106478,81033,41431,254,Tier 2,Medium,Average,10,Call,No Response,Field,0
SFL106479,18911,12415,91,Tier 1,Medium,Poor,6,Legal,No Response,Call,0
SFL106480,878837,337129,175,Tier 1,High,Average,6,Legal,Promised,Field,0
SFL106481,60809,20193,235,Tier 3,Medium,Poor,5,Call,No Response,Call,0
SFL106482,1157310,966804,332,Tier 1,Medium,Average,14,Call,Promised,Legal,0
SFL106483,241762,160208,66,Tier 2,High,Poor,10,Field,Refused,Field,0
SFL106484,20021,12397,278,Tier 3,Low,Average,16,Field,Refused,Field,0
SFL106485,30046,14819,122,Tier 2,Low,Poor,6,Call,Promised,Call,3208
SFL106486,158825,97541,178,Tier 1,Low,Good,4,Field,Refused,Legal,0
SFL106487,161787,56430,86,Tier 2,Medium,Average,6,Legal,No Response,Call,0
SFL106488,53275,22625,192,Tier 1,Medium,Good,1,Legal,Promised,Call,20798
SFL106489,20736,9553,155,Tier 2,Low,Average,4,Call,Promised,Field,0
SFL106490,60273,25939,458,Tier 2,High,Average,2,Call,No Response,Legal,0
SFL106491,67223,40178,114,Tier 3,Medium,Average,3,Call,Promised,Field,0
SFL106492,12302,8277,335,Tier 3,Low,Poor,3,Legal,Promised,Field,0
SFL106493,1009999,502211,436,Tier 2,Medium,Average,2,Field,Refused,Field,0
SFL106494,59103,33647,240,Tier 3,Medium,Good,9,Call,No Response,Legal,0
SFL106495,55922,27028,182,Tier 2,Medium,Average,7,Field,Paid,Call,18501
SFL106496,111926,57017,240,Tier 2,Medium,Good,5,Call,No Response,Call,0
SFL106497,848251,613988,400,Tier 2,Low,Average,5,Call,Promised,Legal,0
SFL106498,308499,185039,310,Tier 1,Medium,Poor,3,Call,No Response,Legal,0
SFL106499,72991,57930,152,Tier 3,High,Poor,9,Call,Refused,Call,0
SFL106500,15906,7595,55,Tier 1,Low,Good,15,Field,No Response,Call,0
SFL106501,415942,148224,137,Tier 2,Low,Average,1,Legal,No Response,Call,0
SFL106502,119269,82021,292,Tier 2,Low,Average,4,Call,Paid,Field,0
SFL106503,44446,37611,340,Tier 1,High,Average,6,Call,Paid,Call,0
SFL106504,315807,238123,292,Tier 2,Medium,Good,10,Call,No Response,Field,0
SFL106505,200513,98461,536,Tier 1,Medium,Good,4,Call,Refused,Legal,0
SFL106506,13030,7778,288,Tier 3,Low,Average,3,Call,Paid,Call,0
SFL106507,49542,34337,101,Tier 2,Low,Average,20,Call,No Response,Field,22671
SFL106508,55240,29245,151,Tier 3,High,Average,16,Call,No Response,Call,0
SFL106509,162320,128548,185,Tier 2,High,Average,4,Field,Refused,Field,0
SFL106510,66676,59961,108,Tier 2,Low,Average,5,Call,Refused,Field,0
SFL106511,56917,27171,135,Tier 2,High,Poor,8,Call,No Response,Call,0
SFL106512,45459,21931,145,Tier 2,Medium,Poor,8,Call,No Response,Call,3325
SFL106513,57006,51660,113,Tier 3,Low,Good,16,Call,Refused,Field,0
SFL106514,616386,569385,65,Tier 2,Medium,Average,1,Call,No Response,Call,0
SFL106515,960695,798437,306,Tier 1,High,Average,1,Field,Refused,Call,0
SFL106516,1026434,597856,653,Tier 2,High,Good,3,Call,Refused,Field,0
SFL106517,247549,207943,91,Tier 2,Low,Good,10,Call,No Response,Call,0
SFL106518,1137282,440096,107,Tier 2,High,Poor,7,Call,Refused,Legal,0
SFL106519,73043,30503,158,Tier 1,High,Poor,20,Call,Refused,Call,0
SFL106520,40161,23333,80,Tier 2,Medium,Average,4,Call,No Response,Field,12511
SFL106521,45355,35885,27,Tier 3,High,Poor,4,Call,Refused,Call,0
SFL106522,139887,105434,290,Tier 2,High,Poor,10,Legal,No Response,Call,0
SFL106523,66057,31421,189,Tier 2,Medium,Average,14,Field,No Response,Field,0
SFL106524,39583,15600,343,Tier 3,Low,Poor,2,Field,No Response,Field,0
SFL106525,294870,237341,360,Tier 3,Medium,Poor,6,Call,Promised,Field,0
SFL106526,311154,166775,310,Tier 3,High,Poor,6,Call,Promised,Call,51326
SFL106527,76529,30741,358,Tier 2,Low,Average,10,Call,Paid,Field,16857
SFL106528,284318,149745,607,Tier 2,Medium,Good,8,Call,No Response,Legal,0
SFL106529,424241,274127,705,Tier 2,Low,Poor,8,Field,No Response,Call,70982
SFL106530,72037,38973,137,Tier 1,Medium,Poor,5,Call,Refused,Call,0
SFL106531,214311,136736,154,Tier 3,Medium,Average,2,Field,Refused,Call,52651
SFL106532,277040,263399,62,Tier 1,High,Average,6,Field,Promised,Call,187301
SFL106533,58752,41738,248,Tier 2,Medium,Poor,2,Call,No Response,Field,0
SFL106534,222478,150997,315,Tier 3,Medium,Good,4,Call,Paid,Field,150199
SFL106535,590553,322996,160,Tier 2,Medium,Average,10,Call,No Response,Field,0
SFL106536,18893,12807,108,Tier 3,Low,Good,7,Call,Promised,Field,12384
SFL106537,160386,107180,142,Tier 2,Medium,Good,10,Field,Promised,Field,0
SFL106538,57472,22117,782,Tier 3,High,Good,9,Call,Promised,Field,0
SFL106539,242655,123059,32,Tier 2,Low,Poor,13,Field,Promised,Call,0
SFL106540,278028,213937,56,Tier 2,Medium,Average,14,Legal,Refused,Legal,0
SFL106541,270937,151926,177,Tier 2,Low,Poor,10,Call,No Response,Call,0
SFL106542,260319,94950,39,Tier 1,Medium,Poor,7,Call,Promised,Call,0
SFL106543,229212,87591,151,Tier 3,Medium,Poor,10,Call,Promised,Field,0
SFL106544,331873,184228,257,Tier 1,High,Average,8,Field,No Response,Call,0
SFL106545,342732,303372,334,Tier 3,High,Average,3,Call,Promised,Field,133748
SFL106546,729006,673542,107,Tier 2,Medium,Poor,1,Call,No Response,Field,0
SFL106547,1025084,375634,14,Tier 1,Medium,Poor,5,Call,No Response,Call,100571
SFL106548,42949,14225,91,Tier 3,Low,Average,11,Call,Paid,Field,0
SFL106549,541317,443547,172,Tier 1,High,Average,16,Call,Refused,Legal,0
SFL106550,181786,173675,115,Tier 3,Low,Average,4,Field,No Response,Field,0
SFL106551,28580,21179,133,Tier 2,Low,Average,6,Call,Promised,Field,0
SFL106552,267712,124754,147,Tier 1,High,Poor,5,Field,Refused,Call,0
SFL106553,62657,53456,308,Tier 3,Medium,Average,19,Field,No Response,Field,31124
SFL106554,73795,71486,154,Tier 3,Low,Poor,1,Call,No Response,Legal,0
SFL106555,35257,12133,135,Tier 2,Medium,Average,7,Call,Promised,Field,7289
SFL106556,71551,56525,300,Tier 3,High,Good,7,Field,Promised,Field,47218
SFL106557,166566,110474,85,Tier 2,High,Poor,4,Field,No Response,Field,0
SFL106558,11991,9872,172,Tier 2,Low,Average,6,Call,No Response,Field,0
SFL106559,12954,6662,647,Tier 1,Low,Poor,5,Call,Refused,Legal,0
SFL106560,312150,298224,289,Tier 3,Medium,Poor,9,Call,Refused,Call,0
SFL106561,316976,283441,74,Tier 3,Low,Average,1,Call,No Response,Field,182118
SFL106562,23341,19102,378,Tier 2,High,Average,4,Call,No Response,Legal,0
SFL106563,20145,9418,16,Tier 2,Low,Poor,6,Call,Refused,Call,0
SFL106564,56023,52652,133,Tier 2,Low,Average,10,Legal,Promised,Field,0
SFL106565,33074,21462,24,Tier 1,High,Good,3,Call,No Response,Call,4677
SFL106566,74899,24705,77,Tier 1,Medium,Good,6,Call,Promised,Field,13391
SFL106567,12628,11848,136,Tier 3,Low,Average,2,Call,No Response,Field,7554
SFL106568,293580,264776,166,Tier 3,Low,Poor,5,Call,Refused,Call,0
SFL106569,1157789,375478,83,Tier 2,Medium,Average,10,Call,No Response,Field,212318
SFL106570,67118,26672,311,Tier 1,Low,Poor,8,Call,Promised,Legal,0
SFL106571,129264,79533,563,Tier 2,Low,Poor,7,Field,Refused,Call,0
SFL106572,351824,276366,267,Tier 2,Medium,Average,6,Legal,Promised,Field,0
SFL106573,112321,90711,233,Tier 1,Low,Poor,8,Legal,No Response,Field,0
SFL106574,56751,27390,799,Tier 2,Medium,Average,4,Field,Refused,Field,0
SFL106575,188893,58980,153,Tier 1,Low,Average,2,Call,Refused,Legal,0
SFL106576,39624,36160,195,Tier 2,Medium,Poor,1,Field,No Response,Field,0
SFL106577,868178,523981,802,Tier 2,Low,Average,14,Call,Refused,Legal,0
SFL106578,1030553,516140,176,Tier 1,Low,Poor,5,Legal,Promised,Call,0
SFL106579,48944,47197,44,Tier 2,Medium,Average,1,Call,Promised,Field,22379
SFL106580,36315,10996,140,Tier 1,High,Good,5,Field,Refused,Field,0
SFL106581,17447,12681,272,Tier 2,Medium,Good,20,Call,Promised,Call,10036
SFL106582,45675,21221,874,Tier 2,Medium,Poor,6,Field,Refused,Call,0
SFL106583,141193,47389,319,Tier 1,Medium,Average,6,Call,No Response,Call,0
SFL106584,358210,130114,69,Tier 2,Low,Poor,6,Call,No Response,Field,0
SFL106585,76955,59387,92,Tier 3,Low,Good,5,Call,Refused,Field,25113
SFL106586,59081,37098,214,Tier 2,High,Average,5,Call,Refused,Field,0
SFL106587,46066,34086,25,Tier 1,Medium,Poor,3,Call,No Response,Call,14395
SFL106588,959864,713062,271,Tier 1,Medium,Poor,6,Call,No Response,Field,247185
SFL106589,37955,23636,157,Tier 2,Medium,Poor,5,Call,No Response,Field,0
SFL106590,1007119,540605,249,Tier 3,Medium,Poor,8,Field,No Response,Call,0
SFL106591,859132,451581,346,Tier 2,Medium,Average,10,Call,Refused,Call,0
SFL106592,56492,32217,21,Tier 2,Low,Average,1,Field,Promised,Call,27431
SFL106593,689521,484438,683,Tier 1,Medium,Poor,4,Legal,Refused,Legal,0
SFL106594,308772,263014,163,Tier 3,High,Poor,10,Call,Refused,Legal,0
SFL106595,41412,24242,57,Tier 3,Low,Good,3,Legal,Promised,Field,23198
SFL106596,60793,54723,741,Tier 3,High,Average,10,Field,No Response,Legal,0
SFL106597,72888,54841,171,Tier 2,Low,Good,4,Legal,Paid,Call,44915
SFL106598,796943,404161,191,Tier 3,Low,Poor,16,Call,Promised,Call,0
SFL106599,41037,16674,280,Tier 2,High,Good,9,Call,Paid,Field,16649
SFL106600,376599,197546,434,Tier 2,Medium,Average,5,Call,Refused,Legal,0
SFL106601,17172,15502,558,Tier 1,Medium,Good,10,Legal,No Response,Legal,5029
SFL106602,10968,4673,752,Tier 3,High,Poor,5,Call,Promised,Legal,0
SFL106603,234374,115323,141,Tier 1,Low,Good,6,Call,Promised,Call,0
SFL106604,71588,61398,333,Tier 2,High,Good,7,Call,Promised,Call,42251
SFL106605,189539,63729,138,Tier 1,Medium,Poor,19,Call,Refused,Call,0
SFL106606,174728,142046,352,Tier 1,Medium,Average,8,Call,No Response,Call,90670
SFL106607,460143,292036,141,Tier 2,Low,Good,4,Call,Promised,Field,160783
SFL106608,117451,64665,461,Tier 2,Low,Poor,6,Call,No Response,Legal,0
SFL106609,266001,177318,83,Tier 3,High,Good,7,Call,No Response,Field,134197
SFL106610,282093,234246,744,Tier 1,Medium,Good,8,Call,Promised,Call,0
SFL106611,99781,57594,741,Tier 2,Low,Poor,10,Call,Refused,Field,0
SFL106612,108089,47084,156,Tier 2,Medium,Average,8,Field,No Response,Field,0
SFL106613,61003,37409,321,Tier 2,Low,Poor,2,Field,No Response,Call,0
SFL106614,35782,21787,68,Tier 1,Low,Average,2,Call,No Response,Call,16680
SFL106615,199081,167801,93,Tier 1,Medium,Poor,8,Field,No Response,Legal,0
SFL106616,234224,72564,341,Tier 1,Medium,Good,6,Call,Promised,Field,64015
SFL106617,212327,188680,4,Tier 1,Low,Poor,3,Field,No Response,Call,0
SFL106618,42285,37267,129,Tier 2,Low,Average,4,Legal,Refused,Field,0
SFL106619,973609,434900,654,Tier 3,Low,Poor,12,Call,Refused,Call,0
SFL106620,294871,103844,43,Tier 1,Low,Good,20,Field,No Response,Call,0
SFL106621,237741,78310,246,Tier 1,Low,Poor,10,Field,Refused,Call,0
SFL106622,81178,41324,69,Tier 1,Low,Poor,10,Call,Promised,Call,0
SFL106623,169887,113941,102,Tier 2,Low,Average,2,Field,No Response,Field,37807
SFL106624,315505,133063,167,Tier 1,Medium,Poor,1,Call,Refused,Call,0
SFL106625,46480,45055,339,Tier 3,High,Poor,3,Field,No Response,Legal,0
SFL106626,267442,165147,299,Tier 1,High,Poor,7,Field,No Response,Call,31104
SFL106627,294365,110925,894,Tier 3,Low,Good,3,Call,Paid,Field,0
SFL106628,137951,56880,140,Tier 1,Medium,Average,16,Field,Promised,Call,0
SFL106629,230217,162334,206,Tier 1,Low,Good,1,Field,No Response,Field,46605
SFL106630,205010,83156,307,Tier 2,Medium,Good,10,Call,Promised,Call,51829
SFL106631,228879,164510,179,Tier 2,Medium,Average,7,Call,Refused,Field,0
SFL106632,129767,91929,351,Tier 2,Low,Good,15,Field,No Response,Field,0
SFL106633,1192248,1082952,38,Tier 2,Medium,Good,14,Field,Promised,Field,1079422
SFL106634,37691,31359,161,Tier 2,Medium,Good,8,Call,Promised,Call,17742
SFL106635,171762,81387,126,Tier 2,Medium,Average,4,Call,No Response,Field,0
SFL106636,431687,304695,467,Tier 1,High,Average,1,Field,Promised,Legal,0
SFL106637,45503,35296,276,Tier 2,Low,Average,13,Call,Promised,Field,0
SFL106638,13450,11390,318,Tier 1,Low,Average,10,Call,Promised,Call,0
SFL106639,753258,728611,341,Tier 2,High,Average,9,Call,Paid,Field,277804
SFL106640,69678,32663,13,Tier 3,Medium,Poor,8,Call,No Response,Legal,0
SFL106641,16141,5267,88,Tier 3,Low,Good,16,Call,Promised,Call,4547
SFL106642,543305,350010,41,Tier 2,Medium,Average,14,Call,Paid,Field,285465
SFL106643,40477,32197,452,Tier 2,High,Poor,2,Call,No Response,Field,12867
SFL106644,987508,538926,304,Tier 2,High,Poor,5,Field,Refused,Field,0
SFL106645,328754,269078,178,Tier 2,High,Good,4,Legal,Promised,Field,208837
SFL106646,724435,701330,155,Tier 2,Low,Average,4,Legal,No Response,Field,0
SFL106647,145904,60654,822,Tier 3,Medium,Average,10,Call,Promised,Field,0
SFL106648,11817,10460,222,Tier 2,Low,Poor,3,Call,Refused,Call,0
SFL106649,28249,21687,202,Tier 3,Medium,Poor,8,Call,No Response,Legal,0
SFL106650,279426,211543,133,Tier 2,High,Average,16,Call,No Response,Field,0
SFL106651,23036,15897,400,Tier 3,High,Poor,3,Legal,No Response,Legal,0
SFL106652,746847,563686,133,Tier 2,Low,Poor,1,Call,Promised,Field,173100
SFL106653,29809,19324,328,Tier 2,High,Poor,16,Call,No Response,Call,0
SFL106654,95181,33278,120,Tier 3,High,Poor,6,Legal,Promised,Call,18190
SFL106655,53768,46609,703,Tier 2,Medium,Good,6,Call,Paid,Field,0
SFL106656,305746,147325,123,Tier 3,High,Poor,5,Call,No Response,Field,0
SFL106657,16239,13698,253,Tier 1,Medium,Average,9,Call,Promised,Call,0
SFL106658,63241,54757,767,Tier 2,Low,Poor,4,Call,Promised,Legal,0
SFL106659,33424,29629,130,Tier 3,High,Average,4,Field,No Response,Field,0
SFL106660,237381,181624,43,Tier 2,High,Average,14,Call,Paid,Call,68094
SFL106661,96878,35210,341,Tier 1,High,Good,2,Call,Paid,Call,23814
SFL106662,27723,26105,23,Tier 1,Low,Poor,1,Call,Refused,Call,0
SFL106663,51938,45189,224,Tier 3,Medium,Good,10,Call,Paid,Field,0
SFL106664,211337,144235,608,Tier 3,Low,Good,9,Call,No Response,Field,77821
SFL106665,249713,75932,176,Tier 2,Medium,Poor,6,Field,Refused,Field,28447
SFL106666,246700,218013,755,Tier 3,Low,Average,15,Call,No Response,Field,175907
SFL106667,114354,54456,211,Tier 3,Medium,Poor,12,Call,No Response,Legal,14567
SFL106668,58581,28608,272,Tier 2,High,Poor,19,Call,No Response,Call,0
SFL106669,56295,49613,31,Tier 1,Medium,Poor,2,Call,No Response,Field,0
SFL106670,199576,140694,64,Tier 2,Low,Average,17,Call,Paid,Call,0
SFL106671,136386,66254,48,Tier 3,Low,Average,6,Field,Paid,Field,43670
SFL106672,318062,286384,250,Tier 2,Low,Average,1,Field,No Response,Field,0
SFL106673,1106137,955535,82,Tier 2,Low,Average,4,Field,No Response,Field,0
SFL106674,19123,10116,106,Tier 3,Medium,Average,5,Legal,No Response,Field,2356
SFL106675,71018,38348,4,Tier 2,Medium,Poor,20,Call,Refused,Call,0
SFL106676,22493,10056,88,Tier 2,Medium,Good,12,Call,Refused,Field,0
SFL106677,1161988,698169,296,Tier 1,Low,Good,1,Call,Paid,Legal,0
SFL106678,26112,24471,122,Tier 1,Medium,Average,9,Call,Promised,Field,5070
SFL106679,1025227,764282,264,Tier 2,Medium,Poor,10,Call,No Response,Call,0
SFL106680,805270,669086,659,Tier 3,High,Good,1,Call,No Response,Field,577118
SFL106681,25328,18514,207,Tier 2,Low,Average,5,Legal,Promised,Call,0
SFL106682,23257,18153,151,Tier 2,High,Average,20,Legal,Promised,Field,9907
SFL106683,782273,605884,45,Tier 3,Low,Average,9,Call,No Response,Field,0
SFL106684,334659,289822,874,Tier 1,Low,Average,14,Field,Promised,Field,0
SFL106685,125022,39940,844,Tier 1,Medium,Poor,6,Field,No Response,Call,0
SFL106686,84103,59987,221,Tier 2,Low,Poor,10,Field,No Response,Legal,0
SFL106687,72047,47419,126,Tier 1,Medium,Poor,5,Call,Promised,Call,0
SFL106688,40120,36565,701,Tier 2,Low,Poor,5,Call,No Response,Legal,0
SFL106689,57891,49933,212,Tier 3,Low,Average,5,Call,No Response,Call,0
SFL106690,57471,22355,345,Tier 1,Medium,Average,6,Call,Refused,Field,0
SFL106691,52418,30725,578,Tier 1,High,Average,9,Field,Paid,Legal,0
SFL106692,28275,19455,258,Tier 2,Medium,Poor,1,Call,No Response,Call,0
SFL106693,71582,63633,284,Tier 2,Low,Average,15,Call,Promised,Call,46865
SFL106694,298621,101517,78,Tier 2,Low,Good,8,Legal,Promised,Field,0
SFL106695,65320,45457,102,Tier 3,Medium,Average,2,Call,Refused,Call,0
SFL106696,34767,15820,522,Tier 1,Low,Average,2,Legal,No Response,Legal,0
SFL106697,140612,120301,406,Tier 2,Medium,Poor,2,Field,No Response,Field,0
SFL106698,510929,226949,1,Tier 2,Medium,Average,9,Legal,Refused,Field,0
SFL106699,58814,22373,83,Tier 2,Low,Poor,10,Call,Paid,Call,0
SFL106700,1073079,573020,431,Tier 2,Medium,Average,6,Call,No Response,Legal,0
SFL106701,825793,457746,255,Tier 2,Medium,Average,2,Field,No Response,Field,188017
SFL106702,200454,186460,160,Tier 1,Medium,Average,3,Call,Refused,Call,0
SFL106703,35677,33192,32,Tier 3,Medium,Average,2,Legal,Paid,Field,10774
SFL106704,136976,49843,144,Tier 3,Low,Average,5,Call,No Response,Call,0
SFL106705,16622,5371,132,Tier 2,Low,Average,5,Call,No Response,Field,0
SFL106706,283235,236859,451,Tier 2,Low,Average,8,Legal,No Response,Call,0
SFL106707,383979,240879,169,Tier 3,Low,Poor,5,Call,No Response,Call,0
SFL106708,339026,180679,97,Tier 2,Low,Average,10,Legal,Promised,Call,0
SFL106709,49392,22021,86,Tier 2,High,Average,2,Call,Paid,Field,14127
SFL106710,11225,8404,15,Tier 2,Medium,Average,4,Call,No Response,Field,3261
SFL106711,314376,235852,364,Tier 3,Low,Poor,19,Legal,Promised,Field,0
SFL106712,1169000,694914,150,Tier 2,Medium,Poor,9,Legal,No Response,Call,0
SFL106713,39635,19167,37,Tier 1,Low,Average,3,Call,Paid,Call,7800
SFL106714,302457,149102,289,Tier 2,Low,Average,14,Call,Refused,Call,0
SFL106715,151598,131231,137,Tier 2,Low,Good,1,Field,No Response,Field,46569
SFL106716,121176,68850,243,Tier 1,Low,Poor,1,Call,Promised,Legal,0
SFL106717,924861,453952,616,Tier 2,Medium,Good,9,Call,Promised,Legal,344591
SFL106718,48677,35124,21,Tier 2,Low,Poor,7,Call,No Response,Call,0
SFL106719,59089,36091,246,Tier 2,Low,Poor,4,Call,Refused,Call,0
SFL106720,1167300,969316,29,Tier 2,Low,Average,8,Call,No Response,Field,0
SFL106721,38557,30785,76,Tier 3,Low,Poor,1,Legal,Promised,Call,0
SFL106722,33716,32051,861,Tier 3,Low,Poor,2,Field,No Response,Field,0
SFL106723,63976,30742,141,Tier 2,Medium,Average,9,Call,Promised,Legal,0
SFL106724,275608,154374,900,Tier 1,Low,Poor,9,Call,No Response,Legal,0
SFL106725,162530,51616,74,Tier 2,High,Poor,6,Field,No Response,Call,5455
SFL106726,1107389,679480,254,Tier 1,Low,Good,11,Call,Paid,Call,529196
SFL106727,39554,16722,296,Tier 1,Low,Poor,8,Call,No Response,Call,0
SFL106728,291162,124386,15,Tier 1,Low,Poor,20,Field,Refused,Field,0
SFL106729,47128,28905,86,Tier 2,Medium,Poor,4,Field,No Response,Call,0
SFL106730,201244,136859,18,Tier 3,Medium,Good,20,Field,Paid,Field,123226
SFL106731,57463,45852,154,Tier 3,Low,Poor,15,Field,Refused,Legal,0
SFL106732,97817,48245,25,Tier 3,High,Poor,8,Call,Promised,Legal,0
SFL106733,62005,27647,140,Tier 1,Medium,Average,7,Call,No Response,Call,0
SFL106734,44114,15491,67,Tier 2,High,Average,8,Call,No Response,Call,0
SFL106735,38866,20834,122,Tier 1,Low,Poor,19,Field,No Response,Call,0
SFL106736,47660,18448,168,Tier 2,Medium,Poor,7,Call,No Response,Legal,0
SFL106737,32086,15576,5,Tier 3,Low,Average,4,Call,Refused,Field,0
SFL106738,277292,264098,69,Tier 1,Medium,Poor,5,Field,Refused,Legal,111145
SFL106739,188762,66004,13,Tier 3,Medium,Average,7,Field,Promised,Field,0
SFL106740,67915,34226,53,Tier 2,High,Poor,2,Call,Refused,Legal,0
SFL106741,22437,13741,98,Tier 2,High,Average,5,Call,Paid,Field,2829
SFL106742,113866,89384,682,Tier 3,High,Poor,4,Field,Refused,Legal,0
SFL106743,227197,128307,35,Tier 3,Low,Poor,4,Legal,Promised,Call,0
SFL106744,79279,53127,270,Tier 2,High,Poor,6,Legal,Promised,Call,0
SFL106745,115439,44510,311,Tier 1,High,Average,7,Field,Promised,Call,0
SFL106746,31965,28198,174,Tier 2,Medium,Poor,6,Field,Paid,Call,6627
SFL106747,293195,214840,340,Tier 1,Low,Average,1,Legal,Promised,Field,0
SFL106748,54085,35378,146,Tier 3,Low,Average,9,Legal,No Response,Field,15340
SFL106749,34205,25543,260,Tier 3,Medium,Average,2,Field,No Response,Call,7102
SFL106750,47269,18284,135,Tier 3,Medium,Average,16,Field,Paid,Field,0
SFL106751,111464,93548,212,Tier 1,Medium,Poor,3,Call,Promised,Call,0
SFL106752,1061974,977197,23,Tier 3,Medium,Average,4,Call,No Response,Field,240544
SFL106753,596575,472677,285,Tier 1,Low,Average,5,Legal,Promised,Call,0
SFL106754,18053,9577,255,Tier 1,Medium,Average,16,Call,Refused,Field,0
SFL106755,1065108,606410,147,Tier 1,Low,Poor,4,Call,Refused,Field,0
SFL106756,63779,60522,239,Tier 3,Medium,Good,4,Call,Paid,Call,51272
SFL106757,146004,62223,255,Tier 3,High,Average,20,Call,Promised,Field,15077
SFL106758,272312,114397,13,Tier 3,Medium,Good,15,Field,Refused,Field,0
SFL106759,142295,130598,51,Tier 3,High,Average,2,Call,No Response,Field,73342
SFL106760,39303,23518,44,Tier 2,Low,Poor,17,Field,Refused,Call,0
SFL106761,368899,148911,73,Tier 1,Low,Poor,7,Field,No Response,Field,0
SFL106762,51069,27691,155,Tier 1,Low,Average,5,Call,Paid,Field,19737
SFL106763,15267,6068,111,Tier 3,Medium,Average,11,Call,No Response,Field,1215
SFL106764,229752,138611,105,Tier 1,Low,Good,4,Call,Promised,Field,112090
SFL106765,62863,20260,5,Tier 3,Low,Average,5,Call,No Response,Legal,0
SFL106766,71180,48452,285,Tier 1,Low,Average,10,Field,Promised,Legal,0
SFL106767,276610,172602,212,Tier 1,Medium,Poor,16,Legal,Refused,Legal,39771
SFL106768,1025492,318968,88,Tier 1,High,Good,5,Call,Promised,Call,194834
SFL106769,46575,24814,574,Tier 1,Low,Average,4,Field,Promised,Call,0
SFL106770,19123,17976,32,Tier 1,Low,Average,7,Legal,No Response,Field,15830
SFL106771,93386,71203,136,Tier 3,Low,Poor,7,Call,Refused,Call,0
SFL106772,507839,200685,321,Tier 2,Medium,Average,9,Call,No Response,Field,151736
SFL106773,213012,114394,147,Tier 2,Low,Poor,3,Legal,No Response,Field,49048
SFL106774,320402,173346,70,Tier 2,Medium,Average,1,Field,Refused,Call,85820
SFL106775,69048,61189,156,Tier 3,Medium,Average,1,Call,No Response,Field,0
SFL106776,182366,164727,68,Tier 2,Low,Poor,6,Call,Promised,Field,50854
SFL106777,135306,61673,203,Tier 1,Medium,Poor,2,Call,Refused,Legal,0
SFL106778,16356,6958,292,Tier 3,Low,Good,2,Legal,No Response,Field,3567
SFL106779,254896,108847,158,Tier 2,High,Poor,6,Field,No Response,Call,22568
SFL106780,166643,137271,110,Tier 3,Medium,Average,8,Call,Refused,Field,0
SFL106781,34000,32855,241,Tier 3,Low,Average,1,Call,Refused,Field,0
SFL106782,184664,121431,137,Tier 3,Medium,Average,9,Legal,Promised,Field,0
SFL106783,1130651,599030,420,Tier 3,Medium,Good,1,Call,Paid,Field,0
SFL106784,32855,26581,14,Tier 3,Low,Average,9,Call,Promised,Field,0
SFL106785,184736,141690,510,Tier 3,Medium,Poor,17,Field,No Response,Legal,0
SFL106786,25717,9963,179,Tier 3,Medium,Poor,7,Legal,Promised,Call,0
SFL106787,201045,126520,344,Tier 1,Medium,Poor,1,Field,Paid,Call,0
SFL106788,615591,250980,229,Tier 3,Medium,Good,9,Field,Refused,Call,0
SFL106789,52744,51153,45,Tier 1,Medium,Poor,10,Call,Refused,Field,0
SFL106790,56163,22789,193,Tier 1,Low,Good,5,Field,Promised,Call,0
SFL106791,12677,6508,156,Tier 2,High,Poor,1,Call,Promised,Field,0
SFL106792,1049853,439876,293,Tier 2,Low,Good,4,Call,Paid,Call,397504
SFL106793,78925,66733,139,Tier 2,Low,Poor,9,Field,No Response,Call,0
SFL106794,113972,50525,6,Tier 3,Medium,Average,19,Field,No Response,Call,37915
SFL106795,288074,177606,181,Tier 2,High,Average,2,Call,Refused,Field,0
SFL106796,516039,426254,102,Tier 3,Low,Poor,4,Call,Refused,Field,0
SFL106797,12563,10506,41,Tier 2,Medium,Good,7,Call,Refused,Field,0
SFL106798,183688,143347,256,Tier 2,Low,Poor,7,Field,Paid,Field,0
SFL106799,503983,164306,151,Tier 3,Medium,Average,3,Legal,No Response,Field,145908
SFL106800,47230,16838,336,Tier 1,Low,Good,9,Call,No Response,Call,5219
SFL106801,11709,10115,196,Tier 2,High,Poor,9,Call,Promised,Call,0
SFL106802,10081,4503,70,Tier 3,Low,Average,8,Field,No Response,Field,933
SFL106803,48836,40839,33,Tier 1,Low,Average,1,Field,No Response,Call,16698
SFL106804,289441,167080,116,Tier 2,Medium,Poor,11,Call,No Response,Call,0
SFL106805,289262,145227,195,Tier 2,Low,Average,9,Legal,Promised,Field,0
SFL106806,45039,35114,303,Tier 2,High,Poor,13,Call,Refused,Field,0
SFL106807,26651,25070,277,Tier 1,Low,Good,5,Call,No Response,Legal,0
SFL106808,113641,107829,43,Tier 2,High,Good,6,Legal,Promised,Field,75809
SFL106809,13417,8175,101,Tier 1,High,Good,5,Field,Promised,Call,7405
SFL106810,42607,19747,41,Tier 2,Medium,Poor,4,Call,No Response,Field,0
SFL106811,755096,355827,334,Tier 3,Low,Average,4,Field,No Response,Field,0
SFL106812,956738,534585,110,Tier 2,Low,Poor,10,Field,No Response,Call,0
SFL106813,10628,7416,422,Tier 1,Low,Poor,2,Call,No Response,Field,0
SFL106814,59793,19929,27,Tier 2,Low,Poor,8,Field,No Response,Field,0
SFL106815,11374,5485,44,Tier 2,Medium,Average,7,Legal,Promised,Call,4006
SFL106816,872601,639806,165,Tier 3,Low,Average,12,Call,No Response,Field,276390
SFL106817,69044,40116,92,Tier 1,Low,Average,6,Call,Promised,Field,0
SFL106818,61090,21356,651,Tier 2,Medium,Poor,16,Legal,Refused,Legal,0
SFL106819,11380,10926,98,Tier 1,Low,Poor,12,Legal,Refused,Field,0
SFL106820,742313,282906,398,Tier 1,Low,Poor,2,Call,Promised,Call,0
SFL106821,27002,20372,194,Tier 2,Low,Average,2,Call,Promised,Field,6175
SFL106822,1011241,891410,42,Tier 3,Low,Poor,7,Field,Paid,Field,0
SFL106823,284793,111262,72,Tier 1,Low,Good,18,Legal,Paid,Legal,0
SFL106824,10018,7631,264,Tier 1,Medium,Poor,5,Field,Promised,Field,0
SFL106825,659032,258730,739,Tier 2,Medium,Poor,9,Field,Refused,Legal,0
SFL106826,406202,282370,40,Tier 3,Low,Poor,2,Call,No Response,Field,0
SFL106827,539691,431344,10,Tier 1,High,Average,9,Call,Promised,Call,259211
SFL106828,53058,22667,310,Tier 1,Low,Average,10,Field,No Response,Legal,0
SFL106829,28758,18805,304,Tier 3,Low,Good,10,Call,Paid,Call,9911
SFL106830,30502,27600,20,Tier 1,Medium,Average,8,Call,Paid,Call,0
SFL106831,14666,11477,106,Tier 3,Medium,Average,5,Field,Refused,Call,0
SFL106832,404234,168317,357,Tier 2,Medium,Poor,6,Field,No Response,Call,0
SFL106833,56555,42801,692,Tier 3,Low,Poor,5,Call,No Response,Call,0
SFL106834,222186,154157,58,Tier 1,Low,Poor,19,Field,No Response,Call,0
SFL106835,330346,218315,761,Tier 2,Low,Good,6,Field,No Response,Field,0
SFL106836,48481,37224,329,Tier 3,High,Average,2,Call,Refused,Call,0
SFL106837,264976,189796,314,Tier 1,Low,Average,4,Legal,Promised,Call,0
SFL106838,36912,13395,74,Tier 2,High,Good,1,Field,Paid,Call,10396
SFL106839,305173,247392,21,Tier 2,Low,Average,15,Call,Promised,Field,171251
SFL106840,322074,189768,76,Tier 3,High,Poor,8,Call,No Response,Call,0
SFL106841,313466,182640,260,Tier 2,Medium,Average,6,Call,No Response,Field,0
SFL106842,331164,197092,222,Tier 1,Medium,Average,3,Field,No Response,Call,52034
SFL106843,332685,291442,62,Tier 2,Medium,Average,5,Call,No Response,Call,0
SFL106844,77271,37314,476,Tier 2,Medium,Poor,10,Call,Refused,Legal,0
SFL106845,52174,48938,172,Tier 1,Medium,Poor,9,Field,No Response,Call,27000
SFL106846,907326,377870,121,Tier 2,High,Good,1,Field,Promised,Field,364066
SFL106847,981784,846678,743,Tier 1,Low,Average,7,Field,No Response,Legal,0
SFL106848,171596,95506,188,Tier 2,Medium,Average,6,Field,Refused,Field,0
SFL106849,495828,445421,93,Tier 1,Low,Poor,14,Call,No Response,Call,86141
SFL106850,970850,422440,646,Tier 1,Low,Poor,4,Call,Refused,Legal,0
SFL106851,51968,48421,83,Tier 1,Low,Average,6,Call,Refused,Call,11137
SFL106852,248774,148892,228,Tier 1,Low,Average,4,Legal,No Response,Field,0
SFL106853,24381,12250,148,Tier 3,Low,Poor,3,Call,Refused,Call,0
SFL106854,78209,23694,800,Tier 2,Low,Poor,8,Legal,No Response,Legal,0
SFL106855,847817,680736,128,Tier 1,Medium,Good,4,Field,Paid,Call,385646
SFL106856,38470,26746,192,Tier 3,Medium,Poor,9,Field,No Response,Field,0
SFL106857,171899,59890,9,Tier 3,Medium,Poor,9,Call,No Response,Field,0
SFL106858,149107,61816,143,Tier 3,Low,Poor,7,Call,Paid,Call,18790
SFL106859,563879,227728,235,Tier 1,Low,Poor,14,Call,No Response,Call,0
SFL106860,210370,99762,25,Tier 2,Low,Poor,3,Call,Promised,Call,0
SFL106861,77026,48827,52,Tier 3,Low,Average,10,Call,Refused,Legal,0
SFL106862,231826,148017,778,Tier 2,Medium,Average,16,Field,Refused,Legal,0
SFL106863,234005,203882,302,Tier 3,High,Good,18,Call,Promised,Field,174773
SFL106864,185142,128541,217,Tier 2,Low,Average,7,Legal,Promised,Field,0
SFL106865,32524,30930,343,Tier 3,Low,Poor,7,Legal,No Response,Call,0
SFL106866,162950,104013,41,Tier 3,Low,Poor,8,Call,Refused,Call,0
SFL106867,71351,53790,163,Tier 3,Medium,Average,9,Call,Promised,Call,33893
SFL106868,80644,56444,463,Tier 3,High,Average,1,Call,Promised,Legal,0
SFL106869,27569,21064,121,Tier 2,Medium,Poor,5,Call,No Response,Call,0
SFL106870,27259,25330,14,Tier 1,High,Good,6,Field,Promised,Call,14055
SFL106871,348699,313917,362,Tier 1,Low,Average,6,Field,No Response,Legal,0
SFL106872,1159252,723275,212,Tier 3,Low,Average,3,Call,Promised,Field,0
SFL106873,125760,72457,188,Tier 1,Medium,Average,3,Call,Paid,Call,43500
SFL106874,19126,16953,111,Tier 3,Medium,Poor,4,Legal,Promised,Call,0
SFL106875,148332,94209,28,Tier 1,Low,Average,6,Call,Paid,Field,55628
SFL106876,577757,274839,177,Tier 3,High,Poor,1,Field,No Response,Call,0
SFL106877,212453,195648,341,Tier 2,Medium,Average,1,Call,No Response,Field,46214
SFL106878,19354,10845,476,Tier 2,Medium,Average,10,Call,Refused,Call,0
SFL106879,965004,793523,52,Tier 2,High,Average,5,Field,Paid,Field,191081
SFL106880,28938,13517,726,Tier 1,Low,Average,8,Field,No Response,Field,0
SFL106881,232889,105144,283,Tier 3,Low,Poor,9,Field,No Response,Call,0
SFL106882,265084,247089,299,Tier 2,Medium,Average,5,Field,Refused,Field,48846
SFL106883,327216,315533,345,Tier 3,Medium,Poor,19,Call,Refused,Field,0
SFL106884,14665,7117,239,Tier 2,Medium,Poor,7,Call,Promised,Field,0
SFL106885,14592,9432,230,Tier 2,Medium,Average,5,Call,Refused,Field,0
SFL106886,283854,86465,64,Tier 2,Medium,Poor,7,Call,Refused,Call,0
SFL106887,256551,99055,115,Tier 3,Medium,Good,15,Call,Paid,Field,67669
SFL106888,167260,87047,24,Tier 3,Low,Average,8,Field,Refused,Field,0
SFL106889,64781,51454,65,Tier 2,Low,Poor,8,Field,Promised,Call,0
SFL106890,226719,119549,222,Tier 2,High,Poor,10,Call,Promised,Call,41403
SFL106891,41127,34825,307,Tier 3,Low,Good,3,Call,No Response,Field,12473
SFL106892,72327,36998,348,Tier 2,High,Average,10,Call,Refused,Legal,10782
SFL106893,922058,569159,266,Tier 3,Medium,Poor,7,Call,No Response,Field,0
SFL106894,340348,272091,770,Tier 3,Medium,Poor,5,Call,Refused,Call,0
SFL106895,648877,284099,751,Tier 1,Low,Poor,5,Call,Promised,Legal,0
SFL106896,341435,171408,96,Tier 2,High,Poor,6,Field,No Response,Field,0
SFL106897,126550,62733,144,Tier 3,Low,Average,9,Legal,Promised,Field,23414
SFL106898,176522,101009,154,Tier 3,Low,Poor,1,Field,Promised,Call,0
SFL106899,52351,35660,6,Tier 3,Medium,Average,8,Legal,Refused,Field,0
SFL106900,977245,755991,627,Tier 2,Low,Average,13,Field,Promised,Legal,0
SFL106901,65719,47657,738,Tier 1,High,Good,8,Call,Refused,Call,0
SFL106902,107878,61595,322,Tier 2,Low,Average,4,Field,Promised,Field,0
SFL106903,257033,174968,14,Tier 2,Low,Poor,2,Call,No Response,Call,0
SFL106904,41812,17029,34,Tier 2,Medium,Average,6,Call,Promised,Field,0
SFL106905,259292,187619,252,Tier 3,Low,Poor,2,Field,No Response,Legal,0
SFL106906,947297,300054,107,Tier 1,High,Poor,6,Field,No Response,Field,93009
SFL106907,917876,399735,563,Tier 2,Low,Average,3,Call,No Response,Field,0
SFL106908,38243,15416,464,Tier 2,Low,Average,6,Field,No Response,Field,0
SFL106909,206803,125729,156,Tier 2,High,Poor,5,Call,No Response,Field,0
SFL106910,10742,7590,323,Tier 2,Medium,Poor,2,Call,No Response,Call,0
SFL106911,481778,237226,124,Tier 2,Medium,Poor,6,Call,Refused,Field,0
SFL106912,256412,175558,148,Tier 1,Low,Poor,12,Field,Paid,Call,0
SFL106913,264534,96346,332,Tier 3,Medium,Good,7,Legal,Promised,Call,94797
SFL106914,1051870,953797,818,Tier 2,Low,Average,7,Field,No Response,Legal,0
SFL106915,1027311,672393,473,Tier 1,Low,Poor,8,Call,Refused,Call,0
SFL106916,1190515,863750,99,Tier 3,Medium,Average,16,Call,Refused,Call,376136
SFL106917,496556,228444,230,Tier 2,Medium,Poor,5,Field,Refused,Legal,0
SFL106918,30177,28158,28,Tier 2,Medium,Average,8,Call,No Response,Field,0
SFL106919,72705,62853,105,Tier 2,Low,Average,5,Call,Promised,Field,0
SFL106920,18319,14655,54,Tier 2,Low,Average,4,Call,No Response,Field,9977
SFL106921,74326,42250,34,Tier 2,High,Good,7,Field,Paid,Field,24710
SFL106922,309766,276020,275,Tier 2,Low,Average,9,Field,Refused,Call,0
SFL106923,14220,11521,441,Tier 3,Medium,Average,19,Legal,Refused,Field,0
SFL106924,617935,574032,74,Tier 1,High,Average,5,Call,No Response,Call,0
SFL106925,43473,14879,143,Tier 3,Medium,Poor,1,Call,Refused,Call,4424
SFL106926,835268,648032,238,Tier 3,Low,Average,4,Field,Promised,Field,0
SFL106927,583878,314382,97,Tier 2,High,Good,4,Field,Paid,Field,268530
SFL106928,253829,227023,328,Tier 3,Low,Poor,9,Call,Paid,Call,0
SFL106929,1076034,462692,101,Tier 3,High,Average,3,Legal,Promised,Field,403671
SFL106930,67750,58455,87,Tier 3,Medium,Poor,4,Call,No Response,Call,15999
SFL106931,1053969,392156,285,Tier 2,High,Poor,7,Field,No Response,Field,0
SFL106932,34681,14583,173,Tier 2,High,Average,11,Call,Refused,Legal,0
SFL106933,62055,42434,159,Tier 1,Low,Good,11,Call,No Response,Field,0
SFL106934,37231,32054,272,Tier 3,High,Poor,9,Field,Refused,Legal,0
SFL106935,30896,28091,10,Tier 1,Medium,Average,6,Field,Promised,Legal,0
SFL106936,51333,19643,836,Tier 1,Medium,Poor,9,Call,Promised,Legal,0
SFL106937,266536,151811,336,Tier 3,Medium,Poor,1,Field,No Response,Call,0
SFL106938,757652,294546,74,Tier 1,Low,Average,6,Call,No Response,Call,0
SFL106939,493770,287086,293,Tier 2,Low,Average,5,Call,No Response,Field,138715
SFL106940,246310,207576,125,Tier 3,Low,Average,6,Call,Promised,Field,105243
SFL106941,57994,18886,743,Tier 1,High,Average,12,Call,No Response,Legal,0
SFL106942,180051,173749,37,Tier 3,Medium,Good,2,Call,No Response,Field,92137
SFL106943,56091,52821,25,Tier 2,High,Average,5,Legal,No Response,Field,0
SFL106944,261528,94252,856,Tier 2,High,Good,3,Call,No Response,Field,0
SFL106945,39995,13437,690,Tier 1,Low,Poor,4,Call,Refused,Call,0
SFL106946,52202,21094,278,Tier 3,High,Good,12,Call,Paid,Call,19276
SFL106947,708880,318285,96,Tier 2,Medium,Poor,16,Legal,No Response,Field,0
SFL106948,184715,81398,335,Tier 3,Low,Average,6,Call,Promised,Field,0
SFL106949,28892,11966,339,Tier 2,Low,Good,3,Field,Promised,Call,0
SFL106950,59758,25274,110,Tier 2,Low,Poor,5,Call,No Response,Call,0
SFL106951,35765,18070,147,Tier 2,Low,Good,6,Call,No Response,Field,8345
SFL106952,37606,21211,160,Tier 2,Medium,Average,13,Call,Promised,Field,11364
SFL106953,234438,87906,59,Tier 3,Low,Average,9,Legal,Refused,Call,0
SFL106954,191690,112049,81,Tier 2,Medium,Poor,7,Call,No Response,Call,0
SFL106955,53460,44186,163,Tier 2,Medium,Average,8,Call,Refused,Call,0
SFL106956,72979,68101,328,Tier 3,Low,Poor,19,Call,Promised,Call,0
SFL106957,74498,27054,244,Tier 3,Low,Average,6,Call,Promised,Call,14158
SFL106958,10173,5721,117,Tier 3,Medium,Poor,6,Field,Promised,Field,2938
SFL106959,212479,192791,144,Tier 2,High,Average,2,Call,Refused,Field,0
SFL106960,65700,28948,221,Tier 2,Medium,Average,5,Field,Paid,Call,0
SFL106961,996120,419886,211,Tier 1,High,Average,20,Call,Paid,Call,0
SFL106962,41759,20410,340,Tier 1,Medium,Good,4,Call,Promised,Field,19365
SFL106963,308063,231018,75,Tier 3,Medium,Good,4,Call,Refused,Field,102114
SFL106964,250111,123884,784,Tier 1,Low,Good,3,Field,Promised,Legal,0
SFL106965,839768,582706,136,Tier 2,Low,Good,10,Call,Paid,Legal,310109
SFL106966,200716,66296,850,Tier 1,High,Average,4,Legal,No Response,Call,0
SFL106967,891358,522108,21,Tier 2,Medium,Average,4,Call,Promised,Field,139797
SFL106968,41101,17514,31,Tier 3,Medium,Poor,7,Legal,No Response,Call,0
SFL106969,52635,27582,726,Tier 1,Medium,Average,7,Field,Promised,Field,0
SFL106970,150774,106973,745,Tier 2,Low,Average,14,Field,No Response,Legal,0
SFL106971,216261,85019,119,Tier 1,Low,Average,4,Call,No Response,Call,0
SFL106972,286319,175131,347,Tier 3,High,Good,8,Call,Paid,Call,161341
SFL106973,265940,149222,362,Tier 2,Medium,Poor,8,Call,Promised,Call,0
SFL106974,934459,545567,178,Tier 2,Medium,Average,13,Call,Promised,Field,0
SFL106975,17148,6448,869,Tier 2,Low,Good,17,Field,Promised,Legal,0
SFL106976,552607,171181,141,Tier 2,Medium,Average,8,Field,Paid,Call,37833
SFL106977,171964,112788,100,Tier 2,Low,Poor,6,Field,Promised,Call,0
SFL106978,63223,49694,145,Tier 2,Medium,Average,10,Field,Refused,Call,0
SFL106979,163655,94470,27,Tier 2,Low,Poor,2,Field,No Response,Call,0
SFL106980,16634,15827,597,Tier 2,High,Average,2,Legal,Refused,Legal,5838
SFL106981,137519,123955,42,Tier 1,Medium,Good,5,Call,Promised,Legal,0
SFL106982,66284,59913,623,Tier 1,Low,Average,8,Call,Promised,Field,0
SFL106983,22938,16044,35,Tier 2,High,Poor,9,Field,Refused,Field,0
SFL106984,19022,12384,154,Tier 1,Low,Poor,9,Call,Promised,Legal,0
SFL106985,1019600,353239,31,Tier 3,Low,Good,4,Field,Refused,Field,196893
SFL106986,1036121,879555,44,Tier 1,High,Poor,7,Field,Refused,Field,0
SFL106987,47575,15906,42,Tier 2,Low,Average,7,Field,No Response,Field,0
SFL106988,74619,44078,151,Tier 1,Medium,Average,10,Field,No Response,Call,0
SFL106989,191725,97864,4,Tier 3,Medium,Average,2,Field,No Response,Field,23160
SFL106990,468073,341656,64,Tier 3,Medium,Poor,1,Field,Refused,Call,0
SFL106991,252404,115942,230,Tier 1,Low,Good,5,Call,No Response,Field,0
SFL106992,680541,229895,108,Tier 3,Medium,Good,5,Legal,Promised,Field,143694
SFL106993,1065377,694951,300,Tier 2,Medium,Poor,4,Call,No Response,Field,120731
SFL106994,39176,30238,132,Tier 2,Low,Good,5,Call,Refused,Field,0
SFL106995,941376,864443,586,Tier 2,High,Good,6,Call,No Response,Call,0
SFL106996,670067,376269,129,Tier 1,Medium,Good,6,Legal,Refused,Legal,0
SFL106997,22155,20800,53,Tier 2,Medium,Poor,5,Call,No Response,Legal,0
SFL106998,322093,198792,92,Tier 3,Low,Average,17,Field,Promised,Field,50921
SFL106999,69880,21474,123,Tier 2,High,Poor,9,Call,No Response,Field,0
SFL107000,69712,23939,168,Tier 1,Medium,Good,1,Field,Paid,Call,18933
SFL107001,63214,55126,121,Tier 3,Low,Average,5,Field,No Response,Call,21219
SFL107002,65997,33192,12,Tier 1,Low,Poor,3,Call,No Response,Call,14324
SFL107003,171476,125256,1,Tier 3,Low,Average,10,Call,Refused,Field,29416
SFL107004,289081,104358,53,Tier 1,Low,Good,8,Field,Paid,Field,95020
SFL107005,320325,274019,254,Tier 1,Low,Average,6,Field,Refused,Field,0
SFL107006,26638,17894,90,Tier 3,Low,Poor,8,Call,No Response,Call,0
SFL107007,177976,161874,158,Tier 1,Low,Poor,1,Call,Paid,Field,0
SFL107008,274385,102360,161,Tier 1,Medium,Average,6,Legal,No Response,Field,0
SFL107009,12199,5223,84,Tier 1,Low,Average,4,Call,No Response,Call,0
SFL107010,17519,7917,163,Tier 3,High,Good,8,Call,No Response,Legal,5393
SFL107011,196282,166088,318,Tier 2,Medium,Average,2,Call,No Response,Legal,89063
SFL107012,175224,105448,84,Tier 3,Medium,Good,19,Call,Paid,Field,97634
SFL107013,128665,53598,131,Tier 3,Medium,Average,6,Field,No Response,Field,0
SFL107014,59865,57667,192,Tier 1,Medium,Poor,6,Call,Refused,Call,29954
SFL107015,613056,425962,93,Tier 2,Low,Average,9,Field,Promised,Field,307249
SFL107016,65872,29616,239,Tier 2,Medium,Good,3,Call,Promised,Field,20430
SFL107017,10582,6386,4,Tier 2,Low,Average,2,Call,Promised,Field,1799
SFL107018,61724,53912,799,Tier 1,High,Poor,6,Call,Promised,Legal,0
SFL107019,17900,5430,148,Tier 2,High,Poor,5,Call,No Response,Field,0
SFL107020,50582,36568,12,Tier 2,Low,Poor,2,Call,Promised,Field,0
SFL107021,981258,359770,56,Tier 2,Low,Average,6,Legal,No Response,Call,0
SFL107022,282722,112272,248,Tier 3,High,Average,1,Call,Promised,Field,0
SFL107023,296476,249909,233,Tier 2,Low,Poor,2,Call,No Response,Legal,0
SFL107024,164855,70946,182,Tier 3,High,Average,5,Call,Refused,Field,31240
SFL107025,37128,32362,31,Tier 1,Medium,Average,6,Legal,Promised,Call,0
SFL107026,262520,107311,693,Tier 2,Low,Poor,6,Call,Promised,Legal,0
SFL107027,180119,78878,86,Tier 3,Low,Average,2,Call,No Response,Call,0
SFL107028,14323,8940,753,Tier 2,High,Good,1,Call,Promised,Legal,0
SFL107029,60229,22183,88,Tier 2,Medium,Average,15,Field,Promised,Legal,0
SFL107030,11976,8912,325,Tier 3,Medium,Average,5,Field,No Response,Field,3074
SFL107031,347187,225763,485,Tier 2,Low,Good,9,Legal,Paid,Field,191521
SFL107032,51998,45834,335,Tier 1,Medium,Average,5,Field,No Response,Field,25218
SFL107033,71157,57725,50,Tier 2,Low,Good,19,Field,Paid,Field,32090
SFL107034,26566,17617,110,Tier 1,Medium,Poor,5,Call,No Response,Field,0
SFL107035,56045,25219,517,Tier 1,Medium,Poor,6,Call,No Response,Call,0
SFL107036,56450,38355,79,Tier 2,Medium,Poor,5,Call,Refused,Call,0
SFL107037,59073,19295,74,Tier 3,Low,Poor,2,Call,No Response,Call,5122
SFL107038,60723,29125,41,Tier 3,Low,Poor,4,Call,Refused,Call,0
SFL107039,164466,76057,204,Tier 2,Medium,Average,10,Call,Refused,Field,14583
SFL107040,273302,187796,209,Tier 2,High,Average,3,Field,Promised,Field,111611
SFL107041,50746,16696,585,Tier 3,High,Good,5,Call,Promised,Field,0
SFL107042,12920,4927,667,Tier 1,Low,Poor,6,Field,No Response,Call,0
SFL107043,105826,42980,174,Tier 1,Medium,Average,2,Field,Promised,Call,22189
SFL107044,153812,70747,57,Tier 1,Low,Average,2,Call,Paid,Legal,52825
SFL107045,19034,9538,89,Tier 1,Medium,Good,6,Call,No Response,Legal,0
SFL107046,265829,123865,148,Tier 2,Medium,Average,5,Call,No Response,Field,0
SFL107047,1146187,500147,117,Tier 2,Medium,Poor,6,Field,Promised,Field,0
SFL107048,130127,94281,328,Tier 1,Low,Average,14,Call,Refused,Call,0
SFL107049,900964,731005,192,Tier 3,Medium,Good,1,Call,Promised,Field,556130
SFL107050,1088731,908197,142,Tier 3,Medium,Average,5,Legal,No Response,Field,0
SFL107051,192669,103482,96,Tier 3,Low,Poor,11,Call,No Response,Field,0
SFL107052,1026247,913065,149,Tier 2,Medium,Average,2,Field,Promised,Field,714011
SFL107053,998513,828862,137,Tier 2,Low,Good,3,Field,No Response,Field,484850
SFL107054,270454,192054,583,Tier 3,Medium,Poor,20,Call,No Response,Legal,0
SFL107055,27850,25309,330,Tier 1,High,Average,8,Field,Promised,Call,21225
SFL107056,141446,94489,168,Tier 1,Low,Average,5,Field,Refused,Field,21340
SFL107057,341748,276237,177,Tier 3,Low,Average,16,Field,No Response,Field,0
SFL107058,198174,83297,307,Tier 2,High,Poor,18,Call,Promised,Legal,0
SFL107059,1175977,986779,498,Tier 3,Medium,Average,5,Call,No Response,Field,0
SFL107060,219912,178813,278,Tier 3,Medium,Average,7,Call,Promised,Field,0
SFL107061,48952,31681,120,Tier 2,Medium,Poor,1,Call,No Response,Call,0
SFL107062,22716,15164,72,Tier 2,Low,Poor,11,Call,Refused,Call,0
SFL107063,45637,27108,101,Tier 2,Low,Poor,4,Field,No Response,Call,0
SFL107064,702380,383242,300,Tier 3,High,Poor,9,Call,No Response,Call,0
SFL107065,187284,109813,81,Tier 3,Low,Average,19,Field,Promised,Legal,28584
SFL107066,65249,50217,103,Tier 3,Low,Poor,7,Call,No Response,Call,0
SFL107067,23762,18802,887,Tier 1,High,Average,6,Call,Promised,Legal,8857
SFL107068,338413,263641,162,Tier 2,Medium,Poor,4,Call,Refused,Call,0
SFL107069,64101,29652,285,Tier 1,High,Poor,13,Call,No Response,Call,0
SFL107070,108116,55249,168,Tier 2,Low,Poor,10,Call,No Response,Call,0
SFL107071,776402,242086,76,Tier 3,Medium,Poor,8,Call,Promised,Field,89384
SFL107072,28396,11684,371,Tier 1,Medium,Average,10,Legal,Promised,Call,0
SFL107073,561971,466128,214,Tier 2,Medium,Good,6,Field,Paid,Field,0
SFL107074,52546,18553,787,Tier 2,Medium,Average,4,Call,No Response,Call,0
SFL107075,541716,270967,20,Tier 3,Low,Poor,7,Legal,No Response,Field,48696
SFL107076,323097,138531,457,Tier 3,Low,Poor,5,Field,Paid,Legal,0
SFL107077,55803,41742,127,Tier 2,Medium,Poor,2,Call,Refused,Call,0
SFL107078,43814,18329,560,Tier 2,High,Poor,10,Field,Refused,Legal,0
SFL107079,46531,27844,60,Tier 3,Medium,Average,17,Field,No Response,Field,0
SFL107080,1150029,799594,13,Tier 1,Medium,Poor,2,Call,No Response,Field,283651
SFL107081,166875,158114,137,Tier 3,Low,Average,5,Legal,Refused,Field,48081
SFL107082,203425,130314,92,Tier 2,Low,Average,20,Field,Refused,Call,0
SFL107083,1066154,557956,187,Tier 1,Medium,Poor,5,Field,No Response,Call,0
SFL107084,318228,236103,115,Tier 1,Medium,Poor,10,Field,No Response,Field,0
SFL107085,27395,13526,168,Tier 3,Medium,Average,1,Field,Refused,Field,7544
SFL107086,18499,15773,162,Tier 2,Medium,Average,6,Call,Paid,Field,0
SFL107087,31357,15787,161,Tier 3,High,Average,3,Legal,No Response,Field,0
SFL107088,68211,42953,120,Tier 3,Medium,Poor,7,Field,Promised,Call,9300
SFL107089,60136,18403,249,Tier 2,Medium,Average,15,Call,No Response,Field,0
SFL107090,21571,14093,138,Tier 1,High,Average,1,Call,Refused,Call,0
SFL107091,128228,63160,157,Tier 2,High,Average,4,Legal,Promised,Field,43954
SFL107092,257061,135045,110,Tier 1,Low,Poor,4,Call,Paid,Legal,0
SFL107093,62107,48964,43,Tier 3,High,Poor,6,Field,Promised,Call,11392
SFL107094,524993,345335,344,Tier 2,Low,Average,4,Field,Promised,Field,0
SFL107095,100793,68469,69,Tier 2,Low,Poor,6,Field,No Response,Call,0
SFL107096,54976,43919,203,Tier 1,High,Average,3,Field,Promised,Call,0
SFL107097,18258,12480,167,Tier 2,Medium,Poor,6,Call,No Response,Call,0
SFL107098,134432,47254,124,Tier 2,Low,Average,3,Call,No Response,Call,0
SFL107099,283416,192148,6,Tier 2,Low,Poor,2,Legal,No Response,Call,83962
SFL107100,29641,10544,881,Tier 3,Medium,Poor,10,Call,No Response,Call,1519
SFL107101,74096,58530,169,Tier 1,Low,Poor,1,Call,No Response,Legal,0
SFL107102,338130,253433,171,Tier 3,Medium,Poor,3,Field,Promised,Call,0
SFL107103,349296,106926,45,Tier 2,High,Average,4,Call,No Response,Field,0
SFL107104,211103,145410,576,Tier 1,Low,Poor,2,Call,Paid,Call,0
SFL107105,43191,28200,253,Tier 3,Low,Poor,7,Call,No Response,Call,0
SFL107106,202625,127840,169,Tier 3,Medium,Poor,13,Call,Paid,Field,0
SFL107107,273957,246131,699,Tier 2,High,Poor,6,Call,Promised,Call,0
SFL107108,949235,481254,47,Tier 3,Medium,Good,2,Field,Paid,Field,418530
SFL107109,55243,51468,89,Tier 2,High,Poor,5,Call,Refused,Field,0
SFL107110,414738,158228,104,Tier 1,Medium,Poor,5,Call,Paid,Call,0
SFL107111,139037,134426,594,Tier 2,Medium,Poor,6,Field,No Response,Legal,0
SFL107112,991783,386264,604,Tier 3,Medium,Poor,6,Call,Refused,Call,0
SFL107113,324499,172306,1,Tier 2,Low,Poor,6,Call,Refused,Field,0
SFL107114,563845,238058,356,Tier 2,Low,Poor,2,Call,Refused,Call,0
SFL107115,481103,184561,125,Tier 3,Low,Average,19,Call,Promised,Field,0
SFL107116,330989,143719,293,Tier 3,Medium,Average,6,Call,No Response,Call,102754
SFL107117,32404,20204,45,Tier 3,Low,Good,8,Call,Promised,Field,14689
SFL107118,127691,119080,410,Tier 2,High,Average,20,Field,Refused,Field,63041
SFL107119,1024014,379921,103,Tier 2,Low,Average,4,Call,Refused,Call,186691
SFL107120,10104,5188,164,Tier 3,Low,Average,4,Field,Promised,Field,4628
SFL107121,181942,136591,246,Tier 2,High,Average,17,Call,No Response,Field,109969
SFL107122,645728,383480,83,Tier 3,High,Poor,3,Call,Refused,Call,103452
SFL107123,23888,12071,274,Tier 1,Low,Average,1,Call,Paid,Field,0
SFL107124,1147627,530209,195,Tier 3,Medium,Average,2,Call,No Response,Call,0
SFL107125,71586,59191,218,Tier 2,Medium,Poor,9,Field,Paid,Call,0
SFL107126,122209,77365,121,Tier 2,Medium,Average,14,Call,Refused,Field,0
SFL107127,609307,421320,678,Tier 2,Medium,Poor,7,Call,No Response,Call,0
SFL107128,813333,574649,94,Tier 2,High,Average,2,Field,No Response,Field,0
SFL107129,57044,25550,158,Tier 2,High,Poor,2,Field,No Response,Call,0
SFL107130,133999,127351,347,Tier 2,Medium,Good,19,Field,Promised,Field,82386
SFL107131,977454,932529,746,Tier 1,Low,Good,12,Field,Promised,Legal,0
SFL107132,33875,14394,124,Tier 2,Low,Good,5,Field,Paid,Field,8574
SFL107133,41188,15427,724,Tier 3,High,Poor,1,Field,Refused,Legal,0
SFL107134,166061,145858,188,Tier 2,Low,Good,10,Call,Paid,Field,0
SFL107135,344413,239314,93,Tier 2,High,Poor,9,Field,Paid,Legal,0
SFL107136,813641,678453,234,Tier 3,Medium,Average,2,Call,Refused,Call,0
SFL107137,19617,9907,138,Tier 2,Low,Average,4,Call,Refused,Call,0
SFL107138,690582,264163,779,Tier 1,Low,Good,10,Legal,Paid,Field,0
SFL107139,10726,9429,234,Tier 2,High,Good,4,Field,Promised,Field,0
SFL107140,652975,264073,213,Tier 3,Low,Good,1,Call,Promised,Field,219215
SFL107141,1186174,1107285,8,Tier 3,Medium,Average,16,Call,Promised,Call,0
SFL107142,736110,586728,684,Tier 1,Medium,Good,4,Field,No Response,Legal,0
SFL107143,1036042,447466,67,Tier 3,High,Poor,5,Field,Paid,Call,0
SFL107144,52553,26426,204,Tier 3,Medium,Average,3,Call,Refused,Field,0
SFL107145,747289,550477,329,Tier 2,Low,Poor,16,Field,No Response,Call,0
SFL107146,313508,278733,13,Tier 2,Low,Poor,8,Field,Refused,Field,0
SFL107147,38371,28724,170,Tier 2,High,Average,8,Call,No Response,Call,6801
SFL107148,273766,224008,141,Tier 3,Low,Good,7,Call,Promised,Field,161578
SFL107149,96305,67598,170,Tier 2,Low,Good,3,Call,Promised,Field,59888
SFL107150,21396,10131,612,Tier 1,Medium,Poor,5,Legal,No Response,Legal,2447
SFL107151,52784,34529,14,Tier 2,Low,Average,2,Call,No Response,Field,0
SFL107152,25859,20272,126,Tier 2,Medium,Poor,9,Call,Refused,Field,0
SFL107153,18075,5867,271,Tier 3,Low,Average,9,Call,Promised,Field,4643
SFL107154,984301,810338,139,Tier 2,High,Average,5,Legal,Paid,Field,617810
SFL107155,576338,531830,811,Tier 2,High,Poor,5,Field,Refused,Call,0
SFL107156,506227,440572,446,Tier 1,Low,Average,10,Field,No Response,Legal,0
SFL107157,251006,217218,44,Tier 3,Low,Good,10,Field,No Response,Field,145802
SFL107158,31793,15702,173,Tier 1,Low,Poor,6,Call,Promised,Call,0
SFL107159,57144,17509,585,Tier 2,Medium,Poor,2,Field,Promised,Call,0
SFL107160,43100,34048,340,Tier 1,Medium,Average,4,Legal,Paid,Call,15513
SFL107161,40690,12764,103,Tier 1,Medium,Average,2,Call,Promised,Field,8318
SFL107162,274487,183986,300,Tier 1,Medium,Average,9,Call,Promised,Legal,61729
SFL107163,116484,82293,16,Tier 2,High,Average,2,Call,Refused,Field,16253
SFL107164,64301,51108,82,Tier 2,Medium,Poor,5,Legal,No Response,Legal,0
SFL107165,373528,166332,157,Tier 1,Medium,Poor,13,Field,Refused,Call,0
SFL107166,44988,40806,3,Tier 2,Low,Average,2,Legal,No Response,Field,24368
SFL107167,238728,219499,865,Tier 1,Medium,Poor,6,Field,No Response,Legal,0
SFL107168,125250,66250,740,Tier 3,Low,Poor,17,Call,Refused,Field,0
SFL107169,128068,82833,6,Tier 2,Low,Poor,9,Call,Promised,Call,0
SFL107170,65976,23443,312,Tier 2,High,Poor,2,Call,Refused,Field,9647
SFL107171,305121,114481,168,Tier 3,High,Poor,1,Call,Refused,Field,0
SFL107172,236534,90929,333,Tier 3,Medium,Good,10,Legal,Refused,Field,18772
SFL107173,46024,18916,134,Tier 1,Low,Average,4,Call,No Response,Call,0
SFL107174,32123,28968,32,Tier 1,Low,Poor,7,Call,Promised,Call,0
SFL107175,63008,32254,10,Tier 3,Medium,Average,2,Call,Promised,Field,6815
SFL107176,52753,21145,192,Tier 3,Medium,Average,5,Call,No Response,Field,0
SFL107177,29505,19140,783,Tier 3,Low,Poor,10,Call,No Response,Field,0
SFL107178,213935,163610,3,Tier 2,Low,Average,13,Field,Promised,Field,0
SFL107179,53936,23817,53,Tier 3,Low,Average,17,Field,No Response,Legal,0
SFL107180,241282,123002,81,Tier 3,Medium,Poor,1,Field,No Response,Call,0
SFL107181,69643,46812,116,Tier 2,Low,Good,16,Legal,Promised,Legal,0
SFL107182,214899,159174,276,Tier 2,Medium,Average,3,Legal,No Response,Field,0
SFL107183,111755,58677,227,Tier 2,High,Average,13,Field,Promised,Field,42661
SFL107184,1146196,734743,123,Tier 1,Low,Good,20,Call,No Response,Call,0
SFL107185,1180829,888376,206,Tier 3,Medium,Good,8,Field,Paid,Field,468130
SFL107186,129534,57127,170,Tier 2,Low,Poor,8,Call,Refused,Call,0
SFL107187,229786,149685,142,Tier 3,Medium,Average,2,Field,Paid,Call,0
SFL107188,68227,29708,149,Tier 3,Low,Average,8,Field,Paid,Field,8810
SFL107189,25955,24695,31,Tier 2,Medium,Poor,1,Legal,Refused,Call,0
SFL107190,69966,47139,24,Tier 2,Medium,Average,14,Call,No Response,Field,0
SFL107191,83301,62104,167,Tier 2,Medium,Good,3,Field,Paid,Field,37706
SFL107192,27584,9856,26,Tier 2,Low,Average,8,Field,No Response,Field,7879
SFL107193,431389,310300,42,Tier 3,Medium,Average,3,Call,Refused,Field,0
SFL107194,296133,217927,290,Tier 2,Low,Poor,7,Field,Paid,Call,0
SFL107195,262205,206802,148,Tier 3,Low,Good,5,Call,Refused,Field,121969
SFL107196,1012307,803966,41,Tier 3,Low,Average,4,Legal,Refused,Field,405628
SFL107197,294411,277182,127,Tier 3,Low,Average,17,Call,No Response,Field,178053
SFL107198,55551,19247,47,Tier 2,Medium,Good,6,Field,Promised,Field,10563
SFL107199,84270,59328,89,Tier 3,Low,Average,6,Call,No Response,Field,51449
SFL107200,49026,16090,113,Tier 2,Low,Poor,5,Field,No Response,Field,0
SFL107201,174871,53349,219,Tier 2,High,Poor,5,Call,Refused,Call,0
SFL107202,45378,36904,60,Tier 2,Low,Average,1,Field,Refused,Call,0
SFL107203,332090,261706,774,Tier 1,Medium,Average,2,Call,Refused,Legal,0
SFL107204,59480,57335,898,Tier 2,Medium,Good,9,Field,No Response,Field,44799
SFL107205,161040,97081,94,Tier 2,Medium,Poor,6,Call,No Response,Field,0
SFL107206,164027,152987,28,Tier 2,Low,Average,4,Field,No Response,Call,0
SFL107207,152025,70816,182,Tier 3,High,Average,2,Legal,No Response,Call,0
SFL107208,28506,21399,663,Tier 2,High,Good,2,Field,Paid,Field,15497
SFL107209,80905,26349,117,Tier 2,Medium,Poor,6,Field,Refused,Call,0
SFL107210,128442,45557,9,Tier 2,Medium,Average,3,Field,No Response,Legal,25792
SFL107211,61102,43083,4,Tier 2,Low,Poor,4,Call,No Response,Legal,0
SFL107212,291893,190489,157,Tier 3,Low,Average,5,Legal,Promised,Call,113198
SFL107213,960767,381302,177,Tier 2,Low,Good,17,Call,Refused,Field,0
SFL107214,74111,31372,703,Tier 1,Medium,Average,15,Field,Refused,Call,10607
SFL107215,57800,43611,178,Tier 1,Low,Average,14,Call,Promised,Legal,32617
SFL107216,67294,33159,77,Tier 3,Low,Average,11,Call,No Response,Field,12382
SFL107217,62665,27915,111,Tier 3,Medium,Poor,5,Call,Promised,Call,15271
SFL107218,12456,10754,99,Tier 2,High,Good,4,Legal,Promised,Field,8139
SFL107219,30418,9320,450,Tier 2,Low,Average,10,Call,Promised,Legal,0
SFL107220,185852,98773,121,Tier 2,Low,Average,1,Legal,No Response,Field,0
SFL107221,553391,419166,129,Tier 2,Medium,Average,2,Field,No Response,Field,0
SFL107222,324229,186162,221,Tier 1,High,Poor,6,Call,Refused,Call,0
SFL107223,52845,19909,364,Tier 1,Medium,Poor,5,Call,Promised,Call,9590
SFL107224,94361,66715,320,Tier 2,Low,Poor,14,Call,No Response,Field,0
SFL107225,1147436,673826,146,Tier 2,High,Average,4,Field,Refused,Legal,0
SFL107226,20034,11674,136,Tier 2,Medium,Poor,5,Call,No Response,Legal,0
SFL107227,29715,26051,281,Tier 1,Low,Poor,10,Call,Promised,Call,0
SFL107228,269557,233314,185,Tier 2,Low,Average,2,Legal,No Response,Field,0
SFL107229,37664,32177,72,Tier 1,Medium,Average,5,Call,No Response,Call,0
SFL107230,45683,37595,70,Tier 3,Low,Good,8,Call,No Response,Field,11340
SFL107231,147433,138583,47,Tier 1,High,Poor,7,Call,Refused,Call,0
SFL107232,452986,334109,3,Tier 1,Medium,Good,20,Field,Paid,Field,256473
SFL107233,36834,20611,14,Tier 1,Medium,Average,5,Call,Promised,Field,0
SFL107234,113056,97663,108,Tier 2,Medium,Poor,1,Call,Promised,Call,0
SFL107235,238959,174653,278,Tier 2,Medium,Average,9,Call,Promised,Call,0
SFL107236,809420,774789,153,Tier 2,High,Poor,15,Call,Promised,Call,0
SFL107237,34880,31306,200,Tier 3,High,Average,10,Field,Promised,Field,26665
SFL107238,805009,418976,175,Tier 1,Medium,Good,20,Call,Promised,Call,0
SFL107239,13848,6079,53,Tier 2,Medium,Average,1,Call,No Response,Call,4702
SFL107240,39557,18351,354,Tier 3,Low,Poor,4,Call,No Response,Call,0
SFL107241,177696,160624,39,Tier 2,High,Average,1,Call,Refused,Field,0
SFL107242,267019,169632,16,Tier 3,High,Poor,1,Call,Refused,Call,0
SFL107243,18567,9472,41,Tier 2,Medium,Average,2,Call,Paid,Call,3617
SFL107244,323896,245100,836,Tier 1,Medium,Average,1,Call,Refused,Legal,0
SFL107245,926098,338824,21,Tier 1,Low,Average,6,Call,No Response,Field,145991
SFL107246,76664,73958,55,Tier 1,Medium,Poor,12,Call,No Response,Call,0
SFL107247,166208,56515,445,Tier 2,Low,Average,16,Legal,Refused,Legal,0
SFL107248,25028,14453,76,Tier 1,Low,Poor,2,Call,Refused,Legal,0
SFL107249,988148,587181,267,Tier 2,High,Good,6,Field,Refused,Call,0
SFL107250,133410,63535,800,Tier 3,Low,Average,6,Field,No Response,Legal,0
SFL107251,42119,29003,193,Tier 1,Low,Poor,5,Call,No Response,Legal,0
SFL107252,824542,663248,124,Tier 3,High,Poor,17,Call,Promised,Field,0
SFL107253,88493,36137,50,Tier 2,Medium,Poor,6,Call,No Response,Legal,14976
SFL107254,335976,144640,317,Tier 2,Low,Poor,14,Call,No Response,Call,0
SFL107255,262215,163936,162,Tier 1,High,Average,2,Call,Promised,Call,111334
SFL107256,259110,242265,53,Tier 2,Medium,Good,6,Call,No Response,Field,84383
SFL107257,536160,355521,628,Tier 1,Low,Good,10,Field,Promised,Legal,0
SFL107258,141952,82832,175,Tier 2,Low,Poor,6,Call,Paid,Call,0
SFL107259,69439,52225,90,Tier 3,Medium,Poor,6,Field,No Response,Field,0
SFL107260,1195985,456335,259,Tier 3,High,Good,14,Call,Promised,Field,0
SFL107261,20716,14235,220,Tier 1,Low,Poor,12,Legal,Refused,Call,0
SFL107262,217673,163651,16,Tier 3,Medium,Good,3,Call,No Response,Field,86682
SFL107263,65502,42631,498,Tier 2,Medium,Average,5,Call,No Response,Field,0
SFL107264,36710,15025,94,Tier 3,Low,Average,4,Field,Promised,Call,12791
SFL107265,319781,157376,218,Tier 3,High,Average,12,Field,No Response,Field,0
SFL107266,335710,242339,216,Tier 1,Medium,Poor,16,Call,No Response,Field,0
SFL107267,523784,239205,95,Tier 1,Low,Poor,9,Call,No Response,Legal,0
SFL107268,42279,13298,363,Tier 1,Medium,Poor,5,Call,No Response,Field,0
SFL107269,278278,243411,46,Tier 1,Low,Good,8,Legal,Promised,Field,202493
SFL107270,333105,300523,197,Tier 2,Medium,Poor,15,Call,No Response,Field,100800
SFL107271,62000,46646,10,Tier 3,Medium,Poor,8,Call,Promised,Call,0
SFL107272,1163308,469529,120,Tier 3,Low,Poor,5,Field,Refused,Call,0
SFL107273,63784,25346,36,Tier 1,Medium,Poor,2,Call,No Response,Call,0
SFL107274,81749,39670,17,Tier 3,Low,Poor,17,Call,No Response,Call,0
SFL107275,64152,42437,142,Tier 2,Low,Good,19,Field,Refused,Field,0
SFL107276,250873,122535,502,Tier 1,Medium,Average,9,Field,Refused,Legal,0
SFL107277,64813,46086,264,Tier 2,Low,Average,7,Call,Promised,Field,15965
SFL107278,57939,50759,217,Tier 3,High,Good,1,Call,Paid,Field,27424
SFL107279,33890,22716,256,Tier 2,Low,Average,1,Call,Refused,Field,0
SFL107280,125731,107940,98,Tier 2,Low,Average,5,Call,Refused,Field,0
SFL107281,53728,42157,277,Tier 1,Low,Average,10,Field,No Response,Call,0
SFL107282,289540,196786,286,Tier 2,Low,Poor,6,Field,No Response,Call,0
SFL107283,153745,81547,55,Tier 3,Low,Good,7,Call,Promised,Call,0
SFL107284,68856,58180,265,Tier 1,High,Average,7,Call,Refused,Field,0
SFL107285,809408,507627,44,Tier 1,Low,Average,7,Legal,Paid,Call,0
SFL107286,115219,92985,161,Tier 3,Medium,Average,9,Call,No Response,Field,57188
SFL107287,188389,152728,139,Tier 2,Medium,Poor,7,Call,No Response,Call,0
SFL107288,720627,519874,126,Tier 2,Low,Average,1,Call,Refused,Call,247017
SFL107289,56023,25393,88,Tier 1,Medium,Average,10,Field,Promised,Field,0
SFL107290,30929,22969,717,Tier 2,Low,Poor,10,Call,No Response,Legal,0
SFL107291,46329,29167,216,Tier 1,Medium,Poor,6,Call,Promised,Legal,0
SFL107292,129598,114845,317,Tier 2,Low,Average,1,Field,No Response,Field,0
SFL107293,21738,18922,108,Tier 3,High,Average,4,Field,Promised,Field,0
SFL107294,548179,509362,158,Tier 3,High,Average,13,Field,No Response,Field,0
SFL107295,123074,103875,56,Tier 3,Low,Good,7,Call,Refused,Field,22733
SFL107296,22143,20852,196,Tier 1,Medium,Average,4,Call,No Response,Call,0
SFL107297,62201,47674,91,Tier 2,Medium,Average,20,Field,Promised,Field,0
SFL107298,1117693,1020804,356,Tier 3,Medium,Poor,4,Field,No Response,Field,0
SFL107299,569069,364599,750,Tier 2,Low,Poor,10,Call,Paid,Legal,0
SFL107300,407889,295643,422,Tier 3,Medium,Good,11,Call,Paid,Field,262312
SFL107301,11807,11061,306,Tier 1,Low,Average,17,Legal,Promised,Field,0
SFL107302,648180,267076,154,Tier 1,Low,Average,4,Call,Refused,Call,99290
SFL107303,934247,702614,161,Tier 3,High,Good,8,Call,No Response,Field,522845
SFL107304,741198,393949,790,Tier 3,Low,Poor,10,Call,No Response,Legal,0
SFL107305,837102,774111,156,Tier 1,Low,Good,4,Call,Paid,Legal,0
SFL107306,348993,218483,47,Tier 3,Medium,Average,5,Field,No Response,Field,121192
SFL107307,1122506,686374,320,Tier 3,Low,Poor,14,Call,Refused,Field,0
SFL107308,103679,47409,285,Tier 1,Medium,Average,19,Call,No Response,Field,0
SFL107309,54545,24718,337,Tier 2,Medium,Average,4,Field,No Response,Field,0
SFL107310,30735,16484,10,Tier 1,Low,Average,10,Call,No Response,Legal,0
SFL107311,269418,234557,7,Tier 3,Low,Average,15,Call,Promised,Field,0
SFL107312,10785,7710,155,Tier 1,Medium,Poor,2,Field,Refused,Call,0
SFL107313,18755,16933,105,Tier 2,Medium,Poor,1,Field,No Response,Call,0
SFL107314,50329,46919,63,Tier 1,Low,Average,3,Field,Refused,Field,0
SFL107315,24867,19364,114,Tier 1,High,Average,3,Field,No Response,Call,15444
SFL107316,186429,179145,124,Tier 3,Low,Good,6,Call,Promised,Call,126239
SFL107317,164344,53346,60,Tier 3,Low,Average,10,Call,Refused,Field,0
SFL107318,1061502,703527,31,Tier 2,Medium,Average,9,Call,No Response,Call,334266
SFL107319,135696,75652,25,Tier 2,Medium,Average,4,Legal,Promised,Field,64070
SFL107320,39525,25328,357,Tier 2,Medium,Poor,18,Field,Refused,Field,0
SFL107321,123773,46724,164,Tier 2,High,Good,16,Call,Paid,Field,23952
SFL107322,310300,237289,101,Tier 1,Medium,Average,10,Call,Promised,Field,0
SFL107323,267420,128273,297,Tier 3,Low,Good,8,Call,Paid,Field,120128
SFL107324,31390,25144,36,Tier 2,Low,Poor,19,Field,Refused,Field,0
SFL107325,15846,10862,117,Tier 2,High,Average,4,Call,No Response,Field,4826
SFL107326,971456,398422,98,Tier 1,Low,Average,6,Call,Paid,Legal,0
SFL107327,177809,86824,25,Tier 2,Medium,Average,2,Call,No Response,Field,0
SFL107328,1078167,615986,295,Tier 1,High,Good,6,Field,Paid,Call,443357
SFL107329,254908,76772,428,Tier 2,Low,Average,6,Call,Promised,Field,0
SFL107330,278969,83713,142,Tier 3,Low,Good,9,Field,Paid,Field,0
SFL107331,35536,10865,262,Tier 2,High,Poor,8,Call,Refused,Field,0
SFL107332,17670,8884,133,Tier 3,Low,Good,1,Legal,Paid,Field,5521
SFL107333,351005,125369,698,Tier 2,Low,Average,14,Field,Promised,Field,0
SFL107334,332442,211277,706,Tier 1,Medium,Poor,5,Call,Refused,Call,0
SFL107335,123057,70765,668,Tier 1,High,Average,3,Call,Promised,Call,0
SFL107336,52350,27018,156,Tier 2,Low,Average,17,Call,Promised,Field,0
SFL107337,143875,45895,285,Tier 3,Medium,Poor,7,Call,Refused,Legal,0
SFL107338,55323,23304,248,Tier 3,Low,Poor,7,Call,No Response,Call,0
SFL107339,182839,162675,159,Tier 2,High,Poor,4,Legal,No Response,Call,0
SFL107340,78953,37499,264,Tier 3,Low,Good,6,Call,Promised,Field,23668
SFL107341,24894,8724,143,Tier 2,Low,Good,2,Field,Refused,Field,0
SFL107342,45559,19076,276,Tier 3,Low,Poor,6,Call,No Response,Call,0
SFL107343,189607,165775,822,Tier 2,Low,Poor,6,Legal,No Response,Call,0
SFL107344,417730,324086,61,Tier 2,Low,Average,5,Field,Refused,Field,95259
SFL107345,14711,11820,67,Tier 1,High,Average,8,Call,Promised,Call,7027
SFL107346,10934,10299,97,Tier 2,Low,Good,7,Call,No Response,Field,0
SFL107347,56840,54951,260,Tier 1,Low,Poor,10,Field,No Response,Field,25735
SFL107348,15268,8890,302,Tier 2,High,Poor,19,Call,Promised,Call,0
SFL107349,162261,96919,126,Tier 1,Medium,Average,17,Field,Refused,Call,0
SFL107350,58495,49547,72,Tier 3,Low,Poor,7,Field,Paid,Field,0
SFL107351,313418,266656,245,Tier 2,Low,Average,4,Field,Refused,Field,0
SFL107352,56062,32339,13,Tier 3,Low,Average,19,Call,No Response,Field,0
SFL107353,978811,542108,68,Tier 2,Low,Average,4,Legal,No Response,Field,455549
SFL107354,37123,17649,415,Tier 3,High,Poor,11,Legal,No Response,Legal,0
SFL107355,97288,71060,237,Tier 1,High,Average,6,Call,Promised,Call,14699
SFL107356,512587,445994,628,Tier 2,Medium,Average,5,Field,No Response,Legal,297027
SFL107357,14938,14310,565,Tier 1,Medium,Poor,5,Call,Refused,Call,0
SFL107358,206859,116739,130,Tier 3,Low,Average,3,Call,No Response,Field,96960
SFL107359,96050,39237,218,Tier 1,Low,Good,2,Call,Refused,Legal,0
SFL107360,777339,718517,719,Tier 2,High,Poor,9,Call,No Response,Legal,0
SFL107361,297785,176665,119,Tier 3,Low,Poor,14,Call,No Response,Call,0
SFL107362,279146,144764,132,Tier 2,High,Average,6,Call,Refused,Field,0
SFL107363,51667,44373,142,Tier 1,High,Poor,4,Field,Promised,Call,23235
SFL107364,22213,21253,99,Tier 2,Low,Poor,2,Field,No Response,Call,0
SFL107365,196890,133195,43,Tier 2,High,Poor,6,Call,No Response,Call,0
SFL107366,311712,283886,25,Tier 3,Low,Average,4,Legal,Paid,Call,162290
SFL107367,1001162,812975,191,Tier 2,Medium,Average,1,Legal,Promised,Call,0
SFL107368,704777,361770,47,Tier 2,Medium,Average,6,Field,No Response,Field,307751
SFL107369,366107,135804,121,Tier 3,Medium,Good,4,Call,Refused,Legal,0
SFL107370,370183,283200,246,Tier 3,Low,Average,2,Field,No Response,Field,0
SFL107371,59860,32987,346,Tier 2,Low,Poor,10,Legal,Refused,Call,0
SFL107372,1150235,556632,260,Tier 1,High,Average,5,Field,Refused,Legal,0
SFL107373,204921,141149,57,Tier 2,Low,Poor,1,Field,Promised,Field,35284
SFL107374,23615,13173,357,Tier 2,Medium,Average,9,Call,Promised,Field,10678
SFL107375,14464,8633,163,Tier 1,Low,Good,15,Field,No Response,Call,0
SFL107376,215169,138459,294,Tier 1,Low,Poor,3,Call,No Response,Call,0
SFL107377,69434,66048,173,Tier 3,Medium,Poor,10,Field,Paid,Field,0
SFL107378,253435,150016,438,Tier 2,Medium,Good,4,Call,Paid,Legal,124502
SFL107379,26437,19668,112,Tier 2,Low,Good,10,Field,Promised,Field,11692
SFL107380,29935,28109,123,Tier 2,Low,Poor,2,Call,Promised,Call,0
SFL107381,834113,333723,244,Tier 3,Low,Average,7,Call,No Response,Field,0
SFL107382,50208,19615,224,Tier 2,High,Poor,1,Field,No Response,Legal,0
SFL107383,34902,33742,323,Tier 2,High,Average,8,Field,No Response,Call,0
SFL107384,19861,14543,161,Tier 1,High,Average,6,Field,No Response,Call,0
SFL107385,309553,150299,327,Tier 2,Low,Poor,18,Call,Promised,Call,0
SFL107386,61425,19512,329,Tier 2,High,Average,5,Call,Paid,Field,13237
SFL107387,189202,176433,53,Tier 3,Medium,Good,20,Call,Refused,Field,0
SFL107388,341493,315780,746,Tier 3,Low,Average,5,Field,Paid,Call,0
SFL107389,57822,36903,590,Tier 1,High,Poor,2,Call,No Response,Call,0
SFL107390,17400,7753,85,Tier 3,High,Average,5,Field,Refused,Field,2795
SFL107391,31332,29807,291,Tier 3,Medium,Poor,10,Legal,No Response,Call,0
SFL107392,49877,34306,148,Tier 2,Medium,Poor,17,Legal,No Response,Field,3673
SFL107393,10108,3323,413,Tier 3,Low,Good,2,Call,No Response,Legal,0
SFL107394,11362,10126,67,Tier 1,Low,Average,10,Call,Paid,Field,0
SFL107395,64417,49001,113,Tier 3,High,Average,16,Field,No Response,Field,15639
SFL107396,154701,124267,362,Tier 3,Medium,Good,2,Field,No Response,Field,0
SFL107397,35262,29049,50,Tier 2,Low,Average,8,Field,No Response,Field,17226
SFL107398,59661,21374,178,Tier 2,Medium,Average,5,Legal,Paid,Field,14767
SFL107399,563468,524017,148,Tier 2,Medium,Poor,4,Call,No Response,Field,0
SFL107400,107719,45674,12,Tier 2,Medium,Good,5,Field,Promised,Field,44930
SFL107401,327248,264528,54,Tier 2,Low,Average,12,Legal,Promised,Field,0
SFL107402,54565,47276,228,Tier 1,Low,Average,3,Call,No Response,Legal,0
SFL107403,895714,379544,70,Tier 2,High,Good,14,Field,Paid,Field,212122
SFL107404,14390,7589,272,Tier 2,Low,Average,20,Call,Promised,Field,4199
SFL107405,84851,40529,130,Tier 1,Low,Poor,6,Field,No Response,Field,0
SFL107406,598839,435868,317,Tier 3,Medium,Average,4,Field,No Response,Call,0
SFL107407,192950,122209,59,Tier 1,High,Good,10,Call,Promised,Call,76691
SFL107408,56063,50038,609,Tier 1,Low,Good,19,Field,Paid,Call,0
SFL107409,373906,141338,240,Tier 2,High,Average,6,Call,No Response,Call,104548
SFL107410,291759,168709,834,Tier 1,Low,Poor,6,Call,No Response,Call,0
SFL107411,10783,9423,44,Tier 1,Low,Average,14,Call,No Response,Legal,0
SFL107412,254749,193829,145,Tier 2,High,Poor,6,Call,Paid,Field,22776
SFL107413,210395,113008,247,Tier 2,Medium,Poor,4,Call,Refused,Field,0
SFL107414,56773,32422,163,Tier 3,Low,Poor,7,Field,No Response,Legal,0
SFL107415,61230,36672,77,Tier 1,Medium,Poor,3,Field,Refused,Legal,0
SFL107416,401915,193557,169,Tier 3,Medium,Average,6,Call,Refused,Field,112801
SFL107417,95766,88503,30,Tier 2,Medium,Good,12,Field,Paid,Field,79228
SFL107418,16177,5899,349,Tier 2,Low,Poor,3,Call,No Response,Call,0
SFL107419,138855,79466,48,Tier 2,Medium,Poor,12,Field,No Response,Call,0
SFL107420,39727,12795,305,Tier 1,Medium,Average,2,Call,Refused,Call,0
SFL107421,466065,339152,41,Tier 3,Low,Average,3,Call,Refused,Legal,0
SFL107422,66111,53070,98,Tier 1,Low,Good,10,Call,Paid,Call,32121
SFL107423,22062,14605,90,Tier 2,Low,Average,2,Call,Promised,Field,4481
SFL107424,34696,30120,893,Tier 2,Medium,Average,2,Call,Refused,Field,0
SFL107425,474734,410069,192,Tier 2,Medium,Poor,8,Call,Paid,Call,0
SFL107426,59304,22620,87,Tier 1,Low,Poor,1,Call,Refused,Legal,0
SFL107427,83443,50279,104,Tier 3,Medium,Average,10,Call,No Response,Call,0
SFL107428,33469,15592,290,Tier 1,Medium,Average,17,Field,Refused,Field,0
SFL107429,360093,143506,321,Tier 3,Low,Average,13,Call,Refused,Field,62276
SFL107430,1066449,527156,159,Tier 1,Low,Poor,6,Field,No Response,Call,0
SFL107431,260916,251562,275,Tier 2,Low,Average,6,Legal,No Response,Call,0
SFL107432,700895,308767,382,Tier 2,Medium,Average,3,Call,No Response,Field,0
SFL107433,240819,194821,23,Tier 2,Low,Poor,5,Call,Promised,Call,0
SFL107434,189748,112069,332,Tier 1,Low,Average,4,Legal,No Response,Field,0
SFL107435,75504,39034,68,Tier 1,Medium,Poor,9,Call,No Response,Call,0
SFL107436,30643,17562,104,Tier 3,Medium,Average,8,Call,Refused,Field,6186
SFL107437,38432,33340,116,Tier 1,Low,Poor,4,Field,No Response,Call,0
SFL107438,343978,220572,193,Tier 2,Medium,Average,17,Call,No Response,Field,192952
SFL107439,186510,151455,113,Tier 3,High,Poor,2,Field,No Response,Field,0
SFL107440,406025,369580,337,Tier 3,Low,Average,7,Call,Promised,Call,0
SFL107441,22034,19574,93,Tier 3,Medium,Poor,9,Field,No Response,Legal,0
SFL107442,52480,22186,141,Tier 2,High,Poor,8,Call,Refused,Call,0
SFL107443,20119,10328,162,Tier 2,High,Average,3,Field,Refused,Call,0
SFL107444,163118,66215,91,Tier 1,Low,Average,15,Field,No Response,Field,0
SFL107445,12015,10797,271,Tier 1,Low,Average,9,Field,Promised,Field,0
SFL107446,335422,231614,38,Tier 1,High,Poor,6,Call,Promised,Legal,0
SFL107447,11728,7435,280,Tier 3,High,Average,3,Field,Promised,Call,0
SFL107448,108775,69281,361,Tier 2,Low,Poor,4,Call,Refused,Field,0
SFL107449,561268,535653,550,Tier 3,Low,Average,8,Field,No Response,Field,0
SFL107450,60459,32271,153,Tier 2,Low,Average,1,Field,Promised,Field,10935
SFL107451,17220,7213,339,Tier 2,High,Poor,12,Call,Promised,Field,0
SFL107452,833322,790678,121,Tier 3,Medium,Poor,5,Field,No Response,Field,0
SFL107453,73285,62283,142,Tier 2,High,Good,4,Field,Paid,Field,54946
SFL107454,13534,6931,169,Tier 3,High,Average,9,Legal,No Response,Field,0
SFL107455,27225,11252,353,Tier 2,High,Good,10,Call,Promised,Field,0
SFL107456,148599,56424,164,Tier 2,High,Average,6,Call,No Response,Field,0
SFL107457,45889,26199,159,Tier 1,Low,Average,1,Field,Refused,Call,0
SFL107458,46758,30145,59,Tier 1,Medium,Poor,1,Call,No Response,Call,11111
SFL107459,230230,189349,124,Tier 2,Medium,Good,11,Call,No Response,Field,104345
SFL107460,64775,20141,817,Tier 2,Medium,Average,10,Field,No Response,Legal,0
SFL107461,45714,22262,318,Tier 2,Medium,Poor,3,Call,Promised,Call,0
SFL107462,13778,12509,318,Tier 2,Low,Average,5,Call,No Response,Field,0
SFL107463,406072,138006,143,Tier 3,High,Average,12,Field,No Response,Field,0
SFL107464,420081,387711,108,Tier 2,Low,Average,10,Legal,Promised,Field,92583
SFL107465,10830,9887,156,Tier 1,Low,Poor,17,Call,No Response,Call,0
SFL107466,338894,304194,128,Tier 1,Medium,Average,3,Call,Refused,Call,0
SFL107467,15873,5390,652,Tier 2,Low,Average,3,Legal,Promised,Field,0
SFL107468,41046,30564,109,Tier 2,High,Average,10,Field,No Response,Field,25883
SFL107469,145507,133972,32,Tier 2,Low,Poor,6,Call,No Response,Call,55856
SFL107470,67497,48959,642,Tier 3,High,Good,10,Call,Paid,Legal,47387
SFL107471,39750,32560,253,Tier 2,Low,Poor,5,Call,Promised,Call,0
SFL107472,246464,86501,162,Tier 1,Low,Average,1,Call,Promised,Call,18678
SFL107473,131974,65213,242,Tier 2,High,Average,5,Call,Paid,Call,20086
SFL107474,145361,48243,858,Tier 2,High,Poor,6,Call,No Response,Call,0
SFL107475,232705,186606,266,Tier 2,Low,Good,15,Call,Paid,Call,0
SFL107476,24556,23818,159,Tier 3,Low,Good,13,Call,Paid,Legal,18473
SFL107477,212744,162794,30,Tier 2,Medium,Poor,3,Field,No Response,Field,0
SFL107478,173452,93879,102,Tier 1,Medium,Average,7,Call,No Response,Call,77996
SFL107479,235684,161728,213,Tier 1,Low,Poor,16,Call,Refused,Call,0
SFL107480,19909,18369,771,Tier 3,Medium,Good,4,Field,Promised,Field,0
SFL107481,24180,22920,3,Tier 2,Low,Average,9,Legal,No Response,Legal,4800
SFL107482,17139,6889,32,Tier 2,Low,Poor,2,Field,No Response,Call,0
SFL107483,52551,40677,3,Tier 3,High,Poor,7,Call,Promised,Field,0
SFL107484,193482,74093,45,Tier 3,Medium,Average,10,Field,Promised,Call,59317
SFL107485,257546,150904,249,Tier 1,Low,Average,1,Legal,Promised,Call,65947
SFL107486,1138217,560625,613,Tier 1,Low,Poor,6,Call,Paid,Legal,0
SFL107487,74470,29741,117,Tier 3,Medium,Average,8,Legal,No Response,Field,0
SFL107488,190606,93716,285,Tier 3,Medium,Average,4,Field,Paid,Call,0
SFL107489,243354,219307,179,Tier 1,High,Poor,8,Field,No Response,Call,0
SFL107490,169062,91116,91,Tier 2,Medium,Good,15,Field,Promised,Field,61430
SFL107491,209282,116229,165,Tier 2,Medium,Good,11,Call,No Response,Field,0
SFL107492,149057,96295,207,Tier 3,Low,Good,10,Call,Promised,Field,76786
SFL107493,30238,9206,79,Tier 2,Low,Average,4,Field,Refused,Call,3306
SFL107494,13820,13370,176,Tier 3,Medium,Average,9,Field,Promised,Field,8686
SFL107495,295196,197313,562,Tier 3,Medium,Poor,4,Call,No Response,Field,0
SFL107496,34437,12583,274,Tier 3,Medium,Poor,5,Call,No Response,Call,0
SFL107497,157117,87375,866,Tier 2,Low,Average,8,Field,No Response,Legal,0
SFL107498,63285,43938,282,Tier 2,High,Poor,14,Call,No Response,Call,0
SFL107499,89978,73222,548,Tier 3,Medium,Average,8,Legal,No Response,Field,30259
SFL107500,48707,28269,175,Tier 2,Medium,Good,3,Field,Paid,Call,17486
SFL107501,42145,23424,228,Tier 3,Medium,Average,6,Call,No Response,Call,0
SFL107502,783257,498232,318,Tier 3,Low,Average,9,Call,No Response,Field,0
SFL107503,885868,475444,31,Tier 1,Medium,Poor,3,Call,No Response,Legal,0
SFL107504,279213,164417,134,Tier 2,Low,Average,5,Field,Promised,Field,45583
SFL107505,238170,169403,117,Tier 3,Low,Average,5,Call,Refused,Field,91988
SFL107506,109736,67362,311,Tier 2,Medium,Average,3,Legal,Refused,Field,0
SFL107507,17752,11746,177,Tier 2,Medium,Average,4,Field,Refused,Legal,0
SFL107508,83044,36535,107,Tier 1,Low,Average,11,Call,No Response,Legal,0
SFL107509,209880,190170,628,Tier 2,High,Average,9,Legal,Promised,Field,0
SFL107510,47156,20280,25,Tier 3,Low,Average,15,Call,Paid,Call,0
SFL107511,37303,27824,283,Tier 2,Low,Average,4,Call,Paid,Field,0
SFL107512,290401,275043,409,Tier 3,Low,Average,2,Field,No Response,Legal,0
SFL107513,44825,25620,707,Tier 2,Medium,Poor,10,Call,No Response,Call,0
SFL107514,53544,24960,126,Tier 2,Low,Average,12,Legal,No Response,Field,0
SFL107515,18995,16413,149,Tier 1,Low,Poor,4,Call,No Response,Field,4833
SFL107516,18588,5798,114,Tier 2,High,Average,1,Field,No Response,Call,3544
SFL107517,71875,35055,878,Tier 1,Low,Good,6,Field,No Response,Legal,0
SFL107518,253525,79265,480,Tier 1,Low,Poor,10,Call,No Response,Legal,0
SFL107519,52919,42856,67,Tier 3,Medium,Poor,5,Field,No Response,Call,0
SFL107520,13749,12842,222,Tier 3,High,Poor,6,Legal,Promised,Field,6395
SFL107521,127296,45246,559,Tier 3,Medium,Poor,6,Field,No Response,Legal,0
SFL107522,45217,24110,664,Tier 1,Medium,Average,5,Call,No Response,Call,0
SFL107523,290902,126125,120,Tier 3,High,Good,8,Call,No Response,Legal,79613
SFL107524,16943,8816,250,Tier 2,Medium,Average,4,Call,Promised,Field,0
SFL107525,1037243,707078,435,Tier 2,Medium,Poor,11,Field,Refused,Call,0
SFL107526,308341,123721,227,Tier 3,Low,Poor,9,Call,Refused,Field,0
SFL107527,27234,12432,107,Tier 3,Medium,Average,4,Call,No Response,Field,2753
SFL107528,14716,5251,91,Tier 1,High,Poor,1,Call,No Response,Call,0
SFL107529,182425,88770,160,Tier 2,Low,Poor,4,Call,No Response,Field,39488
SFL107530,60784,56696,121,Tier 2,Low,Average,18,Field,No Response,Field,0
SFL107531,28065,21490,177,Tier 3,Low,Poor,15,Legal,No Response,Call,0
SFL107532,71207,61981,810,Tier 2,Medium,Good,6,Field,No Response,Field,0
SFL107533,71034,46973,101,Tier 3,Medium,Poor,10,Call,No Response,Call,0
SFL107534,31214,13509,90,Tier 3,High,Poor,4,Legal,Refused,Field,0
SFL107535,30407,10831,112,Tier 1,Low,Good,9,Call,Promised,Call,6394
SFL107536,118044,84942,847,Tier 2,High,Average,4,Call,Promised,Call,0
SFL107537,174977,160261,490,Tier 2,Medium,Average,5,Field,Promised,Field,0
SFL107538,57297,20083,258,Tier 2,Medium,Poor,9,Call,No Response,Call,0
SFL107539,21709,9903,223,Tier 2,Medium,Poor,2,Call,No Response,Call,0
SFL107540,128564,105331,661,Tier 2,Low,Average,12,Call,Paid,Legal,0
SFL107541,1190908,730074,97,Tier 3,Medium,Average,4,Call,Paid,Field,590986
SFL107542,304245,205360,254,Tier 2,Low,Poor,3,Call,No Response,Call,0
SFL107543,41436,31537,111,Tier 1,Low,Poor,3,Field,No Response,Field,0
SFL107544,643885,379127,530,Tier 2,Medium,Poor,20,Call,No Response,Call,0
SFL107545,28254,9535,97,Tier 2,Low,Good,3,Call,Paid,Field,7849
SFL107546,223401,134530,160,Tier 2,Low,Poor,6,Call,No Response,Call,0
SFL107547,172251,158755,75,Tier 3,Low,Average,7,Legal,No Response,Field,0
SFL107548,49555,25914,63,Tier 2,Medium,Poor,2,Call,Promised,Field,0
SFL107549,11719,7560,296,Tier 3,Low,Average,4,Call,Promised,Field,0
SFL107550,126778,46555,141,Tier 1,Low,Poor,15,Call,Refused,Field,0
SFL107551,186672,117041,699,Tier 2,Low,Average,9,Call,Promised,Legal,93415
SFL107552,96264,70794,50,Tier 2,Medium,Average,14,Call,Refused,Call,0
SFL107553,59124,22706,333,Tier 3,Low,Good,18,Legal,Promised,Field,18682
SFL107554,34323,16000,382,Tier 2,Medium,Average,7,Field,No Response,Legal,0
SFL107555,10341,3218,142,Tier 2,Low,Average,1,Field,No Response,Field,1658
SFL107556,331174,116950,36,Tier 2,Medium,Good,2,Call,Refused,Field,0
SFL107557,682158,411093,20,Tier 2,Low,Good,6,Field,Promised,Field,285531
SFL107558,435174,139209,325,Tier 3,Medium,Poor,4,Call,Refused,Legal,0
SFL107559,901540,554860,292,Tier 1,High,Average,8,Call,Promised,Call,415286
SFL107560,17771,6067,161,Tier 3,Low,Average,5,Call,No Response,Field,0
SFL107561,10470,8112,104,Tier 2,Low,Good,3,Call,Paid,Call,5687
SFL107562,43274,19173,122,Tier 3,High,Average,6,Legal,Refused,Field,0
SFL107563,957437,602805,122,Tier 1,Medium,Poor,6,Call,No Response,Call,127982
SFL107564,84414,65966,87,Tier 1,Low,Average,2,Call,No Response,Field,0
SFL107565,1185476,621811,91,Tier 1,Low,Poor,4,Call,Refused,Call,0
SFL107566,42043,16862,44,Tier 3,Low,Poor,4,Call,No Response,Field,0
SFL107567,64823,41681,678,Tier 2,High,Poor,4,Call,Promised,Call,16233
SFL107568,44083,26692,95,Tier 1,Low,Good,17,Call,Promised,Call,0
SFL107569,63386,54705,237,Tier 3,High,Average,6,Call,No Response,Field,0
SFL107570,168809,160418,66,Tier 2,Medium,Poor,1,Legal,No Response,Call,57983
SFL107571,256958,176668,294,Tier 2,High,Average,5,Call,Promised,Field,37703
SFL107572,74487,54730,353,Tier 3,Low,Average,5,Field,Paid,Field,0
SFL107573,30404,12327,63,Tier 3,Medium,Average,6,Call,Refused,Field,0
SFL107574,13066,4755,362,Tier 1,Medium,Poor,5,Call,Paid,Field,0
SFL107575,1090229,712078,441,Tier 2,High,Average,19,Call,Promised,Legal,0
SFL107576,53010,34117,151,Tier 3,High,Average,2,Field,Promised,Call,9576
SFL107577,234233,165146,50,Tier 2,Medium,Good,14,Legal,Paid,Call,164284
SFL107578,55945,18567,164,Tier 1,Low,Poor,2,Call,No Response,Call,3475
SFL107579,130160,60022,250,Tier 2,Low,Average,4,Call,No Response,Legal,0
SFL107580,195688,136677,80,Tier 3,High,Average,2,Field,Promised,Legal,0
SFL107581,69661,27272,256,Tier 2,Low,Poor,4,Field,Refused,Field,0
SFL107582,348018,290255,835,Tier 2,Medium,Poor,1,Field,No Response,Call,0
SFL107583,204810,141008,74,Tier 1,Medium,Average,5,Field,Promised,Field,0
SFL107584,164470,110509,649,Tier 2,Medium,Poor,6,Field,Refused,Call,0
SFL107585,65986,49370,266,Tier 3,High,Poor,5,Call,Paid,Call,0
SFL107586,254182,85364,5,Tier 3,Low,Poor,3,Field,No Response,Call,0
SFL107587,120340,106473,70,Tier 1,Low,Average,5,Field,Paid,Field,54659
SFL107588,792288,542994,202,Tier 2,Medium,Good,7,Call,Promised,Field,393665
SFL107589,30679,20541,190,Tier 2,Low,Good,10,Call,Promised,Field,12370
SFL107590,62930,24463,31,Tier 1,Low,Good,8,Legal,Refused,Call,9556
SFL107591,859899,645054,4,Tier 3,High,Poor,2,Call,Refused,Call,0
SFL107592,54788,45034,207,Tier 2,Medium,Poor,17,Field,Refused,Legal,0
SFL107593,321136,294832,250,Tier 3,Medium,Poor,6,Call,Refused,Call,0
SFL107594,73746,42727,30,Tier 2,Medium,Average,4,Call,Promised,Legal,0
SFL107595,271128,210814,327,Tier 3,Low,Poor,3,Call,No Response,Field,0
SFL107596,61401,43067,158,Tier 3,Medium,Good,17,Call,Promised,Field,39555
SFL107597,272622,119990,202,Tier 2,Low,Average,6,Call,No Response,Field,86916
SFL107598,22634,12081,112,Tier 2,Medium,Good,11,Legal,Paid,Field,0
SFL107599,66825,45221,52,Tier 1,High,Poor,6,Field,Refused,Call,0
SFL107600,41721,26262,601,Tier 3,Low,Poor,3,Call,Promised,Field,0
SFL107601,296330,245546,165,Tier 2,Low,Average,3,Call,No Response,Field,0
SFL107602,1123157,781054,39,Tier 2,Medium,Poor,8,Call,Promised,Call,0
SFL107603,244624,116848,5,Tier 3,Low,Good,5,Legal,Promised,Field,66712
SFL107604,1161464,352052,106,Tier 3,Low,Average,5,Call,Refused,Field,201789
SFL107605,269205,159721,55,Tier 3,Medium,Poor,2,Call,Promised,Field,0
SFL107606,330869,171634,155,Tier 2,Medium,Good,17,Call,Paid,Call,0
SFL107607,235041,216182,306,Tier 2,High,Poor,14,Call,Promised,Call,0
SFL107608,60743,48681,17,Tier 1,Medium,Poor,1,Call,No Response,Field,0
SFL107609,145442,93834,269,Tier 3,Low,Average,4,Field,No Response,Field,0
SFL107610,241757,196124,328,Tier 1,Medium,Average,11,Field,No Response,Call,0
SFL107611,297536,121407,506,Tier 1,Low,Good,11,Call,Refused,Legal,0
SFL107612,64142,24507,250,Tier 2,Medium,Average,2,Field,Refused,Field,2504
SFL107613,1066389,708922,40,Tier 2,High,Average,6,Call,No Response,Call,432717
SFL107614,17256,15686,318,Tier 1,Low,Poor,7,Field,No Response,Legal,0
SFL107615,531200,166799,302,Tier 1,Medium,Poor,1,Field,Refused,Field,0
SFL107616,811466,555383,71,Tier 1,Low,Average,9,Field,Refused,Legal,274132
SFL107617,142931,57585,126,Tier 1,Medium,Poor,8,Field,Refused,Call,0
SFL107618,23649,15549,113,Tier 1,Medium,Average,19,Legal,No Response,Call,0
SFL107619,804342,775591,262,Tier 1,High,Good,6,Field,Paid,Call,738282
SFL107620,90431,58065,763,Tier 3,Low,Average,7,Field,Refused,Legal,0
SFL107621,52812,25327,177,Tier 1,Low,Poor,11,Call,Promised,Call,8260
SFL107622,874790,555360,66,Tier 2,High,Average,2,Call,No Response,Field,318628
SFL107623,1039024,847671,31,Tier 1,Medium,Good,1,Call,Promised,Call,843522
SFL107624,136791,60582,344,Tier 3,Low,Poor,1,Call,Refused,Call,0
SFL107625,61505,25358,271,Tier 3,Medium,Poor,7,Field,Refused,Call,0
SFL107626,158498,129882,377,Tier 2,Medium,Poor,5,Legal,Refused,Legal,0
SFL107627,12705,4871,1,Tier 2,Medium,Average,5,Call,Paid,Call,2340
SFL107628,183334,108238,689,Tier 3,Low,Poor,9,Call,Promised,Field,0
SFL107629,248240,198501,69,Tier 2,Low,Poor,8,Field,No Response,Call,0
SFL107630,20593,18837,321,Tier 1,Low,Average,3,Field,Refused,Call,0
SFL107631,850046,666509,131,Tier 2,Low,Poor,5,Call,Promised,Field,0
SFL107632,62394,59837,226,Tier 3,Medium,Poor,4,Call,Promised,Field,30510
SFL107633,300425,98745,167,Tier 2,Low,Good,15,Call,Paid,Call,0
SFL107634,200699,192658,60,Tier 3,Low,Average,5,Legal,No Response,Legal,0
SFL107635,606068,315925,282,Tier 2,Medium,Average,9,Call,No Response,Call,77762
SFL107636,252072,217131,117,Tier 3,Medium,Poor,15,Field,No Response,Call,0
SFL107637,173339,152456,139,Tier 2,Medium,Poor,6,Call,No Response,Field,0
SFL107638,179260,138389,30,Tier 1,High,Average,14,Field,Promised,Call,0
SFL107639,479511,312775,259,Tier 1,High,Poor,5,Call,Refused,Call,0
SFL107640,206372,97242,508,Tier 2,Medium,Average,7,Call,Refused,Legal,44259
SFL107641,188200,88349,96,Tier 1,Low,Average,2,Call,No Response,Call,76063
SFL107642,65023,59110,514,Tier 3,Medium,Good,5,Call,Promised,Field,43776
SFL107643,29097,25798,97,Tier 1,Low,Average,3,Call,Promised,Call,0
SFL107644,1008750,806437,63,Tier 1,Low,Poor,9,Field,Promised,Field,0
SFL107645,64487,55346,858,Tier 2,High,Good,7,Call,Paid,Legal,0
SFL107646,1127902,687612,650,Tier 1,Low,Good,7,Call,No Response,Field,0
SFL107647,29664,14630,272,Tier 2,High,Average,6,Call,Refused,Field,5307
SFL107648,11708,8188,109,Tier 2,Low,Good,17,Call,Promised,Call,0
SFL107649,46167,27610,315,Tier 3,Low,Good,6,Call,Refused,Field,0
SFL107650,44527,40601,25,Tier 3,High,Poor,8,Call,No Response,Call,0
SFL107651,161636,80710,265,Tier 2,Low,Average,7,Field,No Response,Call,0
SFL107652,61005,26477,885,Tier 1,Low,Poor,5,Call,Refused,Call,0
SFL107653,146911,49420,139,Tier 2,High,Good,3,Call,No Response,Field,41863
SFL107654,69848,27843,264,Tier 2,Medium,Poor,7,Call,No Response,Legal,0
SFL107655,333204,203988,136,Tier 1,Low,Good,20,Call,No Response,Call,0
SFL107656,10068,7399,637,Tier 3,Low,Average,20,Call,Promised,Call,0
SFL107657,898110,419634,269,Tier 3,Low,Average,13,Call,Promised,Field,0
SFL107658,84508,36174,1,Tier 2,High,Average,6,Field,No Response,Field,24864
SFL107659,58943,49458,258,Tier 1,Low,Good,9,Call,Promised,Call,0
SFL107660,1179236,435340,127,Tier 2,Low,Average,8,Call,No Response,Field,236409
SFL107661,270374,148429,211,Tier 3,Low,Average,3,Call,Paid,Call,0
SFL107662,118770,78345,281,Tier 2,Low,Good,6,Field,Promised,Field,0
SFL107663,67291,34238,15,Tier 3,Medium,Poor,7,Field,No Response,Call,0
SFL107664,33035,15080,362,Tier 3,High,Poor,5,Field,Refused,Call,0
SFL107665,58307,38375,764,Tier 2,Low,Average,6,Field,Refused,Legal,0
SFL107666,49081,46201,27,Tier 3,Low,Poor,4,Field,No Response,Field,0
SFL107667,51152,20904,111,Tier 2,Medium,Good,3,Call,No Response,Field,0
SFL107668,906630,552034,27,Tier 3,Medium,Good,14,Call,No Response,Field,350556
SFL107669,46131,26386,112,Tier 3,Low,Average,1,Call,Promised,Field,9406
SFL107670,40452,32066,642,Tier 1,Low,Good,5,Field,Promised,Legal,0
SFL107671,56582,22119,26,Tier 1,High,Poor,5,Call,Promised,Legal,6148
SFL107672,32228,27443,64,Tier 2,High,Average,1,Call,No Response,Call,15485
SFL107673,689279,214698,53,Tier 2,Medium,Average,4,Field,No Response,Field,0
SFL107674,269453,143349,5,Tier 2,Low,Poor,2,Call,Promised,Call,0
SFL107675,197809,189248,14,Tier 1,Medium,Poor,3,Field,No Response,Legal,0
SFL107676,329739,209352,454,Tier 2,Medium,Average,3,Call,Promised,Legal,0
SFL107677,71741,39037,158,Tier 3,Medium,Average,6,Call,Paid,Call,0
SFL107678,337512,183314,245,Tier 2,High,Good,6,Field,No Response,Field,87614
SFL107679,323613,133950,66,Tier 3,Low,Average,20,Call,Promised,Call,36352
SFL107680,320041,241559,148,Tier 2,High,Poor,4,Field,No Response,Field,36991
SFL107681,25567,14595,131,Tier 2,High,Good,8,Call,Promised,Field,11342
SFL107682,98968,56811,69,Tier 1,Medium,Good,4,Call,No Response,Legal,16202
SFL107683,203689,147313,798,Tier 2,Medium,Poor,5,Call,No Response,Call,68153
SFL107684,27798,22420,343,Tier 2,Low,Good,11,Call,Promised,Field,0
SFL107685,212581,171967,475,Tier 2,Medium,Poor,11,Field,No Response,Field,0
SFL107686,38156,27976,470,Tier 3,High,Poor,2,Call,Promised,Legal,0
SFL107687,205790,61928,769,Tier 3,Low,Average,4,Call,Promised,Call,0
SFL107688,40206,14058,331,Tier 1,Medium,Average,2,Field,Refused,Call,1881
SFL107689,151913,78008,119,Tier 3,Low,Average,7,Call,No Response,Field,0
SFL107690,476756,364592,336,Tier 3,Low,Good,6,Call,No Response,Field,316308
SFL107691,121990,46962,271,Tier 3,Low,Average,5,Call,Paid,Field,30194
SFL107692,25007,19755,336,Tier 3,High,Average,16,Call,Promised,Field,0
SFL107693,46260,20856,567,Tier 2,Medium,Poor,5,Call,Refused,Call,0
SFL107694,124225,74088,544,Tier 3,Low,Average,3,Call,Promised,Call,44021
SFL107695,269809,139157,139,Tier 2,Medium,Poor,16,Call,No Response,Field,0
SFL107696,312234,223859,4,Tier 2,Medium,Poor,5,Field,No Response,Field,0
SFL107697,140630,108312,42,Tier 2,Low,Average,10,Call,Promised,Field,40911
SFL107698,254230,78713,731,Tier 1,Low,Average,5,Field,Refused,Legal,14847
SFL107699,943166,544778,410,Tier 3,Medium,Average,7,Call,Promised,Legal,0
SFL107700,986129,711768,298,Tier 1,Low,Poor,8,Legal,No Response,Call,0
SFL107701,278424,220734,783,Tier 2,High,Poor,6,Call,No Response,Legal,0
SFL107702,66185,25462,170,Tier 3,Medium,Poor,10,Call,Paid,Call,0
SFL107703,342023,267025,91,Tier 1,Medium,Poor,7,Field,No Response,Call,0
SFL107704,73422,38901,45,Tier 3,Medium,Average,8,Legal,No Response,Field,0
SFL107705,132417,120675,197,Tier 2,High,Average,4,Field,Promised,Field,105261
SFL107706,67910,28495,418,Tier 2,Medium,Average,7,Field,Promised,Field,0
SFL107707,131138,113807,108,Tier 1,Medium,Average,9,Call,Promised,Call,72582
SFL107708,183237,137520,326,Tier 1,Low,Poor,1,Field,Promised,Call,0
SFL107709,333213,240918,244,Tier 2,Medium,Poor,6,Call,Paid,Call,114436
SFL107710,1037151,462858,31,Tier 1,Medium,Poor,1,Call,Paid,Call,92327
SFL107711,24462,19651,694,Tier 1,Low,Average,13,Call,No Response,Call,0
SFL107712,82394,32269,133,Tier 3,Low,Average,20,Call,No Response,Call,0
SFL107713,123386,41215,14,Tier 2,High,Poor,5,Call,Refused,Field,0
SFL107714,264506,237368,133,Tier 3,Medium,Average,5,Call,Paid,Field,117165
SFL107715,987423,445401,252,Tier 2,High,Average,13,Call,Refused,Field,0
SFL107716,34842,10736,70,Tier 2,Medium,Good,7,Call,Promised,Field,8872
SFL107717,336582,145750,534,Tier 2,High,Good,20,Call,Promised,Field,0
SFL107718,120365,67031,114,Tier 2,Low,Poor,5,Call,Refused,Field,0
SFL107719,467638,262783,77,Tier 2,Low,Average,6,Call,Refused,Field,133175
SFL107720,56364,23117,2,Tier 2,Medium,Average,7,Field,No Response,Field,16932
SFL107721,60123,21647,286,Tier 2,High,Average,6,Field,No Response,Field,0
SFL107722,59199,21781,321,Tier 1,Low,Good,8,Field,Paid,Field,0
SFL107723,128955,67824,189,Tier 3,Medium,Good,4,Call,No Response,Field,0
SFL107724,32462,23740,657,Tier 2,Low,Poor,7,Field,No Response,Legal,0
SFL107725,14045,7913,99,Tier 1,Low,Poor,4,Call,Refused,Call,0
SFL107726,906824,543157,146,Tier 2,Low,Poor,8,Call,No Response,Call,0
SFL107727,67128,52429,572,Tier 2,High,Good,1,Call,Paid,Legal,0
SFL107728,261628,163773,278,Tier 2,Medium,Average,5,Call,No Response,Field,0
SFL107729,304022,278817,84,Tier 3,Low,Average,6,Call,Paid,Legal,0
SFL107730,137009,114069,119,Tier 3,Medium,Good,12,Field,No Response,Field,0
SFL107731,1166143,643387,182,Tier 2,High,Good,4,Call,Refused,Legal,0
SFL107732,180859,143017,155,Tier 3,Medium,Good,6,Legal,Refused,Call,72479
SFL107733,296178,216633,178,Tier 2,Low,Average,13,Call,Promised,Field,0
SFL107734,218592,195198,172,Tier 3,Low,Average,3,Field,No Response,Field,0
SFL107735,110822,95543,51,Tier 2,High,Poor,3,Legal,Paid,Field,44590
SFL107736,62502,57634,59,Tier 2,High,Average,4,Call,No Response,Field,0
SFL107737,27072,20484,719,Tier 1,Medium,Good,10,Field,Paid,Call,18857
SFL107738,332679,203872,30,Tier 1,Low,Poor,6,Field,No Response,Call,0
SFL107739,47490,21990,348,Tier 2,Low,Average,17,Call,Promised,Field,10939
SFL107740,790193,447152,151,Tier 3,Low,Poor,9,Call,No Response,Call,0
SFL107741,56004,42392,168,Tier 3,Low,Average,2,Legal,No Response,Call,33619
SFL107742,49427,22744,169,Tier 2,Low,Average,7,Call,Paid,Field,8116
SFL107743,34562,16079,297,Tier 1,Low,Average,6,Call,Paid,Legal,0
SFL107744,43681,39153,20,Tier 1,High,Average,4,Field,Paid,Call,27844
SFL107745,331568,224735,32,Tier 2,Medium,Average,5,Call,Promised,Field,125028
SFL107746,92143,74236,124,Tier 2,Medium,Average,10,Call,No Response,Field,0
SFL107747,323330,285084,190,Tier 2,Low,Average,5,Call,Promised,Field,153997
SFL107748,33289,21717,102,Tier 2,Low,Poor,12,Call,Refused,Call,0
SFL107749,62545,49750,276,Tier 1,High,Good,2,Call,No Response,Call,19892
SFL107750,257762,177888,58,Tier 1,Medium,Average,17,Call,Promised,Call,0
SFL107751,777865,442144,218,Tier 2,Low,Poor,3,Field,Refused,Call,0
SFL107752,316611,226916,169,Tier 3,Medium,Poor,8,Call,No Response,Field,0
SFL107753,130596,39682,61,Tier 2,Medium,Good,5,Call,No Response,Field,14645
SFL107754,265494,101737,485,Tier 3,Medium,Poor,8,Field,Promised,Legal,0
SFL107755,414398,130863,259,Tier 2,High,Average,7,Call,Promised,Field,0
SFL107756,42461,31426,64,Tier 3,Medium,Average,1,Call,No Response,Field,19520
SFL107757,47096,19719,174,Tier 2,Medium,Average,3,Legal,No Response,Call,0
SFL107758,164423,143324,222,Tier 1,Low,Good,20,Legal,Paid,Legal,0
SFL107759,11566,3999,63,Tier 2,Medium,Average,7,Call,Promised,Field,1455
SFL107760,31668,25974,126,Tier 1,Low,Average,19,Call,No Response,Call,0
SFL107761,776154,374284,190,Tier 1,Medium,Average,4,Field,Promised,Field,0
SFL107762,75314,38739,240,Tier 2,High,Poor,9,Field,No Response,Legal,0
SFL107763,249291,239715,212,Tier 3,Low,Good,8,Call,No Response,Field,0
SFL107764,30173,14280,3,Tier 2,Low,Poor,16,Field,No Response,Call,1608
SFL107765,31591,30469,6,Tier 1,High,Poor,6,Field,No Response,Call,5957
SFL107766,590229,330830,159,Tier 3,Medium,Good,4,Call,No Response,Call,175079
SFL107767,18017,15286,42,Tier 1,Low,Poor,5,Legal,Promised,Field,0
SFL107768,1041354,557897,290,Tier 1,Low,Average,4,Call,No Response,Field,0
SFL107769,307475,249297,171,Tier 2,Medium,Poor,6,Field,No Response,Legal,0
SFL107770,297175,252068,31,Tier 1,High,Poor,3,Call,No Response,Call,49649
SFL107771,43253,19508,278,Tier 1,Medium,Average,12,Call,No Response,Call,0
SFL107772,291848,234528,149,Tier 3,Low,Poor,11,Call,Promised,Call,0
SFL107773,804101,570161,207,Tier 2,Low,Average,9,Field,Refused,Field,0
SFL107774,19104,11568,327,Tier 2,High,Good,3,Legal,Refused,Field,0
SFL107775,172122,136973,67,Tier 1,Low,Poor,7,Call,Promised,Call,0
SFL107776,106247,44624,353,Tier 2,Medium,Poor,15,Field,No Response,Call,0
SFL107777,23163,20462,96,Tier 2,Medium,Poor,1,Call,Promised,Field,0
SFL107778,148032,136451,347,Tier 1,Medium,Average,9,Call,Promised,Call,0
SFL107779,67465,53433,854,Tier 1,High,Poor,3,Legal,No Response,Call,0
SFL107780,170029,66350,155,Tier 3,Low,Poor,7,Field,No Response,Call,0
SFL107781,258129,105297,168,Tier 1,Medium,Average,5,Field,No Response,Legal,50640
SFL107782,401797,295356,305,Tier 2,Medium,Good,3,Call,No Response,Field,170600
SFL107783,320417,192857,878,Tier 2,Medium,Good,7,Legal,No Response,Field,45949
SFL107784,563390,526596,816,Tier 3,Medium,Average,5,Legal,Promised,Call,0
SFL107785,73650,24228,19,Tier 3,High,Poor,1,Field,No Response,Field,0
SFL107786,15311,9998,116,Tier 2,Medium,Average,4,Call,Refused,Field,0
SFL107787,1123453,393396,233,Tier 2,Medium,Average,9,Call,Promised,Call,207546
SFL107788,235862,115659,178,Tier 3,Medium,Average,1,Call,No Response,Field,83126
SFL107789,62432,55376,164,Tier 2,High,Good,20,Call,Promised,Call,0
SFL107790,63706,23857,93,Tier 2,Medium,Poor,4,Field,Promised,Call,0
SFL107791,65657,20241,61,Tier 3,Medium,Average,20,Legal,No Response,Field,12625
SFL107792,934786,544749,738,Tier 2,Medium,Average,16,Call,Refused,Legal,0
SFL107793,985534,582268,41,Tier 1,Medium,Good,2,Field,Paid,Field,489620
SFL107794,72679,61452,386,Tier 3,High,Average,1,Call,Promised,Legal,0
SFL107795,134454,111747,201,Tier 3,Low,Poor,4,Field,Paid,Field,0
SFL107796,47370,37718,742,Tier 3,Low,Poor,8,Legal,No Response,Call,0
SFL107797,35523,12702,299,Tier 2,Medium,Average,4,Call,No Response,Field,0
SFL107798,32967,27891,308,Tier 1,Low,Average,10,Field,Refused,Call,0
SFL107799,752936,238314,55,Tier 2,Medium,Poor,4,Call,Refused,Call,0
SFL107800,614637,341118,154,Tier 2,High,Average,6,Call,No Response,Call,0
SFL107801,26478,21440,51,Tier 1,Medium,Poor,4,Call,No Response,Call,0
SFL107802,15715,11419,716,Tier 2,High,Average,6,Field,No Response,Legal,0
SFL107803,783257,309186,329,Tier 2,Medium,Average,3,Field,Refused,Field,142368
SFL107804,69659,52849,146,Tier 3,Medium,Average,3,Call,Refused,Legal,0
SFL107805,96368,36468,324,Tier 3,Low,Poor,8,Field,No Response,Field,10147
SFL107806,33040,14393,148,Tier 1,Medium,Good,9,Call,Paid,Legal,0
SFL107807,345951,314775,109,Tier 2,Low,Average,1,Field,Paid,Field,276700
SFL107808,45194,41401,111,Tier 2,Medium,Poor,9,Call,Refused,Legal,0
SFL107809,303990,269474,130,Tier 2,Medium,Poor,4,Call,Refused,Legal,0
SFL107810,1087497,929951,137,Tier 1,Medium,Poor,4,Field,No Response,Field,538941
SFL107811,61931,44883,113,Tier 1,High,Poor,8,Legal,No Response,Call,13676
SFL107812,111567,86493,28,Tier 2,Medium,Average,3,Call,No Response,Call,76141
SFL107813,157772,129835,264,Tier 2,Low,Average,9,Call,Promised,Field,0
SFL107814,197534,140891,78,Tier 2,Medium,Poor,5,Call,Refused,Legal,0
SFL107815,68639,50215,279,Tier 2,High,Average,6,Field,Refused,Field,0
SFL107816,808653,772550,358,Tier 3,Medium,Poor,5,Call,No Response,Call,0
SFL107817,15754,14131,168,Tier 2,Low,Poor,5,Legal,Paid,Call,0
SFL107818,11830,4522,136,Tier 1,Low,Poor,8,Call,Refused,Legal,0
SFL107819,234676,224271,26,Tier 3,High,Average,10,Field,Promised,Field,157199
SFL107820,61854,39285,28,Tier 1,Low,Average,4,Legal,Promised,Field,30354
SFL107821,48646,41201,143,Tier 2,High,Good,1,Call,Paid,Call,21638
SFL107822,318594,96253,227,Tier 3,Low,Average,10,Field,No Response,Field,0
SFL107823,1135934,871589,336,Tier 2,Low,Good,2,Call,Promised,Field,609771
SFL107824,60924,56214,58,Tier 1,Low,Poor,4,Call,Refused,Legal,0
SFL107825,225219,131768,348,Tier 2,High,Average,3,Call,Promised,Field,0
SFL107826,254247,84631,136,Tier 3,Low,Good,4,Field,Paid,Field,52687
SFL107827,274728,148732,100,Tier 3,High,Poor,9,Field,No Response,Call,0
SFL107828,66112,58728,665,Tier 1,Low,Good,1,Call,Paid,Legal,0
SFL107829,30438,10445,126,Tier 1,Medium,Good,20,Call,No Response,Field,0
SFL107830,327929,211558,142,Tier 2,Medium,Poor,2,Call,Paid,Call,0
SFL107831,92326,49582,201,Tier 2,Low,Average,6,Call,No Response,Field,0
SFL107832,1095012,345403,649,Tier 1,High,Average,1,Call,No Response,Call,255962
SFL107833,33513,24528,247,Tier 2,Low,Poor,7,Legal,No Response,Call,0
SFL107834,186002,57889,315,Tier 1,Medium,Average,15,Call,Refused,Field,0
SFL107835,70418,62812,83,Tier 2,Medium,Average,7,Call,Promised,Field,0
SFL107836,273845,265153,249,Tier 1,Medium,Poor,6,Call,No Response,Call,0
SFL107837,971715,595694,155,Tier 1,Low,Poor,10,Field,Refused,Call,0
SFL107838,341657,329043,177,Tier 2,Low,Poor,6,Call,Refused,Call,0
SFL107839,68253,49840,461,Tier 1,Low,Average,1,Field,No Response,Field,0
SFL107840,66391,33363,63,Tier 2,Low,Average,11,Field,No Response,Field,20158
SFL107841,161564,73553,810,Tier 3,Low,Poor,5,Call,No Response,Legal,0
SFL107842,239674,162206,51,Tier 3,Medium,Poor,7,Call,No Response,Call,0
SFL107843,266773,172980,201,Tier 1,Low,Good,1,Legal,No Response,Call,0
SFL107844,481118,336162,324,Tier 1,High,Good,3,Call,Promised,Call,266103
SFL107845,43290,15224,160,Tier 1,Low,Poor,12,Call,Refused,Field,7118
SFL107846,341209,104146,347,Tier 2,High,Average,20,Field,No Response,Call,0
SFL107847,51113,34908,85,Tier 3,High,Good,18,Call,Paid,Field,0
SFL107848,94966,71231,136,Tier 2,Medium,Average,20,Legal,Promised,Field,0
SFL107849,22520,16434,765,Tier 3,Low,Poor,4,Call,Refused,Call,0
SFL107850,309496,258607,129,Tier 1,Low,Good,5,Field,No Response,Field,140628
SFL107851,176899,53862,20,Tier 2,Low,Good,12,Field,Promised,Field,33408
SFL107852,329400,179661,127,Tier 2,Medium,Average,5,Field,No Response,Call,0
SFL107853,125654,100971,363,Tier 2,Low,Average,4,Field,No Response,Field,0
SFL107854,319573,223270,252,Tier 2,Low,Poor,1,Field,Promised,Call,0
SFL107855,228143,169908,111,Tier 3,Medium,Average,6,Field,Paid,Field,135209
SFL107856,50987,22278,866,Tier 1,Low,Poor,17,Call,No Response,Legal,0
SFL107857,214551,176367,316,Tier 2,Medium,Average,5,Field,Refused,Field,0
SFL107858,1143754,1090420,139,Tier 3,High,Good,4,Call,No Response,Field,0
SFL107859,96832,81876,207,Tier 3,Medium,Average,4,Field,No Response,Field,0
SFL107860,23431,12535,19,Tier 1,Medium,Average,10,Field,Promised,Call,0
SFL107861,48984,24950,139,Tier 1,High,Average,8,Call,Promised,Call,5466
SFL107862,69161,42460,183,Tier 2,Low,Average,19,Call,Paid,Field,0
SFL107863,19079,7822,77,Tier 3,Medium,Poor,15,Call,No Response,Legal,0
SFL107864,37855,25540,675,Tier 1,High,Good,1,Field,Refused,Call,3090
SFL107865,340005,102122,117,Tier 2,High,Good,10,Legal,Refused,Call,0
SFL107866,352735,289387,146,Tier 2,Low,Poor,8,Legal,Refused,Call,0
SFL107867,184283,79481,63,Tier 2,Low,Poor,10,Field,Paid,Call,0
SFL107868,686246,425039,28,Tier 2,Medium,Poor,16,Call,Refused,Call,0
SFL107869,41027,13627,76,Tier 2,Medium,Poor,6,Call,Promised,Call,0
SFL107870,224689,112585,50,Tier 2,High,Average,10,Field,Promised,Call,41162
SFL107871,169994,99631,403,Tier 2,Medium,Average,3,Call,No Response,Field,75607
SFL107872,72093,25422,43,Tier 3,Medium,Average,4,Field,Promised,Field,9824
SFL107873,16773,10799,72,Tier 3,Low,Average,14,Call,Promised,Field,5775
SFL107874,867759,466442,124,Tier 3,Low,Good,10,Call,Paid,Field,0
SFL107875,956357,590268,4,Tier 3,Low,Average,10,Field,Promised,Field,428940
SFL107876,23202,17154,120,Tier 2,Medium,Average,2,Call,Paid,Field,6867
SFL107877,566408,252947,99,Tier 2,Medium,Average,2,Call,No Response,Call,142105
SFL107878,56699,31661,18,Tier 3,Medium,Poor,8,Legal,No Response,Call,0
SFL107879,12610,9345,539,Tier 3,Medium,Poor,3,Field,Promised,Legal,0
SFL107880,201059,69722,409,Tier 1,High,Good,9,Call,No Response,Call,0
SFL107881,314071,281737,254,Tier 3,Medium,Good,14,Call,Promised,Field,0
SFL107882,43476,18002,147,Tier 2,Medium,Poor,1,Call,No Response,Field,0
SFL107883,470200,272217,30,Tier 3,Medium,Average,4,Call,Refused,Field,0
SFL107884,35985,28236,171,Tier 1,Low,Poor,17,Call,Refused,Field,0
SFL107885,295457,108118,178,Tier 2,High,Poor,7,Legal,Promised,Call,0
SFL107886,32183,23001,202,Tier 1,Medium,Poor,4,Call,No Response,Legal,0
SFL107887,1075945,939023,211,Tier 2,High,Average,7,Call,Promised,Field,0
SFL107888,71515,62668,215,Tier 3,High,Average,9,Call,Promised,Call,36992
SFL107889,46287,37676,22,Tier 2,Medium,Poor,5,Call,Promised,Call,0
SFL107890,265910,95483,341,Tier 1,Medium,Good,3,Call,Promised,Field,0
SFL107891,19026,7801,112,Tier 2,High,Average,4,Field,No Response,Field,0
SFL107892,181729,125052,151,Tier 1,Low,Average,6,Call,Refused,Field,0
SFL107893,48461,36407,3,Tier 3,Medium,Average,5,Call,No Response,Field,30337
SFL107894,12843,12250,543,Tier 2,Medium,Poor,14,Field,No Response,Field,0
SFL107895,337643,260290,183,Tier 3,High,Average,6,Call,No Response,Field,130642
SFL107896,81854,71105,19,Tier 2,Low,Poor,9,Call,Promised,Call,0
SFL107897,25969,14375,5,Tier 3,Medium,Poor,4,Field,No Response,Call,1624
SFL107898,431486,345344,278,Tier 2,Medium,Poor,2,Call,No Response,Field,0
SFL107899,763636,402125,122,Tier 1,Medium,Poor,15,Field,No Response,Field,0
SFL107900,246530,118634,179,Tier 3,Low,Average,2,Call,No Response,Field,0
SFL107901,563446,361295,148,Tier 1,High,Average,10,Call,No Response,Field,0
SFL107902,34844,21150,81,Tier 2,Low,Average,5,Call,Refused,Legal,0
SFL107903,301043,148702,358,Tier 1,Medium,Average,4,Call,No Response,Field,0
SFL107904,308455,141427,72,Tier 3,High,Average,6,Call,No Response,Field,104243
SFL107905,205408,112356,129,Tier 2,Medium,Average,16,Legal,No Response,Call,100174
SFL107906,348810,145851,206,Tier 2,Medium,Poor,1,Legal,No Response,Call,86362
SFL107907,10738,5479,305,Tier 1,Low,Poor,4,Call,Refused,Field,0
SFL107908,54502,37608,143,Tier 2,Medium,Poor,7,Call,Refused,Field,0
SFL107909,165659,107723,146,Tier 1,Low,Poor,15,Call,Promised,Call,0
SFL107910,55487,32505,767,Tier 1,Medium,Average,11,Call,Promised,Legal,0
SFL107911,73569,39785,349,Tier 2,Medium,Poor,8,Call,Promised,Legal,0
SFL107912,729814,240199,157,Tier 1,High,Good,8,Call,Paid,Legal,163282
SFL107913,189719,99098,329,Tier 3,Low,Poor,1,Field,Paid,Legal,0
SFL107914,323147,291606,1,Tier 1,Medium,Average,4,Call,No Response,Call,101040
SFL107915,1113727,396640,96,Tier 1,Medium,Average,12,Field,Promised,Field,185971
SFL107916,347759,301285,39,Tier 2,Low,Average,9,Call,Promised,Field,157693
SFL107917,334039,132375,30,Tier 2,Medium,Poor,17,Call,Promised,Call,0
SFL107918,202645,156951,296,Tier 1,Medium,Average,4,Call,Refused,Field,27274
SFL107919,41728,25102,822,Tier 1,Medium,Poor,5,Call,Promised,Legal,0
SFL107920,952541,403894,311,Tier 2,Low,Average,4,Call,No Response,Field,0
SFL107921,251221,154817,612,Tier 1,Low,Average,3,Call,No Response,Call,0
SFL107922,50453,23738,121,Tier 3,Low,Average,1,Call,Paid,Field,0
SFL107923,323659,201726,12,Tier 3,Medium,Poor,13,Call,No Response,Call,0
SFL107924,58080,48556,88,Tier 3,Low,Poor,7,Call,Promised,Field,0
SFL107925,71394,27201,49,Tier 2,High,Poor,4,Call,Refused,Call,0
SFL107926,51111,33898,147,Tier 3,Low,Poor,8,Field,Refused,Call,0
SFL107927,57844,26748,214,Tier 1,Medium,Average,1,Legal,Promised,Field,0
SFL107928,45819,42164,127,Tier 2,Low,Average,5,Call,No Response,Field,31422
SFL107929,277771,236280,730,Tier 3,Medium,Poor,4,Legal,No Response,Field,0
SFL107930,34368,24264,330,Tier 1,Medium,Poor,9,Call,Paid,Call,7254
SFL107931,59977,45834,132,Tier 2,Medium,Poor,10,Legal,No Response,Legal,0
SFL107932,139028,53371,151,Tier 1,Medium,Average,18,Call,No Response,Call,0
SFL107933,291289,196361,32,Tier 2,High,Average,12,Legal,Refused,Call,0
SFL107934,395686,382933,21,Tier 1,High,Good,6,Legal,No Response,Call,131560
SFL107935,44298,26499,94,Tier 2,Low,Average,15,Call,No Response,Legal,0
SFL107936,640278,248411,240,Tier 2,High,Poor,5,Call,No Response,Call,75166
SFL107937,283402,152259,359,Tier 2,Medium,Poor,3,Call,Refused,Call,0
SFL107938,389400,326160,61,Tier 2,Medium,Average,7,Field,Promised,Field,0
SFL107939,111906,37284,52,Tier 3,Low,Average,20,Field,Promised,Field,10733
SFL107940,63716,44565,110,Tier 1,Low,Poor,15,Call,No Response,Call,0
SFL107941,32585,30856,330,Tier 1,High,Average,9,Call,Refused,Call,0
SFL107942,56595,33004,95,Tier 2,Low,Poor,1,Field,No Response,Call,0
SFL107943,76563,41434,144,Tier 1,High,Good,4,Field,Paid,Call,32025
SFL107944,25932,20392,677,Tier 1,High,Average,5,Call,No Response,Legal,0
SFL107945,356129,344573,133,Tier 3,Low,Good,3,Call,Promised,Field,257399
SFL107946,119438,63904,437,Tier 3,Low,Poor,2,Call,No Response,Legal,0
SFL107947,293120,141096,99,Tier 2,Low,Average,14,Field,Promised,Field,116470
SFL107948,58017,40463,211,Tier 2,High,Average,10,Legal,Refused,Call,0
SFL107949,25841,9018,141,Tier 1,Medium,Average,17,Call,No Response,Field,0
SFL107950,87434,46471,82,Tier 1,Low,Average,8,Call,Promised,Call,0
SFL107951,138443,68515,100,Tier 1,High,Poor,16,Call,Refused,Call,19631
SFL107952,668148,448427,1,Tier 2,Low,Poor,3,Field,Refused,Field,216006
SFL107953,54331,16526,65,Tier 2,Low,Average,3,Field,Paid,Field,9320
SFL107954,340269,205406,102,Tier 3,Medium,Average,4,Call,No Response,Field,0
SFL107955,73182,40361,135,Tier 2,High,Poor,4,Field,No Response,Call,0
SFL107956,334737,149384,73,Tier 1,Low,Poor,7,Field,Refused,Call,0
SFL107957,35604,15465,4,Tier 1,Medium,Average,4,Legal,Refused,Legal,4835
SFL107958,32529,16753,208,Tier 2,Low,Good,7,Field,Paid,Field,15488
SFL107959,45339,36791,167,Tier 2,High,Poor,7,Call,No Response,Legal,0
SFL107960,234329,195188,166,Tier 3,High,Average,1,Call,No Response,Field,75712
SFL107961,180100,106077,219,Tier 1,Low,Good,19,Legal,No Response,Field,0
SFL107962,53333,22687,654,Tier 3,Low,Poor,9,Call,Refused,Legal,0
SFL107963,241717,98429,314,Tier 3,Medium,Poor,7,Call,No Response,Field,51566
SFL107964,329773,160740,244,Tier 2,Medium,Average,19,Call,No Response,Call,0
SFL107965,50630,32645,87,Tier 3,High,Average,3,Call,Promised,Field,21511
SFL107966,54845,43620,259,Tier 2,Low,Good,5,Call,Promised,Field,0
SFL107967,62293,41578,179,Tier 3,Low,Average,16,Legal,Promised,Call,0
SFL107968,660994,327479,175,Tier 3,Medium,Good,10,Call,No Response,Legal,289991
SFL107969,302319,248278,296,Tier 3,Medium,Poor,3,Field,Paid,Field,0
SFL107970,549357,508143,235,Tier 1,Medium,Poor,17,Legal,Promised,Call,0
SFL107971,44990,31186,423,Tier 2,Low,Good,6,Call,No Response,Legal,0
SFL107972,52897,43654,891,Tier 3,Low,Poor,8,Field,Refused,Call,0
SFL107973,197233,131988,89,Tier 1,Medium,Poor,8,Call,Refused,Field,0
SFL107974,66529,45720,185,Tier 3,Medium,Average,5,Call,No Response,Call,0
SFL107975,1047834,813005,671,Tier 2,Low,Good,3,Field,Refused,Field,194665
SFL107976,23299,20656,83,Tier 1,Medium,Average,9,Call,Paid,Call,7180
SFL107977,28636,26616,354,Tier 2,High,Poor,2,Field,No Response,Legal,0
SFL107978,15976,4824,184,Tier 3,Low,Average,3,Field,Refused,Field,2199
SFL107979,94880,74730,658,Tier 3,Medium,Average,6,Call,Refused,Legal,0
SFL107980,10337,8671,12,Tier 3,High,Average,6,Field,Paid,Field,5114
SFL107981,256172,178634,28,Tier 3,Low,Average,7,Legal,Promised,Call,0
SFL107982,75104,53495,9,Tier 1,Low,Average,5,Call,Promised,Call,11866
SFL107983,19772,13078,63,Tier 2,High,Average,6,Call,Refused,Field,0
SFL107984,206357,147424,41,Tier 1,Medium,Poor,19,Legal,No Response,Field,24772
SFL107985,29080,14641,123,Tier 1,Low,Poor,14,Call,No Response,Call,0
SFL107986,52378,47421,155,Tier 3,Low,Average,14,Call,Refused,Call,0
SFL107987,1003540,829709,42,Tier 1,Low,Average,15,Field,No Response,Call,0
SFL107988,165306,76453,23,Tier 1,Medium,Average,10,Call,No Response,Legal,43840
SFL107989,287206,161754,23,Tier 3,Low,Average,12,Call,No Response,Field,124570
SFL107990,22168,7816,106,Tier 2,Medium,Average,18,Call,No Response,Legal,0
SFL107991,46442,40521,450,Tier 1,High,Poor,6,Field,Refused,Call,0
SFL107992,15696,14865,170,Tier 2,High,Poor,5,Legal,Promised,Field,5931
SFL107993,29224,10131,90,Tier 2,Low,Average,5,Call,No Response,Field,0
SFL107994,869944,562119,145,Tier 2,High,Average,7,Call,No Response,Field,0
SFL107995,289667,90276,43,Tier 3,Medium,Poor,4,Field,No Response,Legal,42644
SFL107996,63869,32160,117,Tier 1,Medium,Average,5,Call,Promised,Call,0
SFL107997,761379,488577,90,Tier 2,High,Average,12,Field,Paid,Field,346087
SFL107998,10318,9529,148,Tier 2,Low,Poor,9,Call,No Response,Field,3433
SFL107999,66393,25251,150,Tier 1,Medium,Poor,6,Call,Refused,Legal,0
SFL108000,1127270,1084862,296,Tier 2,Medium,Good,6,Call,No Response,Call,0
SFL108001,18945,8413,15,Tier 1,Medium,Average,8,Field,Refused,Call,0
SFL108002,53198,51581,116,Tier 2,High,Average,9,Field,Promised,Field,0
SFL108003,496723,434658,136,Tier 2,Low,Poor,9,Field,No Response,Call,0
SFL108004,13492,6766,115,Tier 1,High,Poor,5,Call,Refused,Field,0
SFL108005,244538,230248,266,Tier 1,Medium,Good,4,Field,No Response,Legal,146556
SFL108006,54998,32081,111,Tier 1,Medium,Poor,3,Field,No Response,Field,0
SFL108007,212138,133965,63,Tier 2,High,Average,16,Field,No Response,Legal,0
SFL108008,311103,247535,120,Tier 3,Low,Average,19,Call,No Response,Field,0
SFL108009,29918,16558,229,Tier 2,High,Average,16,Call,Promised,Field,0
SFL108010,690900,421779,53,Tier 2,Medium,Good,15,Legal,Paid,Field,377591
SFL108011,305984,122712,193,Tier 1,Medium,Good,6,Call,No Response,Field,0
SFL108012,1159228,946937,185,Tier 3,High,Good,5,Field,No Response,Field,222281
SFL108013,29467,25430,52,Tier 1,Medium,Poor,5,Call,Refused,Call,11477
SFL108014,264028,154215,251,Tier 3,High,Good,6,Field,Paid,Field,130412
SFL108015,67173,33414,291,Tier 3,Medium,Average,10,Call,No Response,Field,0
SFL108016,657771,496065,280,Tier 1,High,Good,9,Legal,Refused,Call,222818
SFL108017,138954,123245,108,Tier 1,High,Average,17,Call,No Response,Call,0
SFL108018,49715,40808,380,Tier 3,Medium,Average,1,Call,Paid,Call,0
SFL108019,19350,14932,67,Tier 3,High,Poor,3,Field,Refused,Legal,0
SFL108020,60634,37757,133,Tier 3,High,Average,1,Call,Refused,Field,18001
SFL108021,523012,300303,318,Tier 3,Low,Poor,3,Field,Refused,Call,0
SFL108022,96628,87149,300,Tier 2,Low,Average,2,Call,No Response,Call,0
SFL108023,41532,40023,6,Tier 3,Low,Good,2,Call,No Response,Field,35502
SFL108024,13020,6987,183,Tier 2,Low,Good,4,Legal,Paid,Field,5931
SFL108025,59022,42904,86,Tier 3,Low,Poor,13,Legal,No Response,Field,0
SFL108026,24149,18028,280,Tier 2,Low,Poor,10,Call,Promised,Call,0
SFL108027,136451,80632,181,Tier 3,Medium,Poor,20,Field,No Response,Legal,0
SFL108028,71141,32332,361,Tier 1,Low,Average,11,Call,Promised,Field,0
SFL108029,41971,16044,85,Tier 2,Low,Average,2,Call,Promised,Call,0
SFL108030,702677,402837,273,Tier 2,Medium,Poor,3,Legal,Refused,Call,0
SFL108031,1189622,993184,314,Tier 2,Low,Poor,9,Legal,No Response,Call,0
SFL108032,29560,21745,90,Tier 3,Medium,Good,9,Field,Refused,Field,0
SFL108033,41171,27435,340,Tier 3,Low,Average,6,Call,Paid,Field,0
SFL108034,20740,11712,101,Tier 3,High,Average,2,Call,Promised,Call,0
SFL108035,65064,40325,290,Tier 2,High,Average,9,Call,Refused,Call,0
SFL108036,1177122,956920,38,Tier 2,Medium,Average,20,Call,No Response,Call,0
SFL108037,799030,604866,463,Tier 2,High,Good,6,Call,Promised,Field,0
SFL108038,62011,46119,45,Tier 3,Low,Poor,1,Field,Paid,Call,27256
SFL108039,623701,281757,674,Tier 1,Medium,Poor,19,Legal,Promised,Legal,0
SFL108040,23070,7165,295,Tier 2,Low,Poor,5,Call,No Response,Field,0
SFL108041,305296,127866,302,Tier 2,Medium,Poor,6,Legal,Refused,Legal,0
SFL108042,475663,275728,144,Tier 3,Low,Average,14,Call,Promised,Field,134997
SFL108043,45794,35740,112,Tier 2,Low,Average,3,Call,No Response,Field,0
SFL108044,211836,79408,319,Tier 1,High,Average,9,Legal,Paid,Call,48096
SFL108045,18595,12386,94,Tier 2,Low,Average,6,Legal,Promised,Field,0
SFL108046,488529,393005,250,Tier 1,Medium,Good,4,Call,Promised,Call,375437
SFL108047,70396,26482,30,Tier 2,High,Good,9,Call,Promised,Field,18887
SFL108048,74823,25818,364,Tier 2,Medium,Good,8,Field,Paid,Field,0
SFL108049,40220,28407,128,Tier 2,Medium,Poor,8,Call,Refused,Call,0
SFL108050,301918,149393,86,Tier 2,Medium,Poor,5,Call,Promised,Field,82395
SFL108051,22031,6936,270,Tier 3,Medium,Poor,3,Call,Refused,Call,0
SFL108052,39978,27075,442,Tier 3,High,Good,6,Legal,Paid,Legal,0
SFL108053,300230,157953,83,Tier 3,Medium,Good,4,Call,Promised,Field,0
SFL108054,27290,9032,22,Tier 2,Low,Average,10,Field,No Response,Field,7405
SFL108055,29412,11761,82,Tier 1,Low,Good,16,Field,No Response,Field,0
SFL108056,840715,684454,179,Tier 2,High,Good,19,Call,Refused,Field,273353
SFL108057,19525,8905,170,Tier 1,Medium,Poor,1,Call,No Response,Legal,0
SFL108058,18607,17345,125,Tier 1,Low,Average,7,Call,Promised,Call,12336
SFL108059,132464,76758,199,Tier 3,Low,Average,2,Call,Promised,Field,0
SFL108060,1165065,405173,429,Tier 3,High,Poor,5,Call,Refused,Legal,0
SFL108061,349887,302776,265,Tier 3,High,Poor,5,Field,No Response,Field,0
SFL108062,522757,171996,268,Tier 1,Low,Good,9,Call,No Response,Call,90089
SFL108063,346817,120766,721,Tier 1,Medium,Average,10,Legal,Paid,Field,0
SFL108064,285256,227191,428,Tier 1,Low,Poor,18,Call,No Response,Field,0
SFL108065,43849,40260,101,Tier 3,Low,Average,2,Call,Promised,Field,32369
SFL108066,80900,77445,162,Tier 2,High,Average,8,Call,Paid,Field,0
SFL108067,269662,252169,148,Tier 1,Medium,Poor,4,Call,Refused,Call,66208
SFL108068,70291,57909,207,Tier 2,Low,Average,2,Call,Promised,Field,0
SFL108069,17004,11123,532,Tier 2,Medium,Average,5,Call,Refused,Legal,0
SFL108070,643032,213442,223,Tier 2,Low,Average,16,Call,No Response,Legal,0
SFL108071,97533,48259,101,Tier 2,High,Poor,4,Call,Promised,Field,22053
SFL108072,52188,18173,717,Tier 1,High,Poor,4,Call,Refused,Call,0
SFL108073,165730,87937,44,Tier 2,Medium,Average,1,Legal,No Response,Field,62203
SFL108074,17746,14599,348,Tier 1,Medium,Poor,18,Field,Promised,Field,0
SFL108075,93313,54319,20,Tier 1,Low,Average,1,Call,No Response,Field,11118
SFL108076,343792,112633,56,Tier 1,Medium,Average,5,Call,Paid,Call,72323
SFL108077,130499,98596,185,Tier 2,High,Average,6,Call,Refused,Field,0
SFL108078,155277,116071,7,Tier 3,Medium,Poor,6,Legal,Refused,Call,0
SFL108079,98180,91443,173,Tier 1,Low,Poor,6,Call,No Response,Field,0
SFL108080,83314,74356,161,Tier 2,Low,Average,3,Call,Promised,Call,24618
SFL108081,246533,223178,222,Tier 1,Medium,Good,17,Call,Promised,Call,0
SFL108082,295182,213687,108,Tier 3,Low,Average,4,Field,No Response,Field,152755
SFL108083,32390,19817,739,Tier 1,Medium,Average,1,Call,No Response,Call,0
SFL108084,11989,10704,12,Tier 1,Medium,Poor,3,Call,Refused,Legal,0
SFL108085,37202,27564,278,Tier 3,Low,Average,1,Call,Promised,Legal,13810
SFL108086,64458,27205,401,Tier 2,Low,Poor,7,Call,Promised,Legal,0
SFL108087,56847,50671,10,Tier 1,Medium,Average,3,Call,Refused,Call,10645
SFL108088,23127,10921,254,Tier 3,Low,Average,7,Call,No Response,Field,0
SFL108089,40910,38933,103,Tier 1,Low,Average,3,Field,No Response,Legal,0
SFL108090,13263,7855,88,Tier 2,High,Average,11,Call,Refused,Field,0
SFL108091,55975,18595,317,Tier 2,Medium,Average,8,Field,Promised,Field,0
SFL108092,10653,3297,298,Tier 3,Low,Poor,8,Call,No Response,Call,0
SFL108093,105005,76637,246,Tier 3,Low,Good,8,Call,Paid,Field,69464
SFL108094,61871,58208,9,Tier 3,Low,Average,7,Legal,No Response,Field,0
SFL108095,247066,232471,98,Tier 2,High,Good,10,Call,Promised,Call,192231
SFL108096,289683,93866,122,Tier 3,High,Average,8,Legal,No Response,Field,0
SFL108097,50316,15259,317,Tier 2,Low,Poor,3,Call,Refused,Legal,0
SFL108098,42111,22226,137,Tier 3,Medium,Average,12,Call,Promised,Field,0
SFL108099,56817,50365,355,Tier 2,Medium,Average,7,Call,Promised,Call,0
SFL108100,10656,6015,134,Tier 2,Low,Average,2,Field,Promised,Legal,0
SFL108101,843365,436212,127,Tier 1,Low,Average,5,Legal,Promised,Call,0
SFL108102,911656,349532,820,Tier 1,Low,Poor,5,Call,No Response,Call,0
SFL108103,43229,13497,688,Tier 1,Medium,Poor,6,Call,No Response,Legal,0
SFL108104,1181721,557322,125,Tier 2,Medium,Average,4,Field,No Response,Field,0
SFL108105,921063,759387,13,Tier 3,Low,Average,3,Call,Paid,Field,404902
SFL108106,54470,39398,67,Tier 3,Medium,Average,10,Call,Paid,Call,35265
SFL108107,349435,231322,61,Tier 1,High,Average,2,Field,Promised,Call,172934
SFL108108,65835,58284,72,Tier 2,Low,Poor,5,Call,Promised,Field,0
SFL108109,69400,28608,73,Tier 2,Medium,Good,2,Call,Paid,Field,16960
SFL108110,31455,13823,345,Tier 2,Medium,Average,8,Call,No Response,Call,0
SFL108111,32008,12198,123,Tier 1,Low,Poor,9,Field,Refused,Call,0
SFL108112,281858,170707,15,Tier 3,Low,Good,8,Field,Promised,Legal,0
SFL108113,32241,21570,290,Tier 1,Medium,Average,11,Call,Refused,Field,9279
SFL108114,58187,48307,249,Tier 2,Medium,Poor,8,Call,Refused,Call,0
SFL108115,962373,837817,276,Tier 3,Medium,Average,5,Call,No Response,Call,0
SFL108116,308681,148466,41,Tier 3,Medium,Average,5,Field,No Response,Call,0
SFL108117,60865,57659,62,Tier 2,Low,Average,10,Field,No Response,Field,0
SFL108118,45037,40557,85,Tier 3,Medium,Average,1,Field,Paid,Field,18937
SFL108119,37922,22791,48,Tier 1,Low,Average,3,Field,No Response,Field,6548
SFL108120,14323,12583,30,Tier 1,Low,Average,4,Call,No Response,Legal,10097
SFL108121,390958,231234,32,Tier 1,Low,Average,3,Legal,No Response,Call,0
SFL108122,403551,186840,49,Tier 2,Medium,Poor,2,Call,Paid,Field,108704
SFL108123,269856,235630,32,Tier 2,High,Average,2,Field,Promised,Field,75089
SFL108124,40961,27704,206,Tier 3,Medium,Average,2,Call,Paid,Field,20626
SFL108125,17718,8250,129,Tier 1,Low,Average,4,Call,No Response,Field,0
SFL108126,81861,46668,896,Tier 2,Low,Poor,8,Field,No Response,Legal,0
SFL108127,282175,184350,718,Tier 2,Low,Poor,6,Call,No Response,Field,0
SFL108128,72292,25626,418,Tier 1,Low,Poor,7,Call,No Response,Legal,0
SFL108129,226119,86204,93,Tier 3,High,Average,15,Field,Promised,Call,59237
SFL108130,450349,177377,78,Tier 3,Low,Poor,3,Call,Promised,Call,0
SFL108131,118815,111276,80,Tier 3,Low,Average,4,Field,No Response,Field,0
SFL108132,224780,200384,108,Tier 3,High,Poor,10,Call,Promised,Call,46179
SFL108133,1039793,997030,480,Tier 2,Medium,Average,10,Field,Promised,Field,280542
SFL108134,482728,440959,127,Tier 3,Medium,Average,3,Legal,Refused,Field,223537
SFL108135,131108,106647,13,Tier 1,Low,Average,6,Call,No Response,Field,53200
SFL108136,288087,141449,266,Tier 2,Medium,Poor,13,Field,Refused,Field,0
SFL108137,46573,41088,148,Tier 1,Low,Average,10,Call,No Response,Call,0
SFL108138,850891,268303,227,Tier 3,High,Poor,9,Call,Refused,Field,0
SFL108139,36089,17652,24,Tier 3,Low,Good,8,Legal,No Response,Field,9397
SFL108140,765189,524131,221,Tier 1,Medium,Poor,15,Legal,No Response,Call,70766
SFL108141,922325,336501,99,Tier 2,Low,Average,4,Call,Refused,Field,178635
SFL108142,151655,101777,72,Tier 3,Medium,Average,18,Call,Promised,Field,0
SFL108143,298151,225344,126,Tier 3,Medium,Good,1,Call,Paid,Field,215026
SFL108144,263619,227822,824,Tier 1,Medium,Average,4,Field,No Response,Call,0
SFL108145,47925,25107,308,Tier 1,Low,Average,4,Call,No Response,Call,0
SFL108146,48741,18859,280,Tier 2,Low,Average,4,Call,Refused,Field,0
SFL108147,789786,615485,3,Tier 1,Low,Average,3,Call,Promised,Call,197252
SFL108148,338172,106629,90,Tier 3,Low,Poor,6,Call,No Response,Legal,0
SFL108149,255574,247531,736,Tier 2,High,Average,2,Call,No Response,Field,193871
SFL108150,38571,14021,141,Tier 2,Low,Poor,2,Call,Promised,Legal,0
SFL108151,10008,3341,688,Tier 2,Medium,Average,2,Call,Promised,Legal,0
SFL108152,60663,52412,179,Tier 2,High,Good,4,Call,Promised,Call,35266
SFL108153,597290,525208,52,Tier 2,Medium,Poor,5,Call,Promised,Call,0
SFL108154,49236,23391,181,Tier 2,High,Good,6,Call,No Response,Field,18099
SFL108155,622114,372030,165,Tier 3,Low,Poor,7,Call,Promised,Call,0
SFL108156,30665,21117,217,Tier 2,High,Poor,10,Call,No Response,Field,2286
SFL108157,69495,54210,329,Tier 3,Medium,Average,6,Legal,No Response,Legal,0
SFL108158,50360,27649,176,Tier 3,Low,Good,9,Call,Refused,Field,0
SFL108159,151586,145389,321,Tier 3,Medium,Average,10,Call,No Response,Field,0
SFL108160,112738,42726,102,Tier 3,Medium,Average,7,Field,No Response,Field,0
SFL108161,194199,90650,259,Tier 2,Low,Poor,1,Field,Refused,Field,0
SFL108162,907060,506201,33,Tier 2,Low,Good,8,Call,Refused,Field,0
SFL108163,338046,253716,10,Tier 2,Low,Good,6,Legal,Refused,Field,117923
SFL108164,310023,133136,18,Tier 3,Low,Average,2,Legal,No Response,Field,38472
SFL108165,18354,16528,735,Tier 3,Low,Poor,1,Field,Refused,Legal,0
SFL108166,19123,13551,486,Tier 1,Medium,Poor,8,Call,No Response,Call,0
SFL108167,969981,600468,33,Tier 3,Low,Poor,7,Call,Promised,Call,145861
SFL108168,24819,20652,42,Tier 3,High,Average,10,Legal,Promised,Call,11085
SFL108169,96613,90563,133,Tier 2,High,Poor,1,Call,No Response,Field,0
SFL108170,605212,196406,176,Tier 3,Medium,Average,1,Call,Promised,Field,78037
SFL108171,72448,54457,13,Tier 2,Medium,Average,4,Call,Refused,Call,0
SFL108172,792991,656931,366,Tier 2,Medium,Poor,6,Field,Refused,Legal,0
SFL108173,990720,463665,105,Tier 2,Medium,Average,3,Call,Promised,Field,210374
SFL108174,1150586,662428,174,Tier 2,Medium,Average,6,Call,Promised,Legal,0
SFL108175,59876,22238,183,Tier 3,Low,Average,4,Call,Refused,Call,0
SFL108176,79822,44120,81,Tier 2,Medium,Average,3,Call,Paid,Field,10729
SFL108177,67983,34055,175,Tier 2,Low,Average,6,Field,Promised,Field,0
SFL108178,329424,100190,80,Tier 1,High,Average,4,Field,Promised,Call,73753
SFL108179,902828,359978,155,Tier 1,Medium,Average,2,Call,Promised,Call,187977
SFL108180,305439,140081,830,Tier 3,Low,Average,11,Call,Refused,Legal,0
SFL108181,62887,26481,279,Tier 3,High,Good,4,Call,No Response,Field,18031
SFL108182,53279,35493,62,Tier 2,Medium,Average,1,Field,No Response,Field,0
SFL108183,1102242,695964,2,Tier 1,Low,Good,5,Call,Paid,Legal,0
SFL108184,25726,24901,126,Tier 3,Low,Average,4,Call,Paid,Field,10969
SFL108185,23001,15810,559,Tier 2,Medium,Poor,7,Field,Paid,Legal,6224
SFL108186,488590,223420,144,Tier 1,Medium,Poor,8,Call,Promised,Call,0
SFL108187,35439,11972,115,Tier 2,Low,Good,4,Field,Refused,Field,0
SFL108188,404464,250389,733,Tier 2,Low,Good,1,Legal,No Response,Legal,134450
SFL108189,1099462,582466,121,Tier 3,Medium,Poor,4,Legal,No Response,Legal,0
SFL108190,74499,45611,272,Tier 3,Low,Good,5,Call,Paid,Field,44467
SFL108191,208562,169894,323,Tier 1,High,Average,5,Field,No Response,Call,0
SFL108192,68253,27348,578,Tier 2,Medium,Good,9,Call,Promised,Field,15796
SFL108193,197198,171003,489,Tier 1,Low,Average,4,Call,Promised,Call,0
SFL108194,260610,199191,78,Tier 2,Medium,Average,10,Legal,No Response,Field,0
SFL108195,20875,9540,167,Tier 1,Medium,Average,7,Call,No Response,Call,0
SFL108196,241662,95314,57,Tier 1,Medium,Good,17,Field,No Response,Call,0
SFL108197,67239,60539,31,Tier 1,High,Average,17,Call,No Response,Call,51601
SFL108198,493587,267669,102,Tier 2,Medium,Poor,1,Call,No Response,Call,0
SFL108199,712440,634263,67,Tier 1,Low,Poor,6,Legal,No Response,Field,0
SFL108200,20673,7348,103,Tier 2,Low,Average,5,Call,Promised,Field,6381
SFL108201,895178,548290,160,Tier 3,Low,Average,6,Legal,No Response,Field,0
SFL108202,349617,243477,345,Tier 2,Medium,Poor,7,Call,Refused,Call,0
SFL108203,287825,151399,244,Tier 1,Low,Average,6,Field,Refused,Legal,0
SFL108204,199399,81713,17,Tier 1,Low,Good,10,Call,No Response,Call,69987
SFL108205,11960,4066,54,Tier 3,Low,Average,10,Call,Refused,Field,1323
SFL108206,1116128,815261,284,Tier 3,Medium,Average,8,Call,No Response,Field,0
SFL108207,235796,134578,43,Tier 3,Low,Good,11,Call,Promised,Field,79631
SFL108208,25790,8133,276,Tier 2,Low,Poor,4,Call,Refused,Call,0
SFL108209,110324,100024,164,Tier 1,Medium,Poor,17,Call,No Response,Call,0
SFL108210,224985,134568,329,Tier 2,Medium,Average,10,Field,Promised,Legal,107062
SFL108211,362804,325766,85,Tier 3,High,Poor,1,Call,Promised,Legal,0
SFL108212,175432,155183,45,Tier 3,High,Good,3,Legal,Promised,Call,105138
SFL108213,185266,166996,167,Tier 3,High,Average,3,Field,No Response,Field,0
SFL108214,899360,662578,289,Tier 2,Medium,Good,7,Field,Promised,Call,453681
SFL108215,257859,190377,90,Tier 3,Low,Average,5,Call,No Response,Call,0
SFL108216,146560,137817,21,Tier 2,Medium,Average,9,Legal,Paid,Field,93460
SFL108217,664613,572771,98,Tier 1,Medium,Average,17,Call,No Response,Legal,0
SFL108218,156671,114512,197,Tier 1,Medium,Average,4,Call,Paid,Call,0
SFL108219,43127,37069,886,Tier 1,Low,Average,8,Call,Refused,Legal,0
SFL108220,34255,15760,11,Tier 1,Low,Average,4,Call,No Response,Call,13080
SFL108221,57178,46744,125,Tier 2,Medium,Average,1,Call,No Response,Call,40120
SFL108222,913154,831077,268,Tier 3,High,Good,9,Call,Paid,Field,726814
SFL108223,511423,359281,180,Tier 3,High,Average,13,Call,Promised,Field,235310
SFL108224,172172,100207,772,Tier 1,High,Good,19,Call,No Response,Call,0
SFL108225,458080,406284,217,Tier 2,High,Poor,8,Call,Refused,Call,0
SFL108226,24585,16612,434,Tier 2,High,Average,2,Field,Promised,Field,0
SFL108227,298472,113611,80,Tier 3,Low,Good,14,Call,Promised,Field,98689
SFL108228,13580,7945,198,Tier 2,Low,Poor,6,Field,Refused,Legal,0
SFL108229,62225,49371,839,Tier 1,Medium,Good,3,Legal,Paid,Legal,0
SFL108230,747596,571498,55,Tier 3,High,Poor,8,Call,Refused,Field,0
SFL108231,57507,32594,69,Tier 1,Low,Good,9,Field,Refused,Field,13970
SFL108232,36832,16317,33,Tier 1,Low,Poor,6,Call,Promised,Call,0
SFL108233,50220,30378,243,Tier 1,Medium,Average,3,Legal,Promised,Call,10967
SFL108234,26311,20840,249,Tier 2,Low,Poor,6,Call,No Response,Call,0
SFL108235,47079,45383,433,Tier 2,High,Poor,4,Call,No Response,Legal,16049
SFL108236,21677,10694,536,Tier 2,Low,Average,8,Call,Promised,Field,0
SFL108237,899428,385099,840,Tier 3,High,Poor,6,Call,Promised,Legal,0
SFL108238,66314,34809,7,Tier 2,Low,Poor,6,Field,No Response,Field,0
SFL108239,283058,250049,885,Tier 2,Medium,Poor,13,Field,Refused,Legal,0
SFL108240,71807,67113,184,Tier 3,Medium,Poor,4,Call,No Response,Field,0
SFL108241,236797,103694,199,Tier 3,Medium,Poor,4,Call,No Response,Field,0
SFL108242,52078,47271,260,Tier 3,High,Poor,4,Call,Refused,Call,0
SFL108243,214257,158027,67,Tier 2,Low,Poor,4,Call,No Response,Call,64409
SFL108244,23798,16458,21,Tier 2,Medium,Average,9,Call,No Response,Field,0
SFL108245,333258,300504,480,Tier 2,Medium,Average,11,Field,No Response,Legal,252779
SFL108246,169989,111075,114,Tier 2,Low,Average,3,Field,Refused,Call,0
SFL108247,44005,19590,1,Tier 3,Medium,Average,6,Legal,No Response,Call,15217
SFL108248,622017,241460,79,Tier 2,Low,Poor,19,Call,No Response,Legal,0
SFL108249,25331,13423,51,Tier 1,High,Poor,6,Field,Refused,Field,0
SFL108250,36272,31066,3,Tier 3,Medium,Average,19,Call,No Response,Field,9123
SFL108251,983018,946959,96,Tier 2,Medium,Average,15,Call,No Response,Field,496071
SFL108252,100694,95283,141,Tier 2,Low,Average,19,Call,Promised,Call,77443
SFL108253,142287,49505,112,Tier 2,Low,Average,2,Call,Refused,Field,0
SFL108254,34719,18580,528,Tier 2,Low,Average,4,Call,No Response,Field,0
SFL108255,73123,62257,240,Tier 1,Low,Poor,2,Call,No Response,Call,0
SFL108256,246609,167886,189,Tier 2,Low,Poor,1,Call,Refused,Field,0
SFL108257,69183,36445,71,Tier 3,Low,Poor,2,Call,Refused,Field,0
SFL108258,48413,28971,633,Tier 3,High,Poor,8,Call,No Response,Legal,0
SFL108259,14529,7898,309,Tier 3,Medium,Poor,9,Field,Refused,Field,0
SFL108260,996771,346611,896,Tier 2,Medium,Poor,6,Field,Promised,Call,0
SFL108261,218006,74956,32,Tier 1,Low,Average,5,Field,Refused,Call,22502
SFL108262,12287,3901,337,Tier 2,Low,Poor,4,Field,No Response,Field,0
SFL108263,30739,22837,725,Tier 1,Low,Good,6,Call,No Response,Field,0
SFL108264,40976,26145,510,Tier 2,Low,Poor,2,Call,Refused,Legal,0
SFL108265,172985,124047,227,Tier 1,Low,Average,4,Call,No Response,Call,0
SFL108266,31373,22803,184,Tier 1,High,Poor,5,Call,No Response,Call,0
SFL108267,87293,37956,33,Tier 2,Low,Average,5,Call,Promised,Field,18442
SFL108268,313073,165516,28,Tier 3,Low,Average,1,Legal,No Response,Field,0
SFL108269,268678,106897,112,Tier 1,Low,Average,10,Call,Promised,Call,39378
SFL108270,292404,244058,79,Tier 2,Low,Average,1,Field,Promised,Field,0
SFL108271,56324,41243,36,Tier 2,Low,Average,2,Call,Promised,Field,26172
SFL108272,230071,182483,279,Tier 2,Medium,Poor,7,Field,Refused,Call,0
SFL108273,750286,274634,168,Tier 3,Medium,Poor,7,Call,Refused,Legal,0
SFL108274,19357,13478,306,Tier 3,High,Poor,9,Legal,No Response,Field,0
SFL108275,108638,91180,167,Tier 3,Low,Poor,19,Legal,Refused,Field,0
SFL108276,60765,54913,18,Tier 3,High,Average,15,Call,No Response,Call,40117
SFL108277,326344,152589,155,Tier 3,Low,Poor,6,Call,No Response,Legal,55594
SFL108278,12841,10531,608,Tier 1,Low,Good,9,Field,Promised,Legal,0
SFL108279,1164238,385982,121,Tier 3,Low,Poor,11,Field,No Response,Call,0
SFL108280,197134,102290,265,Tier 2,High,Good,3,Field,No Response,Field,56176
SFL108281,25814,11739,467,Tier 2,Medium,Average,4,Call,No Response,Legal,0
SFL108282,216916,125716,868,Tier 2,Low,Poor,6,Legal,Promised,Legal,0
SFL108283,294855,162584,495,Tier 3,Low,Average,5,Field,Promised,Field,0
SFL108284,303310,218360,281,Tier 3,Low,Average,7,Field,Promised,Call,0
SFL108285,1048156,831661,65,Tier 3,High,Average,1,Call,Promised,Legal,0
SFL108286,1171221,784896,96,Tier 3,Medium,Good,10,Field,Promised,Legal,0
SFL108287,573717,381658,248,Tier 2,High,Average,5,Legal,Promised,Field,116017
SFL108288,14300,7909,800,Tier 3,Medium,Poor,1,Field,No Response,Call,0
SFL108289,577483,200373,2,Tier 1,Low,Average,2,Call,No Response,Call,94110
SFL108290,598881,455597,106,Tier 3,Low,Poor,2,Call,Promised,Call,0
SFL108291,321143,299336,130,Tier 1,Low,Average,4,Call,Refused,Legal,30144
SFL108292,273513,112933,464,Tier 3,Low,Poor,5,Call,No Response,Call,0
SFL108293,53387,27764,597,Tier 3,Medium,Average,2,Call,Promised,Field,0
SFL108294,773677,355310,139,Tier 1,Low,Good,6,Call,Promised,Call,0
SFL108295,19314,17019,91,Tier 2,Medium,Average,1,Call,Promised,Field,9418
SFL108296,558986,310885,185,Tier 2,Low,Average,7,Field,Paid,Legal,0
SFL108297,39239,36702,141,Tier 2,Medium,Average,5,Call,No Response,Field,8877
SFL108298,66693,23409,86,Tier 2,High,Average,6,Legal,Promised,Field,19685
SFL108299,30312,12512,312,Tier 2,Medium,Average,12,Call,Paid,Field,7433
SFL108300,37918,36359,170,Tier 3,Medium,Average,6,Call,Promised,Field,0
SFL108301,460109,253512,250,Tier 1,High,Poor,4,Legal,Promised,Call,0
SFL108302,58384,33889,141,Tier 2,Low,Average,19,Call,Promised,Field,0
SFL108303,327033,149875,123,Tier 1,Medium,Average,2,Field,Refused,Legal,0
SFL108304,746333,592559,479,Tier 3,Medium,Good,5,Call,Promised,Legal,0
SFL108305,1038030,628882,170,Tier 3,Medium,Good,1,Call,Refused,Field,0
SFL108306,48457,34637,188,Tier 3,Medium,Poor,10,Call,Paid,Field,0
SFL108307,35798,31261,335,Tier 3,Low,Average,3,Call,Paid,Field,0
SFL108308,260410,202444,35,Tier 2,Medium,Average,10,Legal,No Response,Field,0
SFL108309,58498,50986,120,Tier 2,High,Average,2,Field,Promised,Call,12702
SFL108310,21839,13683,120,Tier 3,Medium,Poor,5,Legal,Refused,Call,0
SFL108311,1011833,722923,44,Tier 2,Low,Average,5,Legal,No Response,Legal,0
SFL108312,533335,233441,248,Tier 3,Low,Poor,9,Field,Refused,Field,0
SFL108313,211901,67344,190,Tier 2,Medium,Good,14,Field,Promised,Call,53009
SFL108314,972869,609971,148,Tier 2,High,Average,1,Call,No Response,Call,0
SFL108315,14718,8415,201,Tier 2,Low,Poor,6,Legal,Refused,Field,0
SFL108316,15596,7301,170,Tier 3,Medium,Average,1,Call,Promised,Field,0
SFL108317,292416,222740,124,Tier 2,Low,Poor,15,Field,Refused,Field,0
SFL108318,23962,10545,26,Tier 1,Medium,Average,2,Call,Paid,Call,6168
SFL108319,19970,14395,33,Tier 3,Low,Poor,8,Call,Refused,Field,5968
SFL108320,23500,9948,90,Tier 1,Medium,Poor,9,Field,No Response,Field,0
SFL108321,44161,20176,110,Tier 2,Medium,Poor,6,Call,No Response,Field,2881
SFL108322,144495,134401,75,Tier 2,Medium,Average,20,Call,Refused,Field,42837
SFL108323,62108,38879,57,Tier 2,Low,Poor,10,Call,Refused,Field,0
SFL108324,45887,17095,93,Tier 1,Medium,Average,15,Legal,Paid,Call,4761
SFL108325,583834,552239,735,Tier 3,Medium,Average,3,Call,No Response,Field,0
SFL108326,1047852,957659,210,Tier 3,Low,Poor,4,Call,Promised,Legal,0
SFL108327,345363,209894,75,Tier 1,High,Average,9,Call,No Response,Call,0
SFL108328,33187,20868,216,Tier 1,Low,Good,17,Call,Paid,Field,20289
SFL108329,792283,547345,702,Tier 3,Low,Average,20,Field,Promised,Legal,0
SFL108330,145694,87627,180,Tier 1,Medium,Average,6,Field,Refused,Call,0
SFL108331,350857,138355,805,Tier 2,High,Average,6,Call,No Response,Field,0
SFL108332,23623,10158,109,Tier 1,Medium,Average,5,Call,Promised,Call,3309
SFL108333,121818,49178,59,Tier 2,Low,Average,5,Call,No Response,Call,33844
SFL108334,154171,131626,13,Tier 2,Low,Average,16,Call,No Response,Field,28875
SFL108335,53752,32961,275,Tier 2,Medium,Average,6,Call,Refused,Call,0
SFL108336,48182,43171,102,Tier 3,Low,Poor,6,Field,No Response,Call,22096
SFL108337,146925,61912,92,Tier 2,High,Good,1,Call,No Response,Field,43786
SFL108338,36085,15871,673,Tier 1,Medium,Average,8,Call,Refused,Legal,0
SFL108339,691549,342489,138,Tier 2,Medium,Average,20,Call,Promised,Field,0
SFL108340,100557,34218,155,Tier 2,Medium,Average,4,Field,Refused,Field,0
SFL108341,288598,211571,209,Tier 2,Low,Poor,5,Field,Paid,Field,0
SFL108342,68695,39939,42,Tier 1,High,Average,15,Call,Paid,Call,17455
SFL108343,15142,9556,108,Tier 1,Low,Average,1,Legal,Paid,Call,4714
SFL108344,41866,21686,242,Tier 2,High,Average,7,Field,Refused,Field,8837
SFL108345,48483,41558,261,Tier 3,Medium,Poor,9,Call,No Response,Field,0
SFL108346,237277,118530,161,Tier 1,Medium,Poor,1,Call,No Response,Call,0
SFL108347,978726,731359,352,Tier 2,High,Average,5,Call,Paid,Field,0
SFL108348,155586,122364,237,Tier 1,Medium,Poor,1,Call,No Response,Field,0
SFL108349,867761,716228,77,Tier 3,Low,Good,3,Field,No Response,Call,640593
SFL108350,28252,25398,311,Tier 2,Medium,Average,7,Legal,No Response,Field,0
SFL108351,1136185,774129,40,Tier 3,Medium,Average,14,Call,Refused,Field,0
SFL108352,16085,11277,857,Tier 1,Low,Poor,10,Field,Promised,Field,0
SFL108353,59065,47539,173,Tier 1,Low,Poor,2,Call,No Response,Call,0
SFL108354,840219,762237,100,Tier 1,Medium,Poor,8,Call,Refused,Call,0
SFL108355,306650,164910,320,Tier 1,Medium,Average,5,Call,Paid,Call,0
SFL108356,44052,35932,193,Tier 3,Low,Average,4,Field,Refused,Call,0
SFL108357,98415,31838,242,Tier 1,Low,Average,1,Call,No Response,Field,0
SFL108358,60065,18951,108,Tier 2,High,Average,2,Call,Refused,Call,0
SFL108359,27163,24394,237,Tier 1,Low,Poor,6,Call,No Response,Field,0
SFL108360,142959,101675,201,Tier 2,Low,Good,4,Call,Paid,Field,89653
SFL108361,122487,107430,75,Tier 2,Low,Average,19,Call,Promised,Field,0
SFL108362,923317,371359,87,Tier 1,Low,Poor,20,Call,Refused,Field,0
SFL108363,46812,39099,390,Tier 2,Low,Good,10,Legal,Refused,Field,0
SFL108364,1175868,385608,315,Tier 1,High,Good,1,Call,No Response,Call,323445
SFL108365,67635,31674,169,Tier 3,Medium,Average,13,Call,Refused,Field,0
SFL108366,74128,28491,110,Tier 1,Medium,Poor,9,Call,Promised,Field,0
SFL108367,925146,534700,252,Tier 3,Medium,Average,7,Field,No Response,Field,136110
SFL108368,57694,21708,99,Tier 3,Low,Average,2,Field,Refused,Field,0
SFL108369,50091,21170,266,Tier 2,Low,Average,5,Call,Paid,Field,11558
SFL108370,341023,271911,125,Tier 3,Medium,Good,6,Call,Refused,Call,0
SFL108371,809051,466427,462,Tier 3,Low,Poor,6,Call,Refused,Field,0
SFL108372,317530,103743,72,Tier 3,High,Poor,4,Call,No Response,Call,20380
SFL108373,568905,320508,411,Tier 3,Low,Average,10,Field,Promised,Field,0
SFL108374,149768,97250,228,Tier 1,High,Average,4,Call,No Response,Call,23518
SFL108375,27776,20425,9,Tier 3,Medium,Average,3,Call,No Response,Field,12028
SFL108376,24388,21822,131,Tier 2,High,Good,9,Call,No Response,Field,7073
SFL108377,124171,109097,58,Tier 3,Low,Poor,17,Legal,Refused,Legal,0
SFL108378,11166,9815,326,Tier 3,Medium,Good,9,Call,No Response,Field,0
SFL108379,299351,202918,540,Tier 2,Low,Average,4,Legal,Refused,Call,0
SFL108380,11958,6446,497,Tier 3,Medium,Poor,3,Call,No Response,Legal,0
SFL108381,487259,169528,415,Tier 2,High,Average,4,Call,No Response,Legal,0
SFL108382,279689,173366,173,Tier 1,Medium,Average,5,Field,Refused,Call,0
SFL108383,65707,55303,107,Tier 2,Medium,Average,2,Call,Promised,Field,0
SFL108384,72673,28346,531,Tier 3,Medium,Average,5,Call,Promised,Field,8500
SFL108385,251669,132072,240,Tier 2,Medium,Poor,6,Field,No Response,Call,0
SFL108386,48659,34763,93,Tier 1,High,Average,7,Call,Promised,Call,0
SFL108387,60082,26175,70,Tier 2,Low,Poor,3,Field,No Response,Field,0
SFL108388,13842,13268,289,Tier 3,Low,Average,5,Call,Refused,Field,7840
SFL108389,136271,67108,226,Tier 2,Low,Poor,4,Call,Promised,Field,0
SFL108390,62669,58749,222,Tier 1,Low,Average,7,Call,Promised,Call,0
SFL108391,43100,33449,873,Tier 1,Medium,Average,9,Call,Refused,Call,0
SFL108392,301619,241064,353,Tier 2,Medium,Average,11,Call,No Response,Call,0
SFL108393,71455,60428,217,Tier 2,Low,Poor,18,Call,No Response,Legal,0
SFL108394,59338,20455,333,Tier 3,Low,Poor,6,Call,Promised,Call,0
SFL108395,727443,545256,345,Tier 1,Low,Average,7,Field,Promised,Call,217529
SFL108396,195086,98284,747,Tier 2,Low,Good,7,Field,Refused,Field,0
SFL108397,290827,215703,318,Tier 1,High,Average,4,Call,No Response,Call,0
SFL108398,73404,29570,717,Tier 3,Low,Average,8,Field,Paid,Field,0
SFL108399,99650,49458,490,Tier 3,High,Poor,9,Call,No Response,Field,0
SFL108400,51130,26205,856,Tier 2,Low,Poor,2,Call,No Response,Call,0
SFL108401,1004820,806088,404,Tier 3,Medium,Poor,18,Call,Paid,Field,0
SFL108402,68210,28566,866,Tier 2,Medium,Poor,6,Call,No Response,Legal,0
SFL108403,148187,52440,865,Tier 2,Low,Poor,5,Call,Refused,Call,0
SFL108404,50536,16605,176,Tier 2,High,Average,10,Field,Paid,Call,0
SFL108405,200092,95222,144,Tier 1,Low,Average,4,Legal,No Response,Call,53027
SFL108406,247105,104279,60,Tier 1,Medium,Average,1,Call,Refused,Call,54096
SFL108407,499208,396822,205,Tier 1,Low,Poor,8,Field,No Response,Call,0
SFL108408,141466,47426,6,Tier 1,Low,Poor,8,Call,Refused,Call,14920
SFL108409,32105,19601,258,Tier 1,Low,Poor,9,Field,No Response,Call,0
SFL108410,112680,45669,214,Tier 2,Low,Average,3,Call,Promised,Field,21018
SFL108411,284772,203279,38,Tier 1,Low,Good,9,Legal,Paid,Call,109771
SFL108412,145679,63924,150,Tier 2,Medium,Good,6,Call,Promised,Field,57982
SFL108413,33093,28292,886,Tier 2,Low,Average,8,Legal,No Response,Legal,0
SFL108414,1023037,801272,85,Tier 2,Medium,Average,5,Field,No Response,Field,238840
SFL108415,88365,38154,250,Tier 2,Low,Average,4,Field,Paid,Field,32891
SFL108416,1083551,613542,760,Tier 2,Low,Poor,1,Field,Promised,Field,0
SFL108417,35843,32059,409,Tier 3,Medium,Average,15,Field,Refused,Legal,0
SFL108418,201234,156791,344,Tier 3,Low,Poor,11,Field,Refused,Call,0
SFL108419,108116,73109,206,Tier 2,High,Average,5,Call,Paid,Field,0
SFL108420,416415,254555,126,Tier 1,Low,Average,14,Call,Promised,Field,179419
SFL108421,270157,153529,111,Tier 2,High,Average,7,Call,No Response,Field,0
SFL108422,291210,89817,158,Tier 2,Low,Average,3,Call,No Response,Call,0
SFL108423,1073606,732245,4,Tier 1,Medium,Good,19,Field,Paid,Field,511017
SFL108424,954438,819870,10,Tier 2,High,Average,5,Field,Refused,Field,338693
SFL108425,97961,63969,35,Tier 1,High,Poor,1,Legal,No Response,Call,24756
SFL108426,682703,349840,7,Tier 2,Medium,Average,6,Field,Refused,Field,0
SFL108427,241639,164916,71,Tier 1,Medium,Poor,1,Call,Refused,Call,0
SFL108428,26820,14675,487,Tier 2,High,Poor,10,Call,Refused,Field,0
SFL108429,97422,56226,180,Tier 2,Medium,Average,18,Field,Promised,Call,0
SFL108430,112245,108432,102,Tier 2,Low,Poor,15,Legal,No Response,Legal,52026
SFL108431,719875,589599,214,Tier 2,Medium,Average,1,Call,Promised,Call,513072
SFL108432,1070513,416885,92,Tier 3,Low,Good,5,Call,Promised,Field,238157
SFL108433,90173,60039,74,Tier 2,Low,Poor,6,Call,No Response,Field,0
SFL108434,52446,44737,97,Tier 3,High,Poor,10,Call,No Response,Call,0
SFL108435,156705,142106,486,Tier 3,Low,Average,8,Call,Refused,Legal,0
SFL108436,884351,415569,229,Tier 3,High,Average,4,Call,No Response,Call,0
SFL108437,157461,64385,466,Tier 3,Low,Average,9,Legal,Promised,Legal,0
SFL108438,1142153,926858,1,Tier 3,Medium,Average,16,Field,Refused,Call,0
SFL108439,1086756,637815,286,Tier 3,Low,Good,6,Field,No Response,Call,0
SFL108440,63116,51550,309,Tier 2,Medium,Poor,12,Call,No Response,Call,0
SFL108441,993335,603081,86,Tier 3,Medium,Poor,15,Field,Promised,Call,0
SFL108442,56196,50888,312,Tier 1,Medium,Poor,5,Call,Refused,Field,0
SFL108443,319090,112096,317,Tier 1,Low,Average,12,Field,No Response,Call,0
SFL108444,58656,33268,193,Tier 1,Low,Poor,3,Call,Refused,Call,0
SFL108445,344833,164751,152,Tier 2,Low,Average,4,Call,No Response,Field,0
SFL108446,50641,31162,78,Tier 2,Low,Poor,6,Call,Refused,Call,0
SFL108447,65838,34325,81,Tier 2,Low,Poor,10,Call,Refused,Field,0
SFL108448,1039644,978048,257,Tier 2,Medium,Poor,5,Call,Promised,Call,0
SFL108449,302361,149245,154,Tier 1,Low,Poor,10,Legal,No Response,Call,82023
SFL108450,37174,30004,188,Tier 2,Low,Average,10,Field,Promised,Field,0
SFL108451,251281,179956,102,Tier 3,Medium,Good,7,Field,Refused,Legal,45933
SFL108452,261490,174644,186,Tier 3,Low,Poor,1,Field,No Response,Call,58903
SFL108453,53661,35206,77,Tier 3,Low,Average,14,Call,Promised,Field,17341
SFL108454,59742,49988,341,Tier 1,Medium,Average,7,Field,Paid,Field,0
SFL108455,71620,61316,206,Tier 3,Low,Average,2,Call,Promised,Call,0
SFL108456,175194,141133,217,Tier 1,Low,Average,15,Call,No Response,Call,0
SFL108457,114727,69925,287,Tier 3,Medium,Average,2,Field,No Response,Call,50000
SFL108458,173409,70282,75,Tier 3,Low,Average,10,Call,Refused,Field,33165
SFL108459,648615,477765,35,Tier 2,High,Good,5,Field,Promised,Field,363463
SFL108460,307309,117174,534,Tier 2,Low,Poor,3,Call,Refused,Legal,0
SFL108461,10733,8118,37,Tier 2,Medium,Poor,8,Field,No Response,Call,1313
SFL108462,21882,13765,684,Tier 2,Low,Average,3,Call,Promised,Legal,4347
SFL108463,94179,70761,425,Tier 2,Low,Average,4,Call,No Response,Legal,0
SFL108464,1021620,586861,37,Tier 2,Low,Average,10,Call,No Response,Field,0
SFL108465,11573,10050,141,Tier 3,Low,Poor,6,Field,No Response,Call,0
SFL108466,201674,142660,214,Tier 3,Low,Poor,15,Legal,Refused,Call,0
SFL108467,1144736,801813,157,Tier 3,Low,Average,5,Call,Promised,Call,0
SFL108468,65766,28352,238,Tier 3,Low,Average,3,Call,Refused,Field,8608
SFL108469,10385,4653,186,Tier 1,Low,Average,10,Legal,Refused,Call,1923
SFL108470,197683,66053,127,Tier 2,Low,Average,19,Legal,Promised,Call,0
SFL108471,62192,54932,56,Tier 1,Low,Average,1,Call,No Response,Call,0
SFL108472,753037,319336,268,Tier 1,Medium,Average,5,Call,No Response,Call,104356
SFL108473,184452,105216,20,Tier 1,Low,Average,8,Call,Refused,Field,18345
SFL108474,295453,130109,632,Tier 3,Low,Average,3,Call,Refused,Field,35889
SFL108475,167093,92320,639,Tier 1,Low,Average,6,Field,Refused,Legal,0
SFL108476,51990,21521,217,Tier 1,High,Poor,7,Call,Refused,Call,0
SFL108477,474352,417905,158,Tier 1,Medium,Poor,4,Field,No Response,Field,0
SFL108478,37383,25067,18,Tier 3,High,Good,1,Field,No Response,Field,13717
SFL108479,222884,135324,281,Tier 3,Low,Poor,2,Legal,Refused,Call,0
SFL108480,312398,185148,20,Tier 3,Low,Poor,14,Field,Refused,Call,0
SFL108481,204873,120505,214,Tier 3,Medium,Poor,6,Field,Promised,Field,0
SFL108482,12337,9793,155,Tier 1,Medium,Average,12,Field,No Response,Legal,0
SFL108483,27424,13663,145,Tier 2,High,Average,8,Legal,Refused,Field,3677
SFL108484,1125738,494505,124,Tier 3,Low,Poor,10,Call,No Response,Call,0
SFL108485,218409,153450,185,Tier 3,Medium,Good,9,Field,Promised,Field,142576
SFL108486,483501,406896,276,Tier 2,High,Average,7,Field,No Response,Call,0
SFL108487,60470,45299,266,Tier 1,Medium,Average,17,Call,Refused,Call,0
SFL108488,43001,30967,499,Tier 2,Low,Average,10,Field,Refused,Call,0
SFL108489,27034,12936,239,Tier 1,Medium,Poor,8,Call,No Response,Legal,0
SFL108490,1073184,404942,195,Tier 2,Medium,Average,10,Call,Promised,Field,276802
SFL108491,67519,41557,56,Tier 3,High,Poor,2,Call,Refused,Call,0
SFL108492,54259,50657,53,Tier 3,Low,Average,3,Call,No Response,Field,33878
SFL108493,27138,17536,827,Tier 3,High,Average,4,Field,Promised,Field,0
SFL108494,91330,41580,131,Tier 1,High,Average,3,Call,No Response,Call,34972
SFL108495,24971,8663,153,Tier 1,Medium,Good,10,Call,Paid,Call,6341
SFL108496,82944,32298,118,Tier 1,High,Good,6,Call,Promised,Call,29999
SFL108497,130479,126521,276,Tier 2,Low,Average,3,Call,Refused,Field,0
SFL108498,1015452,887764,43,Tier 1,Low,Poor,6,Field,No Response,Call,0
SFL108499,41717,24091,44,Tier 2,High,Average,8,Field,Promised,Field,11387
SFL108500,285417,127563,736,Tier 1,Low,Poor,5,Call,No Response,Call,0
SFL108501,54308,36945,47,Tier 2,Medium,Poor,6,Legal,No Response,Legal,0
SFL108502,74106,40849,170,Tier 1,High,Average,7,Call,No Response,Call,0
SFL108503,1098914,1028579,732,Tier 2,Low,Average,8,Field,No Response,Legal,871230
SFL108504,25314,8643,13,Tier 2,Medium,Average,9,Field,Refused,Field,0
SFL108505,257616,173597,486,Tier 3,High,Poor,1,Call,No Response,Call,0
SFL108506,112138,68426,4,Tier 2,Low,Poor,3,Field,No Response,Call,0
SFL108507,43759,19516,274,Tier 1,Low,Average,7,Field,No Response,Call,0
SFL108508,12429,7675,29,Tier 1,Medium,Average,2,Field,No Response,Call,2759
SFL108509,22570,21416,362,Tier 3,Medium,Good,1,Call,Promised,Field,13633
SFL108510,20227,8080,36,Tier 3,Low,Poor,5,Field,Promised,Field,0
SFL108511,144636,130836,137,Tier 3,High,Poor,5,Call,Refused,Field,0
SFL108512,908824,874977,207,Tier 1,Low,Average,11,Call,No Response,Call,634654
SFL108513,36142,30301,292,Tier 2,Medium,Poor,1,Field,Refused,Call,5391
SFL108514,40302,25152,16,Tier 1,Medium,Average,10,Call,No Response,Call,12352
SFL108515,979008,815503,401,Tier 1,Medium,Average,7,Call,Promised,Call,0
SFL108516,71208,57571,136,Tier 1,Low,Average,4,Field,Refused,Call,0
SFL108517,363428,148449,163,Tier 3,Low,Good,5,Call,Promised,Field,125813
SFL108518,274077,253077,3,Tier 1,High,Average,6,Legal,No Response,Call,215326
SFL108519,1048072,730602,9,Tier 3,Low,Average,13,Call,No Response,Field,0
SFL108520,44600,33275,134,Tier 3,High,Average,2,Call,No Response,Call,24428
SFL108521,269646,205442,246,Tier 3,Medium,Good,5,Call,No Response,Call,109787
SFL108522,334700,309122,36,Tier 3,High,Average,3,Field,Refused,Field,0
SFL108523,48808,16048,347,Tier 3,Low,Average,3,Call,Promised,Legal,0
SFL108524,53768,39709,22,Tier 2,High,Poor,5,Field,Refused,Call,0
SFL108525,42863,13543,160,Tier 3,Medium,Poor,1,Call,Promised,Call,0
SFL108526,280124,97523,594,Tier 2,Medium,Poor,1,Legal,Promised,Legal,38082
SFL108527,907557,800658,129,Tier 1,Low,Poor,15,Call,Refused,Field,0
SFL108528,195522,100904,79,Tier 1,Medium,Average,3,Legal,Paid,Field,0
SFL108529,842288,537473,102,Tier 2,High,Poor,3,Call,Promised,Call,0
SFL108530,573324,255981,41,Tier 2,Medium,Average,5,Field,No Response,Field,123118
SFL108531,207800,175393,246,Tier 3,Medium,Poor,1,Call,Refused,Call,0
SFL108532,19580,16696,720,Tier 2,High,Poor,1,Call,No Response,Legal,0
SFL108533,22298,11334,660,Tier 1,Medium,Average,8,Call,No Response,Call,0
SFL108534,29603,9498,123,Tier 2,Low,Poor,2,Field,No Response,Call,0
SFL108535,154908,102085,57,Tier 3,Low,Good,6,Call,Promised,Field,0
SFL108536,87389,44502,157,Tier 1,Low,Good,14,Field,Paid,Call,43053
SFL108537,212787,175781,810,Tier 3,Low,Average,1,Call,No Response,Field,0
SFL108538,43097,24400,68,Tier 3,Low,Good,5,Call,Paid,Call,24276
SFL108539,184411,163617,283,Tier 2,Low,Average,11,Field,No Response,Call,0
SFL108540,51454,49152,115,Tier 2,Low,Average,7,Call,Promised,Field,17744
SFL108541,443641,304503,32,Tier 1,Medium,Average,3,Field,Paid,Call,99682
SFL108542,245326,150923,173,Tier 1,High,Poor,5,Field,Refused,Field,0
SFL108543,10163,3307,4,Tier 2,Low,Poor,1,Legal,No Response,Call,0
SFL108544,260991,224870,22,Tier 2,High,Poor,10,Field,No Response,Call,95689
SFL108545,307978,130355,621,Tier 3,Medium,Average,9,Call,Promised,Legal,0
SFL108546,158288,102478,614,Tier 2,Low,Poor,4,Call,Refused,Legal,16573
SFL108547,20284,18804,360,Tier 1,Medium,Good,4,Field,No Response,Field,0
SFL108548,63753,23686,64,Tier 3,Low,Average,5,Field,No Response,Legal,0
SFL108549,44125,26421,560,Tier 3,Medium,Poor,5,Field,No Response,Call,0
SFL108550,11377,9992,287,Tier 1,Low,Poor,6,Call,Promised,Call,3547
SFL108551,331001,317405,362,Tier 2,Medium,Average,10,Call,Promised,Call,123516
SFL108552,50294,30746,654,Tier 3,Low,Good,1,Call,No Response,Field,0
SFL108553,42651,32463,142,Tier 3,Low,Poor,10,Field,No Response,Field,0
SFL108554,331925,311268,325,Tier 3,Low,Average,2,Legal,Promised,Field,0
SFL108555,1167204,839339,182,Tier 2,High,Average,5,Call,Promised,Call,0
SFL108556,277748,138657,168,Tier 3,Medium,Good,5,Call,Promised,Field,89748
SFL108557,21763,9654,144,Tier 2,Low,Average,6,Field,No Response,Field,0
SFL108558,32282,25861,285,Tier 1,Low,Average,6,Call,No Response,Field,0
SFL108559,315308,250776,774,Tier 1,Medium,Poor,3,Call,Refused,Call,0
SFL108560,44652,23240,100,Tier 2,Medium,Good,20,Call,Paid,Field,0
SFL108561,256830,107173,198,Tier 1,High,Good,13,Field,Promised,Call,95895
SFL108562,213352,104886,39,Tier 1,Low,Average,9,Field,No Response,Call,0
SFL108563,29939,20414,98,Tier 3,Low,Average,8,Call,Promised,Legal,0
SFL108564,1106461,646614,238,Tier 2,Low,Average,13,Call,Promised,Field,0
SFL108565,12899,11529,90,Tier 3,High,Average,4,Field,Refused,Field,3030
SFL108566,54519,51723,120,Tier 3,High,Poor,2,Legal,Refused,Call,0
SFL108567,14415,13901,246,Tier 2,High,Good,7,Field,Paid,Call,7390
SFL108568,15957,7213,235,Tier 2,Medium,Average,4,Call,Paid,Call,0
SFL108569,50007,41075,730,Tier 2,Low,Poor,2,Call,No Response,Legal,0
SFL108570,1106253,451229,36,Tier 2,Medium,Average,9,Call,Paid,Field,279454
SFL108571,41078,17287,133,Tier 3,Medium,Average,10,Legal,Promised,Field,0
SFL108572,265821,91103,347,Tier 2,Low,Average,6,Field,Paid,Field,0
SFL108573,137976,119423,32,Tier 2,Medium,Good,6,Field,No Response,Field,36154
SFL108574,26867,9507,331,Tier 2,Low,Good,7,Call,Paid,Field,6452
SFL108575,515929,314149,140,Tier 2,Low,Average,8,Field,No Response,Field,277556
SFL108576,52573,36063,108,Tier 2,Low,Average,8,Call,Promised,Field,0
SFL108577,37894,22900,14,Tier 3,High,Average,5,Call,Refused,Call,0
SFL108578,35358,34293,666,Tier 3,Medium,Poor,1,Call,No Response,Legal,0
SFL108579,144667,64807,522,Tier 2,Low,Average,6,Field,No Response,Legal,0
SFL108580,1009570,547648,136,Tier 3,Medium,Average,15,Field,No Response,Field,0
SFL108581,59958,35688,1,Tier 1,Low,Poor,10,Call,No Response,Call,0
SFL108582,300723,280652,43,Tier 1,Low,Average,9,Call,No Response,Field,0
SFL108583,29705,9590,232,Tier 2,Low,Average,2,Call,Promised,Call,0
SFL108584,47599,36675,173,Tier 2,Medium,Average,9,Call,Refused,Field,0
SFL108585,234613,117381,201,Tier 2,Medium,Poor,10,Call,No Response,Call,0
SFL108586,30177,15584,568,Tier 3,High,Average,1,Field,No Response,Field,0
SFL108587,175848,95424,176,Tier 1,Low,Average,7,Call,No Response,Legal,0
SFL108588,898734,700679,77,Tier 2,Low,Poor,6,Call,No Response,Call,0
SFL108589,147037,104009,49,Tier 1,Low,Poor,17,Call,No Response,Call,18177
SFL108590,51850,17793,519,Tier 2,Medium,Average,1,Call,No Response,Field,15198
SFL108591,319728,129280,112,Tier 3,Low,Poor,7,Call,Paid,Legal,0
SFL108592,58163,47514,195,Tier 3,Medium,Average,9,Legal,Promised,Call,32658
SFL108593,39130,26135,239,Tier 2,Medium,Average,10,Field,No Response,Field,0
SFL108594,39179,34505,79,Tier 3,Low,Average,5,Field,No Response,Field,0
SFL108595,30940,25967,76,Tier 3,Medium,Poor,5,Call,Refused,Call,0
SFL108596,1023474,330967,157,Tier 3,Medium,Poor,3,Legal,No Response,Field,120118
SFL108597,57253,17572,85,Tier 2,Low,Average,2,Call,Refused,Field,0
SFL108598,1000796,644701,72,Tier 3,Medium,Poor,5,Call,Promised,Field,0
SFL108599,62412,29705,346,Tier 2,Medium,Average,6,Call,Promised,Call,0
SFL108600,174883,149199,124,Tier 2,Low,Average,2,Legal,No Response,Legal,0
SFL108601,52983,46354,428,Tier 3,Medium,Average,5,Field,Promised,Call,0
SFL108602,115954,77199,155,Tier 2,Low,Poor,5,Call,No Response,Call,0
SFL108603,63737,29170,754,Tier 2,Low,Average,9,Call,Refused,Legal,0
SFL108604,43478,27418,133,Tier 1,Medium,Good,8,Field,Paid,Field,19036
SFL108605,49513,40683,92,Tier 2,Low,Average,6,Call,Refused,Call,0
SFL108606,284539,237961,7,Tier 2,Low,Average,5,Field,No Response,Call,0
SFL108607,32863,19305,79,Tier 2,High,Average,9,Call,No Response,Legal,0
SFL108608,26779,18332,137,Tier 1,Medium,Poor,4,Call,No Response,Call,0
SFL108609,69868,50621,169,Tier 3,Low,Poor,10,Legal,Refused,Legal,0
SFL108610,621791,206863,94,Tier 1,Medium,Average,4,Call,Promised,Call,0
SFL108611,57369,53973,245,Tier 2,Medium,Average,3,Field,No Response,Call,23487
SFL108612,336765,229741,533,Tier 1,Low,Poor,17,Call,No Response,Legal,0
SFL108613,22221,20435,174,Tier 2,Low,Poor,3,Call,No Response,Call,3551
SFL108614,87904,66646,83,Tier 3,Medium,Poor,6,Call,No Response,Call,35224
SFL108615,1181380,638688,212,Tier 2,Low,Poor,6,Call,Refused,Call,0
SFL108616,805859,401970,153,Tier 3,Low,Good,4,Call,Refused,Field,0
SFL108617,772961,682398,86,Tier 1,High,Poor,3,Field,Refused,Field,0
SFL108618,234977,138292,2,Tier 3,High,Average,1,Legal,Promised,Legal,114852
SFL108619,64077,29124,363,Tier 2,Low,Average,4,Call,Promised,Field,0
SFL108620,214633,196628,605,Tier 3,Low,Poor,11,Call,No Response,Field,0
SFL108621,55927,33503,663,Tier 2,Low,Poor,3,Call,Promised,Call,0
SFL108622,19852,18295,194,Tier 1,Low,Average,16,Call,No Response,Call,0
SFL108623,15089,12752,157,Tier 2,Medium,Average,7,Call,Promised,Call,0
SFL108624,272852,151384,231,Tier 2,Medium,Good,1,Legal,Refused,Field,33836
SFL108625,24031,20432,297,Tier 2,Medium,Average,3,Call,Promised,Field,14740
SFL108626,57029,29531,216,Tier 3,Medium,Poor,1,Call,Refused,Call,0
SFL108627,292987,90686,189,Tier 2,High,Average,1,Call,Promised,Field,52143
SFL108628,39121,30433,539,Tier 2,Medium,Poor,3,Legal,Refused,Call,0
SFL108629,851784,280278,33,Tier 1,Low,Poor,3,Call,No Response,Field,0
SFL108630,31462,17239,251,Tier 3,Low,Average,16,Call,Promised,Field,0
SFL108631,48913,19460,753,Tier 3,Low,Poor,7,Call,Promised,Legal,0
SFL108632,17846,17293,110,Tier 2,High,Average,6,Call,Refused,Field,0
SFL108633,1053003,406759,245,Tier 1,Low,Poor,5,Field,No Response,Call,0
SFL108634,64675,41082,520,Tier 2,Medium,Average,6,Call,Paid,Legal,24770
SFL108635,207258,170139,51,Tier 3,Medium,Good,4,Field,No Response,Field,75817
SFL108636,553547,451790,58,Tier 1,Medium,Poor,4,Call,Refused,Call,0
SFL108637,61500,19204,684,Tier 1,Medium,Average,5,Call,Refused,Legal,0
SFL108638,59672,29241,240,Tier 1,Low,Good,4,Call,Paid,Call,28883
SFL108639,382867,198317,533,Tier 2,Medium,Poor,6,Call,No Response,Legal,0
SFL108640,804232,352232,104,Tier 2,Medium,Poor,6,Call,No Response,Field,0
SFL108641,307699,243293,43,Tier 2,High,Average,3,Field,Refused,Field,0
SFL108642,357383,241104,154,Tier 3,Low,Poor,9,Field,Refused,Call,0
SFL108643,112062,57956,180,Tier 1,High,Poor,16,Legal,Promised,Call,0
SFL108644,36640,21361,304,Tier 1,High,Poor,6,Call,No Response,Field,0
SFL108645,180891,171308,33,Tier 2,Medium,Poor,7,Call,Refused,Field,0
SFL108646,44461,38661,101,Tier 1,Medium,Poor,5,Call,No Response,Legal,0
SFL108647,10535,9652,407,Tier 3,Medium,Good,6,Field,Paid,Call,6056
SFL108648,359932,310146,202,Tier 2,Low,Average,8,Call,Refused,Legal,0
SFL108649,957423,602202,50,Tier 1,High,Average,7,Call,Paid,Call,413612
SFL108650,1155914,563170,59,Tier 1,High,Average,8,Call,No Response,Call,472380
SFL108651,54281,48416,217,Tier 3,High,Average,2,Call,No Response,Call,36999
SFL108652,1129818,563829,118,Tier 3,Low,Good,1,Field,Paid,Call,440883
SFL108653,255243,85750,150,Tier 1,High,Average,2,Call,Promised,Call,35432
SFL108654,62327,54194,148,Tier 2,High,Average,8,Call,Paid,Field,36969
SFL108655,350264,225437,107,Tier 2,Medium,Poor,8,Call,Paid,Field,0
SFL108656,27730,25477,237,Tier 2,High,Average,2,Call,Paid,Call,13166
SFL108657,71013,28751,29,Tier 3,Medium,Average,3,Field,Refused,Field,0
SFL108658,302173,141132,1,Tier 3,Medium,Average,20,Legal,Refused,Field,0
SFL108659,52961,50945,23,Tier 2,Low,Average,15,Call,Promised,Legal,16122
SFL108660,911649,718282,630,Tier 3,Low,Good,14,Call,Paid,Legal,629091
SFL108661,40226,17717,269,Tier 3,Low,Poor,18,Field,No Response,Call,0
SFL108662,111115,105928,47,Tier 1,Low,Poor,16,Call,No Response,Call,0
SFL108663,914375,586878,258,Tier 2,Medium,Average,4,Legal,Promised,Call,0
SFL108664,109987,85434,23,Tier 2,High,Poor,8,Legal,Refused,Field,32810
SFL108665,769348,675034,341,Tier 1,Medium,Average,6,Call,No Response,Legal,452489
SFL108666,38795,26978,342,Tier 2,Low,Poor,2,Call,No Response,Field,0
SFL108667,55906,53405,546,Tier 2,High,Average,1,Call,No Response,Field,0
SFL108668,298293,267517,131,Tier 2,Medium,Average,6,Call,No Response,Field,232484
SFL108669,107485,89991,20,Tier 1,Low,Poor,1,Call,Promised,Call,0
SFL108670,303371,170022,456,Tier 3,Medium,Average,8,Call,Refused,Legal,0
SFL108671,849650,438619,94,Tier 2,Low,Good,7,Field,Promised,Field,364989
SFL108672,274079,138589,169,Tier 2,Low,Poor,3,Field,Refused,Legal,0
SFL108673,16021,5842,92,Tier 2,Medium,Average,17,Field,No Response,Field,0
SFL108674,15372,6617,820,Tier 2,Low,Good,9,Field,Paid,Field,6348
SFL108675,65940,33215,248,Tier 1,High,Poor,20,Legal,No Response,Field,0
SFL108676,336264,202751,528,Tier 2,Low,Average,2,Call,No Response,Legal,0
SFL108677,80210,51741,67,Tier 3,Low,Good,4,Call,Promised,Field,46141
SFL108678,15437,9241,108,Tier 3,High,Poor,2,Call,Refused,Field,0
SFL108679,279114,86295,101,Tier 2,Low,Average,7,Call,No Response,Field,65838
SFL108680,341815,259155,308,Tier 1,Medium,Average,5,Field,Promised,Legal,0
SFL108681,244192,96568,478,Tier 1,Medium,Average,4,Field,Paid,Call,54547
SFL108682,108108,103181,91,Tier 1,Low,Average,5,Legal,Promised,Legal,34649
SFL108683,65085,19767,244,Tier 3,Medium,Poor,1,Call,No Response,Call,9499
SFL108684,874240,776047,366,Tier 2,Medium,Average,8,Call,Promised,Field,0
SFL108685,327425,289440,287,Tier 1,Medium,Average,4,Call,Paid,Call,121421
SFL108686,33048,21817,93,Tier 3,Medium,Average,2,Call,No Response,Field,0
SFL108687,366392,115627,163,Tier 1,Medium,Average,4,Legal,No Response,Call,88120
SFL108688,349877,207751,129,Tier 2,Medium,Poor,2,Call,Refused,Call,0
SFL108689,321903,298166,278,Tier 3,Low,Good,14,Field,No Response,Field,0
SFL108690,28764,24878,233,Tier 2,Medium,Poor,3,Call,No Response,Call,0
SFL108691,277891,86986,485,Tier 1,Low,Good,15,Call,Promised,Legal,0
SFL108692,39481,18818,152,Tier 3,Low,Average,2,Call,Refused,Call,0
SFL108693,998126,477060,197,Tier 2,Medium,Poor,1,Call,Promised,Field,0
SFL108694,113694,99638,130,Tier 3,Low,Average,1,Call,No Response,Field,0
SFL108695,63282,34719,12,Tier 1,Low,Poor,10,Call,No Response,Call,0
SFL108696,125918,54356,92,Tier 3,Low,Poor,10,Call,Refused,Field,0
SFL108697,205455,124657,343,Tier 3,High,Poor,8,Call,Promised,Call,47235
SFL108698,78442,71514,309,Tier 2,High,Average,3,Call,Promised,Field,0
SFL108699,21285,20025,852,Tier 2,Low,Good,17,Legal,Refused,Legal,0
SFL108700,278184,162634,150,Tier 2,Medium,Average,2,Call,Paid,Call,142891
SFL108701,332294,305318,318,Tier 3,Low,Average,4,Field,No Response,Legal,0
SFL108702,15298,12513,131,Tier 3,Low,Average,7,Call,No Response,Field,0
SFL108703,25187,23307,94,Tier 3,Low,Average,6,Call,Paid,Field,19922
SFL108704,57314,45182,147,Tier 3,Low,Poor,6,Field,No Response,Call,17643
SFL108705,37792,31632,144,Tier 3,Low,Average,1,Call,Refused,Field,12999
SFL108706,98541,43034,333,Tier 2,Low,Good,3,Call,Paid,Call,0
SFL108707,58209,55542,817,Tier 3,Low,Average,2,Legal,Paid,Call,0
SFL108708,197382,97554,138,Tier 3,Medium,Good,4,Call,Refused,Call,0
SFL108709,24152,10372,100,Tier 3,Medium,Average,2,Call,No Response,Field,0
SFL108710,338233,111524,522,Tier 2,Low,Average,16,Call,No Response,Field,0
SFL108711,43632,24674,23,Tier 3,Low,Good,10,Legal,Refused,Call,0
SFL108712,49771,38864,58,Tier 2,Low,Average,7,Call,Promised,Field,22740
SFL108713,53193,27940,158,Tier 1,Medium,Poor,10,Call,No Response,Legal,0
SFL108714,1089460,703819,76,Tier 3,Low,Good,4,Field,Promised,Call,413398
SFL108715,19234,8577,65,Tier 2,Low,Poor,7,Field,No Response,Call,0
SFL108716,33462,26067,90,Tier 2,Medium,Average,8,Call,Promised,Legal,12215
SFL108717,18420,8949,119,Tier 3,Low,Average,3,Call,No Response,Field,7116
SFL108718,332393,183053,46,Tier 1,Medium,Good,1,Call,Paid,Legal,0
SFL108719,40758,15788,36,Tier 3,Low,Average,6,Field,Promised,Field,4910
SFL108720,878195,396935,299,Tier 1,High,Average,8,Call,No Response,Call,284358
SFL108721,39637,37784,436,Tier 3,Low,Average,10,Field,Refused,Legal,14469
SFL108722,132851,86389,68,Tier 1,High,Average,5,Call,No Response,Call,50469
SFL108723,52698,46852,294,Tier 3,Low,Average,12,Field,Promised,Field,11240
SFL108724,306154,105215,262,Tier 3,Medium,Average,8,Call,No Response,Field,81170
SFL108725,42320,14775,606,Tier 1,Low,Average,15,Call,Refused,Legal,0
SFL108726,61655,20527,99,Tier 2,Low,Average,14,Call,Promised,Field,0
SFL108727,26827,20942,40,Tier 1,Low,Poor,8,Call,No Response,Field,0
SFL108728,171654,156687,1,Tier 1,Medium,Good,3,Legal,No Response,Field,0
SFL108729,52713,45745,100,Tier 3,Low,Average,20,Call,Promised,Field,28494
SFL108730,347630,312029,883,Tier 1,Low,Average,7,Call,Promised,Legal,0
SFL108731,70833,48720,518,Tier 3,Low,Poor,3,Call,Refused,Field,0
SFL108732,23906,12936,112,Tier 2,High,Poor,6,Field,Refused,Field,0
SFL108733,1190515,923410,10,Tier 2,Medium,Good,4,Field,Promised,Field,732630
SFL108734,164788,71802,141,Tier 2,High,Average,10,Call,Promised,Legal,29109
SFL108735,576562,427802,270,Tier 2,Low,Average,9,Call,Refused,Field,0
SFL108736,68484,55308,160,Tier 2,High,Good,13,Field,No Response,Field,0
SFL108737,221436,203040,294,Tier 1,Medium,Good,2,Legal,No Response,Legal,77389
SFL108738,1153186,468611,91,Tier 2,Medium,Poor,9,Call,No Response,Call,0
SFL108739,21718,17900,1,Tier 1,Low,Poor,9,Field,No Response,Field,0
SFL108740,173649,109530,212,Tier 1,High,Average,6,Call,No Response,Call,0
SFL108741,1039657,695633,94,Tier 1,Low,Average,3,Legal,Paid,Legal,0
SFL108742,247314,205729,19,Tier 1,Medium,Good,7,Call,Promised,Legal,129727
SFL108743,304303,266839,309,Tier 2,Medium,Average,1,Legal,Refused,Field,0
SFL108744,831359,438908,140,Tier 1,Low,Average,2,Call,Promised,Field,261517
SFL108745,23258,15539,364,Tier 2,Low,Average,9,Legal,Refused,Legal,0
SFL108746,30045,11923,47,Tier 2,Low,Poor,4,Call,Refused,Call,0
SFL108747,39032,14202,252,Tier 3,Medium,Average,4,Field,Promised,Field,0
SFL108748,550091,362762,360,Tier 3,Low,Average,8,Field,No Response,Field,0
SFL108749,1123169,985016,12,Tier 1,Low,Average,4,Call,Promised,Legal,0
SFL108750,50330,28027,94,Tier 1,Medium,Good,4,Field,No Response,Call,0
SFL108751,46411,44866,29,Tier 2,Medium,Poor,3,Call,No Response,Legal,0
SFL108752,671744,285495,56,Tier 1,Medium,Poor,5,Legal,Refused,Legal,0
SFL108753,1046094,607397,169,Tier 2,Low,Poor,2,Call,No Response,Call,0
SFL108754,184367,56010,54,Tier 2,Medium,Poor,10,Field,No Response,Call,0
SFL108755,92163,89148,375,Tier 1,High,Poor,10,Call,No Response,Legal,0
SFL108756,24434,7967,67,Tier 1,Low,Average,4,Call,Paid,Field,0
SFL108757,691420,287576,380,Tier 2,Low,Poor,7,Call,Paid,Call,78010
SFL108758,98979,32032,55,Tier 1,Low,Good,5,Call,Promised,Field,0
SFL108759,33232,18145,83,Tier 2,High,Poor,5,Call,No Response,Field,0
SFL108760,81783,37732,143,Tier 2,Low,Poor,5,Call,Refused,Call,0
SFL108761,65805,50970,147,Tier 1,High,Poor,10,Call,Promised,Call,0
SFL108762,44869,23878,49,Tier 2,Low,Poor,1,Call,No Response,Call,0
SFL108763,902794,767583,157,Tier 2,Medium,Average,15,Field,Promised,Field,0
SFL108764,26410,9673,281,Tier 2,Low,Average,16,Field,Refused,Call,0
SFL108765,483043,316251,157,Tier 2,Medium,Average,6,Field,Refused,Call,0
SFL108766,61869,46539,23,Tier 2,High,Good,14,Field,Promised,Field,38876
SFL108767,29476,19226,185,Tier 1,Low,Average,9,Legal,Refused,Call,0
SFL108768,354302,252292,348,Tier 3,Low,Average,7,Call,No Response,Field,161378
SFL108769,258152,174209,16,Tier 2,Medium,Poor,7,Call,No Response,Call,0
SFL108770,345606,104112,141,Tier 2,Medium,Poor,10,Call,Refused,Legal,0
SFL108771,317555,242460,223,Tier 3,Low,Good,9,Call,Promised,Field,0
SFL108772,1016106,641460,222,Tier 1,Low,Good,8,Call,Promised,Field,412210
SFL108773,65923,39659,24,Tier 1,Low,Poor,8,Legal,No Response,Field,0
SFL108774,1115443,861205,156,Tier 2,Medium,Good,1,Legal,No Response,Call,554483
SFL108775,797634,420940,181,Tier 1,Low,Poor,6,Call,No Response,Legal,0
SFL108776,52948,38921,158,Tier 2,Medium,Good,20,Call,Paid,Field,31783
SFL108777,12827,10218,343,Tier 3,Medium,Average,9,Legal,Refused,Call,3533
SFL108778,47984,29579,247,Tier 1,Medium,Poor,7,Call,Refused,Field,0
SFL108779,146836,118263,147,Tier 1,Low,Average,1,Call,No Response,Call,0
SFL108780,42140,13102,160,Tier 2,Low,Average,7,Legal,Refused,Field,0
SFL108781,297144,215242,143,Tier 1,High,Average,5,Field,Promised,Call,179377
SFL108782,29171,22957,119,Tier 3,Medium,Poor,6,Call,Refused,Call,0
SFL108783,545794,282259,317,Tier 3,Medium,Poor,9,Legal,Refused,Legal,0
SFL108784,45726,14316,76,Tier 1,Low,Average,1,Call,No Response,Field,0
SFL108785,206864,155333,262,Tier 1,Low,Good,17,Legal,Paid,Legal,0
SFL108786,1001125,552666,388,Tier 2,Medium,Poor,18,Call,Refused,Legal,0
SFL108787,50123,20623,260,Tier 2,High,Average,7,Call,No Response,Field,0
SFL108788,59429,54554,285,Tier 2,Medium,Poor,2,Field,Refused,Legal,0
SFL108789,167699,139705,117,Tier 3,Medium,Poor,7,Call,Refused,Call,0
SFL108790,89401,58868,94,Tier 1,Medium,Poor,14,Call,No Response,Call,0
SFL108791,174095,77207,362,Tier 2,Medium,Average,17,Call,Paid,Call,66981
SFL108792,33591,19157,290,Tier 3,High,Average,3,Field,Promised,Field,6326
SFL108793,94895,57920,3,Tier 2,Medium,Good,2,Field,No Response,Call,0
SFL108794,12350,9425,245,Tier 2,Medium,Good,2,Legal,Promised,Field,0
SFL108795,475312,298160,19,Tier 2,High,Poor,6,Legal,Promised,Field,0
SFL108796,730181,282514,528,Tier 1,Low,Poor,8,Legal,Promised,Legal,0
SFL108797,70544,27356,190,Tier 2,Low,Average,2,Call,Refused,Legal,0
SFL108798,31991,15688,82,Tier 3,High,Poor,4,Call,Promised,Call,2888
SFL108799,169605,139239,878,Tier 2,Medium,Average,4,Field,Paid,Field,0
SFL108800,208267,127010,73,Tier 1,Low,Good,8,Call,Promised,Field,79765
SFL108801,79487,27427,45,Tier 1,Medium,Average,5,Legal,Paid,Field,0
SFL108802,902737,549012,127,Tier 3,Low,Average,20,Legal,No Response,Field,0
SFL108803,21105,13328,192,Tier 2,High,Good,2,Field,Promised,Legal,0
SFL108804,48500,32878,147,Tier 3,Low,Average,9,Call,No Response,Call,12299
SFL108805,49427,23388,114,Tier 1,Medium,Good,6,Legal,Promised,Field,0
SFL108806,21797,12491,137,Tier 3,High,Average,2,Field,No Response,Field,0
SFL108807,103011,70471,761,Tier 3,High,Average,1,Field,No Response,Field,0
SFL108808,177050,61817,299,Tier 3,Low,Good,5,Field,Promised,Call,0
SFL108809,61119,56360,62,Tier 2,Medium,Poor,5,Field,No Response,Call,0
SFL108810,47635,21880,348,Tier 1,Low,Average,12,Legal,Paid,Call,14772
SFL108811,208611,137350,206,Tier 2,Low,Poor,8,Call,No Response,Call,0
SFL108812,51712,34854,231,Tier 2,Medium,Average,5,Call,Paid,Field,23520
SFL108813,951887,858295,598,Tier 2,High,Poor,4,Call,Promised,Call,0
SFL108814,24163,12003,139,Tier 3,Low,Poor,7,Call,No Response,Call,0
SFL108815,33821,23911,56,Tier 2,Medium,Average,5,Call,No Response,Field,0
SFL108816,68370,65576,783,Tier 2,Low,Poor,7,Call,No Response,Call,0
SFL108817,188962,116494,146,Tier 3,Low,Poor,7,Call,Promised,Field,0
SFL108818,216782,110885,84,Tier 2,Low,Good,8,Call,No Response,Field,0
SFL108819,23191,9207,709,Tier 2,Low,Poor,3,Field,No Response,Field,0
SFL108820,53230,50467,74,Tier 3,Medium,Average,18,Call,No Response,Field,34064
SFL108821,51618,23197,169,Tier 2,Medium,Good,6,Call,Paid,Call,16965
SFL108822,301232,271863,209,Tier 3,High,Good,5,Call,Promised,Legal,0
SFL108823,267089,212842,827,Tier 1,Medium,Poor,4,Call,Refused,Legal,47151
SFL108824,970709,678801,166,Tier 3,Low,Poor,4,Call,No Response,Legal,0
SFL108825,37610,29920,261,Tier 2,Low,Poor,2,Legal,No Response,Call,0
SFL108826,21185,17326,172,Tier 1,Low,Poor,19,Call,No Response,Field,0
SFL108827,37362,35660,132,Tier 1,Medium,Poor,10,Call,Refused,Field,0
SFL108828,130013,80850,187,Tier 1,Low,Good,2,Call,Promised,Call,0
SFL108829,34379,18824,40,Tier 2,Medium,Good,8,Call,Refused,Field,6656
SFL108830,900188,582719,341,Tier 2,High,Poor,3,Legal,No Response,Field,0
SFL108831,173511,148267,108,Tier 2,Medium,Poor,8,Call,No Response,Call,0
SFL108832,36040,18296,29,Tier 2,Low,Good,3,Call,Promised,Field,11439
SFL108833,346888,189991,151,Tier 3,Medium,Good,5,Call,Paid,Call,146238
SFL108834,75347,42690,128,Tier 1,Low,Average,16,Field,Refused,Field,0
SFL108835,143299,124250,509,Tier 2,Low,Poor,6,Call,No Response,Legal,0
SFL108836,320689,169933,315,Tier 1,Low,Poor,4,Legal,Refused,Field,0
SFL108837,15875,6928,358,Tier 1,Low,Good,5,Call,Promised,Call,4621
SFL108838,69583,62534,98,Tier 1,Low,Poor,10,Field,Promised,Legal,0
SFL108839,69728,30073,85,Tier 3,Low,Poor,5,Call,Refused,Field,0
SFL108840,257659,171888,308,Tier 1,High,Good,7,Call,Promised,Legal,0
SFL108841,305074,105567,250,Tier 2,High,Poor,12,Field,Refused,Call,0
SFL108842,31860,17959,75,Tier 3,Medium,Poor,5,Field,Promised,Legal,7802
SFL108843,188888,166046,84,Tier 2,Low,Poor,4,Legal,Refused,Call,0
SFL108844,323651,128755,69,Tier 2,High,Average,10,Call,Promised,Field,81984
SFL108845,18479,7931,298,Tier 2,High,Average,2,Call,No Response,Field,5104
SFL108846,294581,167026,66,Tier 3,High,Average,2,Field,Refused,Field,0
SFL108847,397912,384879,27,Tier 3,Medium,Average,18,Call,Refused,Field,54624
SFL108848,35983,18578,227,Tier 1,Low,Poor,10,Call,Refused,Call,0
SFL108849,57359,27289,579,Tier 2,Medium,Poor,9,Call,No Response,Legal,0
SFL108850,1011389,634332,685,Tier 2,Low,Average,6,Field,No Response,Legal,0
SFL108851,719302,689040,80,Tier 1,High,Poor,14,Legal,Refused,Call,0
SFL108852,193841,80927,68,Tier 2,Medium,Average,17,Call,Refused,Call,0
SFL108853,21668,16654,90,Tier 2,Low,Good,11,Field,Paid,Field,9703
SFL108854,501549,454906,27,Tier 2,Medium,Poor,6,Call,No Response,Call,0
SFL108855,13522,7514,138,Tier 3,Medium,Average,8,Legal,Promised,Field,3108
SFL108856,44404,35614,119,Tier 3,High,Average,1,Field,No Response,Field,30721
SFL108857,1083719,569329,149,Tier 2,Medium,Average,3,Legal,No Response,Call,0
SFL108858,40866,15461,182,Tier 3,High,Poor,13,Call,No Response,Legal,0
SFL108859,188091,125197,237,Tier 1,Low,Average,4,Call,Paid,Legal,0
SFL108860,1032934,477947,53,Tier 1,High,Average,5,Call,Paid,Call,200169
SFL108861,21596,10442,148,Tier 2,Medium,Average,7,Call,No Response,Field,0
SFL108862,643427,477457,208,Tier 3,Low,Average,5,Legal,Promised,Call,0
SFL108863,1145286,876382,140,Tier 2,Medium,Average,4,Legal,Promised,Call,290831
SFL108864,287132,173934,67,Tier 3,Medium,Good,6,Call,Promised,Field,147277
SFL108865,136957,115214,813,Tier 2,High,Average,6,Field,Paid,Legal,0
SFL108866,229563,179941,786,Tier 3,High,Average,5,Field,No Response,Field,0
SFL108867,19697,16585,885,Tier 1,Low,Poor,10,Call,Paid,Legal,0
SFL108868,176269,158576,182,Tier 1,Medium,Good,10,Legal,Promised,Call,90668
SFL108869,994435,417270,173,Tier 3,Medium,Good,2,Call,Promised,Field,395883
SFL108870,35530,18089,293,Tier 3,High,Poor,8,Field,No Response,Field,0
SFL108871,68480,39350,212,Tier 3,High,Average,4,Legal,Promised,Call,18699
SFL108872,144338,118354,239,Tier 1,Medium,Poor,16,Field,No Response,Field,0
SFL108873,1071043,916678,84,Tier 1,Low,Poor,8,Legal,Refused,Field,0
SFL108874,79200,61025,16,Tier 2,Medium,Poor,5,Call,No Response,Call,0
SFL108875,62874,57142,69,Tier 2,Low,Average,8,Field,No Response,Field,13686
SFL108876,42028,35579,130,Tier 1,Medium,Good,2,Field,Refused,Field,0
SFL108877,166936,136684,158,Tier 1,Low,Average,5,Call,Promised,Field,43170
SFL108878,310481,117580,33,Tier 1,High,Average,7,Call,Refused,Call,0
SFL108879,502103,399065,96,Tier 3,Medium,Good,4,Call,Refused,Legal,0
SFL108880,17423,7963,144,Tier 2,Medium,Poor,1,Call,No Response,Field,0
SFL108881,606098,271758,21,Tier 2,High,Average,1,Legal,No Response,Field,230264
SFL108882,33043,19473,488,Tier 3,Medium,Average,5,Call,No Response,Field,4695
SFL108883,30479,18038,173,Tier 2,Low,Good,6,Field,Paid,Field,10874
SFL108884,804107,619340,229,Tier 2,Medium,Average,1,Legal,Paid,Field,398241
SFL108885,178074,157654,79,Tier 2,Medium,Average,18,Call,Promised,Field,0
SFL108886,295782,185925,207,Tier 2,Low,Average,17,Call,No Response,Field,0
SFL108887,101492,46295,21,Tier 3,Low,Average,4,Field,Refused,Field,0
SFL108888,144090,107082,680,Tier 3,High,Poor,16,Legal,Refused,Field,0
SFL108889,229459,188544,174,Tier 2,High,Average,2,Call,Refused,Field,26865
SFL108890,768517,385954,237,Tier 1,High,Poor,3,Call,Promised,Call,188221
SFL108891,20109,15852,26,Tier 2,Medium,Poor,6,Call,No Response,Legal,0
SFL108892,222168,203664,170,Tier 2,Medium,Good,19,Call,Promised,Call,110631
SFL108893,740410,411060,426,Tier 1,Medium,Good,8,Call,Promised,Legal,312190
SFL108894,736686,286661,220,Tier 3,Medium,Poor,5,Call,Promised,Call,0
SFL108895,294371,219632,120,Tier 2,Low,Good,13,Call,Refused,Field,0
SFL108896,647418,499616,454,Tier 3,Low,Poor,6,Legal,Promised,Legal,263689
SFL108897,120565,49841,165,Tier 3,Medium,Average,1,Call,Paid,Field,0
SFL108898,755042,662804,49,Tier 2,Low,Average,1,Field,Promised,Field,0
SFL108899,32547,14217,111,Tier 1,Medium,Poor,2,Call,Refused,Call,0
SFL108900,19377,12817,330,Tier 2,Low,Poor,8,Call,No Response,Field,6270
SFL108901,68009,22081,875,Tier 2,High,Poor,17,Legal,No Response,Legal,0
SFL108902,1036242,363117,783,Tier 1,Low,Poor,6,Call,No Response,Field,0
SFL108903,61845,45314,258,Tier 3,Low,Average,1,Call,No Response,Field,11115
SFL108904,47159,42578,657,Tier 2,High,Average,4,Field,Promised,Call,0
SFL108905,21813,17159,352,Tier 2,High,Poor,18,Call,No Response,Call,0
SFL108906,57550,20293,138,Tier 2,Medium,Average,3,Field,Refused,Field,0
SFL108907,1186329,469573,10,Tier 1,Medium,Average,4,Call,Promised,Call,0
SFL108908,66368,32731,361,Tier 2,Low,Good,7,Call,Paid,Field,32669
SFL108909,54562,32014,725,Tier 3,High,Average,8,Call,Refused,Legal,0
SFL108910,46791,29672,26,Tier 2,Low,Poor,5,Field,Promised,Field,0
SFL108911,19104,15780,217,Tier 2,Low,Average,4,Call,No Response,Field,0
SFL108912,40854,17372,122,Tier 1,High,Average,4,Field,Promised,Call,9043
SFL108913,867416,632921,233,Tier 2,Medium,Poor,11,Legal,No Response,Field,0
SFL108914,30662,28538,102,Tier 2,Low,Poor,3,Legal,No Response,Call,0
SFL108915,21864,16724,145,Tier 2,Medium,Average,6,Call,No Response,Call,10342
SFL108916,165490,122737,222,Tier 2,Low,Average,9,Field,Paid,Call,48130
SFL108917,311214,299894,229,Tier 2,High,Poor,9,Call,No Response,Call,0
SFL108918,549558,323226,73,Tier 1,Medium,Good,6,Call,No Response,Legal,0
SFL108919,16349,5434,713,Tier 2,Low,Poor,2,Field,Refused,Legal,0
SFL108920,322176,113544,668,Tier 1,Medium,Average,8,Field,No Response,Call,0
SFL108921,57805,43890,134,Tier 2,Low,Good,3,Field,Promised,Field,28741
SFL108922,31289,18087,634,Tier 3,Low,Average,7,Call,Promised,Field,0
SFL108923,636252,436966,197,Tier 2,Low,Good,7,Field,Paid,Call,0
SFL108924,238316,139420,165,Tier 1,Medium,Poor,1,Field,Refused,Field,0
SFL108925,100478,37554,490,Tier 3,Low,Average,11,Call,Promised,Field,0
SFL108926,155845,48378,54,Tier 2,High,Good,3,Field,Promised,Field,25277
SFL108927,267026,113675,703,Tier 2,Low,Poor,7,Call,Refused,Legal,0
SFL108928,12045,7676,169,Tier 2,Low,Average,2,Field,No Response,Call,0
SFL108929,61895,31175,144,Tier 3,Medium,Poor,9,Call,Paid,Field,0
SFL108930,240686,156841,58,Tier 2,Medium,Good,7,Field,No Response,Field,83294
SFL108931,85181,34617,55,Tier 2,High,Good,11,Call,No Response,Field,19875
SFL108932,259900,194422,255,Tier 1,Medium,Poor,2,Field,No Response,Call,0
SFL108933,784752,609727,342,Tier 3,Low,Average,8,Call,Refused,Call,0
SFL108934,223325,157395,7,Tier 3,Low,Average,8,Legal,No Response,Field,117253
SFL108935,73399,38106,165,Tier 3,High,Average,2,Call,Refused,Field,5463
SFL108936,1019104,399890,78,Tier 3,Low,Average,7,Call,Paid,Field,0
SFL108937,22064,17135,124,Tier 2,Medium,Good,1,Field,Promised,Field,17074
SFL108938,35238,31991,227,Tier 2,Medium,Good,18,Call,Promised,Call,0
SFL108939,721483,403812,161,Tier 2,High,Average,3,Field,Promised,Legal,0
SFL108940,40145,29840,176,Tier 2,High,Poor,6,Call,No Response,Legal,0
SFL108941,33715,31880,335,Tier 1,Low,Poor,7,Field,Paid,Field,0
SFL108942,41440,18603,16,Tier 3,High,Average,10,Field,No Response,Field,0
SFL108943,1182999,554622,164,Tier 3,Low,Average,5,Call,No Response,Field,0
SFL108944,82483,57628,17,Tier 1,Low,Poor,10,Legal,Refused,Call,0
SFL108945,725085,387537,203,Tier 2,High,Poor,15,Legal,No Response,Call,0
SFL108946,435381,223678,188,Tier 1,Low,Average,7,Call,Refused,Call,0
SFL108947,68832,24304,3,Tier 3,Low,Poor,9,Field,Refused,Call,0
SFL108948,58009,37584,510,Tier 2,Medium,Poor,20,Call,No Response,Call,0
SFL108949,55298,25586,110,Tier 1,High,Average,9,Field,No Response,Call,0
SFL108950,114106,98036,329,Tier 1,Medium,Average,11,Call,Promised,Field,0
SFL108951,254479,128222,92,Tier 3,Medium,Poor,15,Legal,Paid,Legal,0
SFL108952,64364,49819,243,Tier 3,Medium,Average,5,Legal,Paid,Call,13515
SFL108953,1061660,691118,167,Tier 1,High,Average,7,Legal,No Response,Call,0
SFL108954,12504,3782,4,Tier 1,Low,Good,14,Field,Promised,Call,3404
SFL108955,48305,38202,726,Tier 3,Low,Poor,14,Field,No Response,Field,0
SFL108956,33253,14204,195,Tier 3,High,Average,18,Call,Promised,Field,11868
SFL108957,722585,305149,112,Tier 1,High,Average,5,Field,No Response,Call,172420
SFL108958,56970,28733,96,Tier 2,Low,Average,1,Field,No Response,Field,0
SFL108959,181041,72886,197,Tier 2,Low,Good,10,Field,Paid,Field,64435
SFL108960,346807,266777,549,Tier 1,High,Average,4,Call,No Response,Call,0
SFL108961,171473,140042,169,Tier 2,High,Good,18,Call,No Response,Field,43964
SFL108962,28527,11824,131,Tier 3,High,Poor,9,Field,Refused,Call,0
SFL108963,571396,531378,42,Tier 1,High,Good,6,Legal,Promised,Call,370804
SFL108964,214592,110446,357,Tier 2,Medium,Average,2,Call,Promised,Field,0
SFL108965,36040,26818,72,Tier 2,Medium,Average,8,Legal,No Response,Call,0
SFL108966,516870,308235,27,Tier 3,Medium,Good,13,Legal,Paid,Field,217197
SFL108967,13583,11751,111,Tier 3,High,Poor,10,Call,No Response,Call,0
SFL108968,23220,15993,201,Tier 3,Low,Average,18,Call,Promised,Field,0
SFL108969,39313,21585,662,Tier 3,Low,Poor,7,Call,Refused,Call,0
SFL108970,151055,92597,155,Tier 3,High,Good,19,Field,Promised,Call,68641
SFL108971,634152,358300,541,Tier 3,Medium,Poor,1,Field,Refused,Call,0
SFL108972,15192,5389,104,Tier 2,Medium,Poor,4,Call,No Response,Call,0
SFL108973,28808,19074,228,Tier 1,Medium,Poor,12,Call,No Response,Field,0
SFL108974,68022,54383,83,Tier 3,Low,Poor,3,Call,Refused,Legal,0
SFL108975,846048,631244,66,Tier 2,Medium,Average,9,Field,Promised,Field,261852
SFL108976,28233,24163,192,Tier 2,Low,Poor,8,Call,No Response,Call,0
SFL108977,68668,25550,693,Tier 3,High,Average,12,Call,No Response,Legal,0
SFL108978,73411,56512,135,Tier 3,Low,Average,15,Call,No Response,Legal,0
SFL108979,668892,296767,139,Tier 3,Medium,Poor,6,Legal,No Response,Call,0
SFL108980,665522,524784,13,Tier 2,High,Good,8,Field,Promised,Legal,434875
SFL108981,31288,16701,69,Tier 3,Medium,Poor,5,Call,No Response,Call,0
SFL108982,103429,36143,2,Tier 2,High,Poor,12,Field,No Response,Legal,0
SFL108983,753641,292159,153,Tier 2,Medium,Poor,6,Call,Refused,Field,0
SFL108984,197375,69183,347,Tier 1,Medium,Poor,3,Call,Refused,Call,0
SFL108985,246960,151190,19,Tier 3,Low,Poor,3,Call,Promised,Call,0
SFL108986,249842,78688,848,Tier 1,Low,Average,6,Call,Refused,Call,0
SFL108987,71819,43090,319,Tier 2,Medium,Poor,14,Call,No Response,Field,0
SFL108988,245169,197302,60,Tier 3,Low,Poor,8,Legal,Promised,Field,0
SFL108989,817333,449577,27,Tier 1,High,Good,6,Field,Promised,Field,433086
SFL108990,21553,18393,91,Tier 1,High,Average,2,Field,Promised,Call,0
SFL108991,152601,49260,70,Tier 2,Medium,Poor,14,Call,No Response,Call,0
SFL108992,227217,117961,162,Tier 3,Medium,Poor,6,Call,Refused,Legal,0
SFL108993,16497,5020,314,Tier 1,Medium,Good,1,Call,Refused,Call,1580
SFL108994,734586,674246,119,Tier 1,Low,Poor,4,Field,Refused,Legal,341745
SFL108995,1057049,563515,141,Tier 1,Medium,Average,5,Call,No Response,Field,0
SFL108996,25776,11335,297,Tier 3,Medium,Poor,8,Field,No Response,Field,0
SFL108997,58181,35699,847,Tier 3,Low,Poor,15,Field,No Response,Field,0
SFL108998,263390,85110,47,Tier 2,Low,Average,6,Call,No Response,Field,20428
SFL108999,335747,323263,327,Tier 1,Medium,Good,1,Call,Paid,Call,293341
